[23:09:15] [main/INFO]: Writing debug log file accesstransform.log
[23:09:15] [main/INFO]: Access Transformer processor running version 8.2.14
[23:09:15] [main/INFO]: Command line arguments [--inJar, C:\Users\Vinayak\.gradle\caches\forge_gradle\minecraft_user_repo\net\minecraftforge\forge\1.21.1-52.1.14\forge-1.21.1-52.1.14-injected.jar, --outJar, C:\Users\Vinayak\.gradle\caches\forge_gradle\minecraft_user_repo\net\minecraftforge\forge\1.21.1-52.1.14_mapped_official_1.21.1\forge-1.21.1-52.1.14_mapped_official_1.21.1.jar, --logFile, accesstransform.log, --atFile, C:\Users\Vinayak\Downloads\safewalk_1.21\build\_atJar_4\parent_at.cfg]
[23:09:15] [main/INFO]: Reading from C:\Users\Vinayak\.gradle\caches\forge_gradle\minecraft_user_repo\net\minecraftforge\forge\1.21.1-52.1.14\forge-1.21.1-52.1.14-injected.jar
[23:09:15] [main/INFO]: Writing to C:\Users\Vinayak\.gradle\caches\forge_gradle\minecraft_user_repo\net\minecraftforge\forge\1.21.1-52.1.14_mapped_official_1.21.1\forge-1.21.1-52.1.14_mapped_official_1.21.1.jar
[23:09:15] [main/INFO]: Transformer file C:\Users\Vinayak\Downloads\safewalk_1.21\build\_atJar_4\parent_at.cfg
[23:09:15] [main/WARN]: Found existing output jar C:\Users\Vinayak\.gradle\caches\forge_gradle\minecraft_user_repo\net\minecraftforge\forge\1.21.1-52.1.14_mapped_official_1.21.1\forge-1.21.1-52.1.14_mapped_official_1.21.1.jar, overwriting
[23:09:15] [main/DEBUG]: Loading access transformer parent_at.cfg from path C:\Users\Vinayak\Downloads\safewalk_1.21\build\_atJar_4\parent_at.cfg
[23:09:15] [main/DEBUG]: Loaded access transformer parent_at.cfg from path C:\Users\Vinayak\Downloads\safewalk_1.21\build\_atJar_4\parent_at.cfg
[23:09:15] [main/DEBUG]: Loaded access transformer file C:\Users\Vinayak\Downloads\safewalk_1.21\build\_atJar_4\parent_at.cfg
[23:09:15] [main/DEBUG]: Skipping Lmcp/client/Start;
[23:09:16] [main/DEBUG]: Skipping Lnet/minecraftforge/versions/mcp/MCPVersion;
[23:09:16] [main/DEBUG]: Skipping Lnet/minecraftforge/versions/forge/ForgeVersion;
[23:09:16] [main/DEBUG]: Skipping Lnet/minecraftforge/server/timings/TimeTracker;
[23:09:16] [main/DEBUG]: Skipping Lnet/minecraftforge/server/timings/ForgeTimings;
[23:09:16] [main/DEBUG]: Skipping Lnet/minecraftforge/server/permission/package-info;
[23:09:16] [main/DEBUG]: Skipping Lnet/minecraftforge/server/permission/nodes/PermissionTypes;
[23:09:16] [main/DEBUG]: Skipping Lnet/minecraftforge/server/permission/nodes/PermissionType;
[23:09:16] [main/DEBUG]: Skipping Lnet/minecraftforge/server/permission/nodes/PermissionNode;
[23:09:16] [main/DEBUG]: Skipping Lnet/minecraftforge/server/permission/nodes/PermissionNode$PermissionResolver;
[23:09:16] [main/DEBUG]: Skipping Lnet/minecraftforge/server/permission/nodes/PermissionDynamicContextKey;
[23:09:16] [main/DEBUG]: Skipping Lnet/minecraftforge/server/permission/nodes/PermissionDynamicContext;
[23:09:16] [main/DEBUG]: Skipping Lnet/minecraftforge/server/permission/handler/IPermissionHandlerFactory;
[23:09:16] [main/DEBUG]: Skipping Lnet/minecraftforge/server/permission/handler/IPermissionHandler;
[23:09:16] [main/DEBUG]: Skipping Lnet/minecraftforge/server/permission/handler/DefaultPermissionHandler;
[23:09:16] [main/DEBUG]: Skipping Lnet/minecraftforge/server/permission/exceptions/UnregisteredPermissionException;
[23:09:16] [main/DEBUG]: Skipping Lnet/minecraftforge/server/permission/events/PermissionGatherEvent;
[23:09:16] [main/DEBUG]: Skipping Lnet/minecraftforge/server/permission/events/PermissionGatherEvent$Nodes;
[23:09:16] [main/DEBUG]: Skipping Lnet/minecraftforge/server/permission/events/PermissionGatherEvent$Handler;
[23:09:16] [main/DEBUG]: Skipping Lnet/minecraftforge/server/permission/PermissionAPI;
[23:09:16] [main/DEBUG]: Skipping Lnet/minecraftforge/server/loading/ServerModLoader;
[23:09:16] [main/DEBUG]: Skipping Lnet/minecraftforge/server/console/TerminalHandler;
[23:09:16] [main/DEBUG]: Skipping Lnet/minecraftforge/server/console/ConsoleCommandCompleter;
[23:09:16] [main/DEBUG]: Skipping Lnet/minecraftforge/server/command/package-info;
[23:09:16] [main/DEBUG]: Skipping Lnet/minecraftforge/server/command/TrackCommand;
[23:09:16] [main/DEBUG]: Skipping Lnet/minecraftforge/server/command/TrackCommand$TrackResultsEntity;
[23:09:16] [main/DEBUG]: Skipping Lnet/minecraftforge/server/command/TrackCommand$TrackResultsBlockEntity;
[23:09:16] [main/DEBUG]: Skipping Lnet/minecraftforge/server/command/TrackCommand$TrackResults;
[23:09:16] [main/DEBUG]: Skipping Lnet/minecraftforge/server/command/TrackCommand$StartTrackingCommand;
[23:09:16] [main/DEBUG]: Skipping Lnet/minecraftforge/server/command/TrackCommand$ResetTrackingCommand;
[23:09:16] [main/DEBUG]: Skipping Lnet/minecraftforge/server/command/TextComponentHelper;
[23:09:16] [main/DEBUG]: Skipping Lnet/minecraftforge/server/command/TagsCommand;
[23:09:16] [main/DEBUG]: Skipping Lnet/minecraftforge/server/command/TPSCommand;
[23:09:16] [main/DEBUG]: Skipping Lnet/minecraftforge/server/command/ModListCommand;
[23:09:16] [main/DEBUG]: Skipping Lnet/minecraftforge/server/command/ModIdArgument;
[23:09:16] [main/DEBUG]: Skipping Lnet/minecraftforge/server/command/GenerateCommand;
[23:09:16] [main/DEBUG]: Skipping Lnet/minecraftforge/server/command/ForgeCommand;
[23:09:16] [main/DEBUG]: Skipping Lnet/minecraftforge/server/command/EnumArgument;
[23:09:16] [main/DEBUG]: Skipping Lnet/minecraftforge/server/command/EnumArgument$Info;
[23:09:16] [main/DEBUG]: Skipping Lnet/minecraftforge/server/command/EnumArgument$Info$Template;
[23:09:16] [main/DEBUG]: Skipping Lnet/minecraftforge/server/command/EntityCommand;
[23:09:16] [main/DEBUG]: Skipping Lnet/minecraftforge/server/command/EntityCommand$EntityListCommand;
[23:09:16] [main/DEBUG]: Skipping Lnet/minecraftforge/server/command/DimensionsCommand;
[23:09:16] [main/DEBUG]: Skipping Lnet/minecraftforge/server/command/ConfigCommand;
[23:09:16] [main/DEBUG]: Skipping Lnet/minecraftforge/server/command/ConfigCommand$ShowFile;
[23:09:16] [main/DEBUG]: Skipping Lnet/minecraftforge/server/command/CommandHelper;
[23:09:16] [main/DEBUG]: Skipping Lnet/minecraftforge/server/command/ChunkGenWorker;
[23:09:16] [main/DEBUG]: Skipping Lnet/minecraftforge/server/ServerLifecycleHooks;
[23:09:16] [main/DEBUG]: Skipping Lnet/minecraftforge/server/LanguageHook;
[23:09:16] [main/DEBUG]: Skipping Lnet/minecraftforge/resource/package-info;
[23:09:16] [main/DEBUG]: Skipping Lnet/minecraftforge/resource/ResourcePackLoader;
[23:09:16] [main/DEBUG]: Skipping Lnet/minecraftforge/resource/DelegatingPackResources;
[23:09:16] [main/DEBUG]: Skipping Lnet/minecraftforge/resource/DelegatingPackResources$Supplier;
[23:09:16] [main/DEBUG]: Skipping Lnet/minecraftforge/registries/tags/ITagManager;
[23:09:16] [main/DEBUG]: Skipping Lnet/minecraftforge/registries/tags/ITag;
[23:09:16] [main/DEBUG]: Skipping Lnet/minecraftforge/registries/tags/IReverseTag;
[23:09:16] [main/DEBUG]: Skipping Lnet/minecraftforge/registries/holdersets/OrHolderSet;
[23:09:16] [main/DEBUG]: Skipping Lnet/minecraftforge/registries/holdersets/NotHolderSet;
[23:09:16] [main/DEBUG]: Skipping Lnet/minecraftforge/registries/holdersets/ICustomHolderSet;
[23:09:16] [main/DEBUG]: Skipping Lnet/minecraftforge/registries/holdersets/HolderSetType;
[23:09:16] [main/DEBUG]: Skipping Lnet/minecraftforge/registries/holdersets/CompositeHolderSet;
[23:09:16] [main/DEBUG]: Skipping Lnet/minecraftforge/registries/holdersets/AnyHolderSet;
[23:09:16] [main/DEBUG]: Skipping Lnet/minecraftforge/registries/holdersets/AndHolderSet;
[23:09:16] [main/DEBUG]: Skipping Lnet/minecraftforge/registries/RegistryObject;
[23:09:16] [main/DEBUG]: Skipping Lnet/minecraftforge/registries/RegistryObject$1;
[23:09:16] [main/DEBUG]: Skipping Lnet/minecraftforge/registries/RegistryManager;
[23:09:16] [main/DEBUG]: Skipping Lnet/minecraftforge/registries/RegistryBuilder;
[23:09:16] [main/DEBUG]: Skipping Lnet/minecraftforge/registries/RegisterEvent;
[23:09:16] [main/DEBUG]: Skipping Lnet/minecraftforge/registries/RegisterEvent$RegisterHelper;
[23:09:16] [main/DEBUG]: Skipping Lnet/minecraftforge/registries/ObjectHolderRegistry;
[23:09:16] [main/DEBUG]: Skipping Lnet/minecraftforge/registries/ObjectHolderRegistry$VanillaObjectHolderData;
[23:09:16] [main/DEBUG]: Skipping Lnet/minecraftforge/registries/ObjectHolderRef;
[23:09:16] [main/DEBUG]: Skipping Lnet/minecraftforge/registries/ObjectHolder;
[23:09:16] [main/DEBUG]: Skipping Lnet/minecraftforge/registries/NewRegistryEvent;
[23:09:16] [main/DEBUG]: Skipping Lnet/minecraftforge/registries/NewRegistryEvent$RegistryHolder;
[23:09:16] [main/DEBUG]: Skipping Lnet/minecraftforge/registries/NewRegistryEvent$RegistryData;
[23:09:16] [main/DEBUG]: Skipping Lnet/minecraftforge/registries/NamespacedWrapper;
[23:09:16] [main/DEBUG]: Skipping Lnet/minecraftforge/registries/NamespacedWrapper$1;
[23:09:16] [main/DEBUG]: Skipping Lnet/minecraftforge/registries/NamespacedDefaultedWrapper;
[23:09:16] [main/DEBUG]: Skipping Lnet/minecraftforge/registries/MissingMappingsEvent;
[23:09:16] [main/DEBUG]: Skipping Lnet/minecraftforge/registries/MissingMappingsEvent$Mapping;
[23:09:16] [main/DEBUG]: Skipping Lnet/minecraftforge/registries/MissingMappingsEvent$Action;
[23:09:16] [main/DEBUG]: Skipping Lnet/minecraftforge/registries/IdMappingEvent;
[23:09:16] [main/DEBUG]: Skipping Lnet/minecraftforge/registries/IdMappingEvent$ModRemapping;
[23:09:16] [main/DEBUG]: Skipping Lnet/minecraftforge/registries/IdMappingEvent$IdRemapping;
[23:09:16] [main/DEBUG]: Skipping Lnet/minecraftforge/registries/ILockableRegistry;
[23:09:16] [main/DEBUG]: Skipping Lnet/minecraftforge/registries/IForgeRegistryModifiable;
[23:09:16] [main/DEBUG]: Skipping Lnet/minecraftforge/registries/IForgeRegistryInternal;
[23:09:16] [main/DEBUG]: Skipping Lnet/minecraftforge/registries/IForgeRegistry;
[23:09:16] [main/DEBUG]: Skipping Lnet/minecraftforge/registries/IForgeRegistry$ValidateCallback;
[23:09:16] [main/DEBUG]: Skipping Lnet/minecraftforge/registries/IForgeRegistry$SlaveKey;
[23:09:16] [main/DEBUG]: Skipping Lnet/minecraftforge/registries/IForgeRegistry$MissingFactory;
[23:09:16] [main/DEBUG]: Skipping Lnet/minecraftforge/registries/IForgeRegistry$CreateCallback;
[23:09:16] [main/DEBUG]: Skipping Lnet/minecraftforge/registries/IForgeRegistry$ClearCallback;
[23:09:16] [main/DEBUG]: Skipping Lnet/minecraftforge/registries/IForgeRegistry$BakeCallback;
[23:09:16] [main/DEBUG]: Skipping Lnet/minecraftforge/registries/IForgeRegistry$AddCallback;
[23:09:16] [main/DEBUG]: Skipping Lnet/minecraftforge/registries/GameData;
[23:09:16] [main/DEBUG]: Skipping Lnet/minecraftforge/registries/GameData$WrapperFactory;
[23:09:16] [main/DEBUG]: Skipping Lnet/minecraftforge/registries/GameData$PoiTypeCallbacks;
[23:09:16] [main/DEBUG]: Skipping Lnet/minecraftforge/registries/GameData$ItemCallbacks;
[23:09:16] [main/DEBUG]: Skipping Lnet/minecraftforge/registries/GameData$ClearableObjectIntIdentityMap;
[23:09:16] [main/DEBUG]: Skipping Lnet/minecraftforge/registries/GameData$BlockCallbacks;
[23:09:16] [main/DEBUG]: Skipping Lnet/minecraftforge/registries/GameData$BlockCallbacks$1;
[23:09:16] [main/DEBUG]: Skipping Lnet/minecraftforge/registries/GameData$AttributeCallbacks;
[23:09:16] [main/DEBUG]: Skipping Lnet/minecraftforge/registries/GameData$1;
[23:09:16] [main/DEBUG]: Skipping Lnet/minecraftforge/registries/ForgeRegistryTagManager;
[23:09:16] [main/DEBUG]: Skipping Lnet/minecraftforge/registries/ForgeRegistryTag;
[23:09:16] [main/DEBUG]: Skipping Lnet/minecraftforge/registries/ForgeRegistry;
[23:09:16] [main/DEBUG]: Skipping Lnet/minecraftforge/registries/ForgeRegistry$Snapshot;
[23:09:16] [main/DEBUG]: Skipping Lnet/minecraftforge/registries/ForgeRegistry$RegistryCodec;
[23:09:16] [main/DEBUG]: Skipping Lnet/minecraftforge/registries/ForgeRegistry$OverrideOwner;
[23:09:16] [main/DEBUG]: Skipping Lnet/minecraftforge/registries/ForgeRegistry$DumpRow;
[23:09:16] [main/DEBUG]: Skipping Lnet/minecraftforge/registries/ForgeRegistry$1;
[23:09:16] [main/DEBUG]: Skipping Lnet/minecraftforge/registries/ForgeRegistries;
[23:09:16] [main/DEBUG]: Skipping Lnet/minecraftforge/registries/ForgeRegistries$Keys;
[23:09:16] [main/DEBUG]: Skipping Lnet/minecraftforge/registries/ForgeDeferredRegistriesSetup;
[23:09:16] [main/DEBUG]: Skipping Lnet/minecraftforge/registries/DeferredRegister;
[23:09:16] [main/DEBUG]: Skipping Lnet/minecraftforge/registries/DeferredRegister$RegistryHolder;
[23:09:16] [main/DEBUG]: Skipping Lnet/minecraftforge/registries/DeferredRegister$EventDispatcher;
[23:09:16] [main/DEBUG]: Skipping Lnet/minecraftforge/registries/DataPackRegistryEvent;
[23:09:16] [main/DEBUG]: Skipping Lnet/minecraftforge/registries/DataPackRegistryEvent$NewRegistry;
[23:09:16] [main/DEBUG]: Skipping Lnet/minecraftforge/registries/DataPackRegistryEvent$DataPackRegistryData;
[23:09:16] [main/DEBUG]: Skipping Lnet/minecraftforge/registries/DataPackRegistriesHooks;
[23:09:16] [main/DEBUG]: Skipping Lnet/minecraftforge/network/tasks/SyncRegistriesTask;
[23:09:16] [main/DEBUG]: Skipping Lnet/minecraftforge/network/tasks/SyncConfigTask;
[23:09:16] [main/DEBUG]: Skipping Lnet/minecraftforge/network/tasks/RegisterChannelsTask;
[23:09:16] [main/DEBUG]: Skipping Lnet/minecraftforge/network/tasks/ModVersionsTask;
[23:09:16] [main/DEBUG]: Skipping Lnet/minecraftforge/network/tasks/ForgeNetworkConfigurationHandler;
[23:09:16] [main/DEBUG]: Skipping Lnet/minecraftforge/network/tasks/ChannelVersionsTask;
[23:09:16] [main/DEBUG]: Skipping Lnet/minecraftforge/network/simple/handler/SimplePacket;
[23:09:16] [main/DEBUG]: Skipping Lnet/minecraftforge/network/simple/handler/SimpleHandlerProtocol;
[23:09:16] [main/DEBUG]: Skipping Lnet/minecraftforge/network/simple/handler/SimpleHandlerFlow;
[23:09:16] [main/DEBUG]: Skipping Lnet/minecraftforge/network/simple/SimpleProtocol;
[23:09:16] [main/DEBUG]: Skipping Lnet/minecraftforge/network/simple/SimpleFlow;
[23:09:16] [main/DEBUG]: Skipping Lnet/minecraftforge/network/simple/SimpleConnection;
[23:09:16] [main/DEBUG]: Skipping Lnet/minecraftforge/network/simple/SimpleBuildable;
[23:09:16] [main/DEBUG]: Skipping Lnet/minecraftforge/network/simple/BaseProtocol;
[23:09:16] [main/DEBUG]: Skipping Lnet/minecraftforge/network/payload/handler/PayloadHandlerProtocol;
[23:09:16] [main/DEBUG]: Skipping Lnet/minecraftforge/network/payload/handler/PayloadHandlerFlow;
[23:09:16] [main/DEBUG]: Skipping Lnet/minecraftforge/network/payload/PayloadProtocol;
[23:09:16] [main/DEBUG]: Skipping Lnet/minecraftforge/network/payload/PayloadFlow;
[23:09:16] [main/DEBUG]: Skipping Lnet/minecraftforge/network/payload/PayloadConnection;
[23:09:16] [main/DEBUG]: Skipping Lnet/minecraftforge/network/packets/SpawnEntity;
[23:09:16] [main/DEBUG]: Skipping Lnet/minecraftforge/network/packets/RegistryList;
[23:09:16] [main/DEBUG]: Skipping Lnet/minecraftforge/network/packets/RegistryData;
[23:09:16] [main/DEBUG]: Skipping Lnet/minecraftforge/network/packets/OpenContainer;
[23:09:16] [main/DEBUG]: Skipping Lnet/minecraftforge/network/packets/ModVersions;
[23:09:16] [main/DEBUG]: Skipping Lnet/minecraftforge/network/packets/ModVersions$Info;
[23:09:16] [main/DEBUG]: Skipping Lnet/minecraftforge/network/packets/MismatchData;
[23:09:16] [main/DEBUG]: Skipping Lnet/minecraftforge/network/packets/LoginWrapper;
[23:09:16] [main/DEBUG]: Skipping Lnet/minecraftforge/network/packets/ConfigData;
[23:09:16] [main/DEBUG]: Skipping Lnet/minecraftforge/network/packets/ChannelVersions;
[23:09:16] [main/DEBUG]: Skipping Lnet/minecraftforge/network/packets/Acknowledge;
[23:09:16] [main/DEBUG]: Skipping Lnet/minecraftforge/network/filters/VanillaPacketFilter;
[23:09:16] [main/DEBUG]: Skipping Lnet/minecraftforge/network/filters/VanillaConnectionNetworkFilter;
[23:09:16] [main/DEBUG]: Skipping Lnet/minecraftforge/network/filters/NetworkFilters;
[23:09:16] [main/DEBUG]: Skipping Lnet/minecraftforge/network/filters/CommandTreeCleaner;
[23:09:16] [main/DEBUG]: Skipping Lnet/minecraftforge/network/config/SimpleConfigurationTask;
[23:09:16] [main/DEBUG]: Skipping Lnet/minecraftforge/network/config/ConfigurationTaskContext;
[23:09:16] [main/DEBUG]: Skipping Lnet/minecraftforge/network/SimpleChannel;
[23:09:16] [main/DEBUG]: Skipping Lnet/minecraftforge/network/SimpleChannel$SimpleContext;
[23:09:16] [main/DEBUG]: Skipping Lnet/minecraftforge/network/SimpleChannel$ProtocolFactory;
[23:09:16] [main/DEBUG]: Skipping Lnet/minecraftforge/network/SimpleChannel$Protocol;
[23:09:16] [main/DEBUG]: Skipping Lnet/minecraftforge/network/SimpleChannel$MessageBuilder;
[23:09:16] [main/DEBUG]: Skipping Lnet/minecraftforge/network/SimpleChannel$MessageBuilder$ToBooleanTriFunction;
[23:09:16] [main/DEBUG]: Skipping Lnet/minecraftforge/network/SimpleChannel$MessageBuilder$ToBooleanBiFunction;
[23:09:16] [main/DEBUG]: Skipping Lnet/minecraftforge/network/SimpleChannel$Message;
[23:09:16] [main/DEBUG]: Skipping Lnet/minecraftforge/network/SimpleChannel$HandlerProtocol;
[23:09:16] [main/DEBUG]: Skipping Lnet/minecraftforge/network/SimpleChannel$HandlerFlow;
[23:09:16] [main/DEBUG]: Skipping Lnet/minecraftforge/network/SimpleChannel$Flow;
[23:09:16] [main/DEBUG]: Skipping Lnet/minecraftforge/network/ServerStatusPing;
[23:09:16] [main/DEBUG]: Skipping Lnet/minecraftforge/network/ServerStatusPing$ModInfo;
[23:09:16] [main/DEBUG]: Skipping Lnet/minecraftforge/network/ServerStatusPing$ChannelData;
[23:09:16] [main/DEBUG]: Skipping Lnet/minecraftforge/network/PayloadChannel;
[23:09:16] [main/DEBUG]: Skipping Lnet/minecraftforge/network/PayloadChannel$Message;
[23:09:16] [main/DEBUG]: Skipping Lnet/minecraftforge/network/PayloadChannel$Builder;
[23:09:16] [main/DEBUG]: Skipping Lnet/minecraftforge/network/PayloadChannel$Builder$ProtocolFactory;
[23:09:16] [main/DEBUG]: Skipping Lnet/minecraftforge/network/PayloadChannel$Builder$Protocol;
[23:09:16] [main/DEBUG]: Skipping Lnet/minecraftforge/network/PayloadChannel$Builder$HandlerProtocol;
[23:09:16] [main/DEBUG]: Skipping Lnet/minecraftforge/network/PayloadChannel$Builder$HandlerFlow;
[23:09:16] [main/DEBUG]: Skipping Lnet/minecraftforge/network/PayloadChannel$Builder$Flow;
[23:09:16] [main/DEBUG]: Skipping Lnet/minecraftforge/network/PayloadChannel$Builder$BuilderContext;
[23:09:16] [main/DEBUG]: Skipping Lnet/minecraftforge/network/PacketDistributor;
[23:09:16] [main/DEBUG]: Skipping Lnet/minecraftforge/network/PacketDistributor$TargetPoint;
[23:09:16] [main/DEBUG]: Skipping Lnet/minecraftforge/network/PacketDistributor$PacketTarget;
[23:09:16] [main/DEBUG]: Skipping Lnet/minecraftforge/network/NetworkRegistry;
[23:09:16] [main/DEBUG]: Skipping Lnet/minecraftforge/network/NetworkProtocol;
[23:09:16] [main/DEBUG]: Skipping Lnet/minecraftforge/network/NetworkProtocol$1;
[23:09:16] [main/DEBUG]: Skipping Lnet/minecraftforge/network/NetworkInstance;
[23:09:16] [main/DEBUG]: Skipping Lnet/minecraftforge/network/NetworkInitialization;
[23:09:16] [main/DEBUG]: Skipping Lnet/minecraftforge/network/NetworkInitialization$Handler;
[23:09:16] [main/DEBUG]: Skipping Lnet/minecraftforge/network/NetworkDirection;
[23:09:16] [main/DEBUG]: Skipping Lnet/minecraftforge/network/NetworkContext;
[23:09:16] [main/DEBUG]: Skipping Lnet/minecraftforge/network/NetworkContext$NetworkMismatchData;
[23:09:16] [main/DEBUG]: Skipping Lnet/minecraftforge/network/NetworkContext$NetworkMismatchData$Version;
[23:09:16] [main/DEBUG]: Skipping Lnet/minecraftforge/network/IContainerFactory;
[23:09:16] [main/DEBUG]: Skipping Lnet/minecraftforge/network/ForgePayload;
[23:09:16] [main/DEBUG]: Skipping Lnet/minecraftforge/network/ForgePacketHandler;
[23:09:16] [main/DEBUG]: Skipping Lnet/minecraftforge/network/EventNetworkChannel;
[23:09:16] [main/DEBUG]: Skipping Lnet/minecraftforge/network/DualStackUtils;
[23:09:16] [main/DEBUG]: Skipping Lnet/minecraftforge/network/ConnectionType;
[23:09:16] [main/DEBUG]: Skipping Lnet/minecraftforge/network/ChannelListManager;
[23:09:16] [main/DEBUG]: Skipping Lnet/minecraftforge/network/ChannelListManager$Unregister;
[23:09:16] [main/DEBUG]: Skipping Lnet/minecraftforge/network/ChannelListManager$Register;
[23:09:16] [main/DEBUG]: Skipping Lnet/minecraftforge/network/ChannelBuilder;
[23:09:16] [main/DEBUG]: Skipping Lnet/minecraftforge/network/ChannelBuildable;
[23:09:16] [main/DEBUG]: Skipping Lnet/minecraftforge/network/Channel;
[23:09:16] [main/DEBUG]: Skipping Lnet/minecraftforge/network/Channel$VersionTest;
[23:09:16] [main/DEBUG]: Skipping Lnet/minecraftforge/network/Channel$VersionTest$Status;
[23:09:16] [main/DEBUG]: Skipping Lnet/minecraftforge/network/Channel$1;
[23:09:16] [main/DEBUG]: Skipping Lnet/minecraftforge/logging/CrashReportExtender;
[23:09:16] [main/DEBUG]: Skipping Lnet/minecraftforge/logging/CrashReportAnalyser;
[23:09:16] [main/DEBUG]: Skipping Lnet/minecraftforge/items/wrapper/SidedInvWrapper;
[23:09:16] [main/DEBUG]: Skipping Lnet/minecraftforge/items/wrapper/SidedInvWrapper$InsertLimit;
[23:09:16] [main/DEBUG]: Skipping Lnet/minecraftforge/items/wrapper/RecipeWrapper;
[23:09:16] [main/DEBUG]: Skipping Lnet/minecraftforge/items/wrapper/RangedWrapper;
[23:09:16] [main/DEBUG]: Skipping Lnet/minecraftforge/items/wrapper/PlayerOffhandInvWrapper;
[23:09:16] [main/DEBUG]: Skipping Lnet/minecraftforge/items/wrapper/PlayerMainInvWrapper;
[23:09:16] [main/DEBUG]: Skipping Lnet/minecraftforge/items/wrapper/PlayerInvWrapper;
[23:09:16] [main/DEBUG]: Skipping Lnet/minecraftforge/items/wrapper/PlayerArmorInvWrapper;
[23:09:16] [main/DEBUG]: Skipping Lnet/minecraftforge/items/wrapper/InvWrapper;
[23:09:16] [main/DEBUG]: Skipping Lnet/minecraftforge/items/wrapper/EntityHandsInvWrapper;
[23:09:16] [main/DEBUG]: Skipping Lnet/minecraftforge/items/wrapper/EntityEquipmentInvWrapper;
[23:09:16] [main/DEBUG]: Skipping Lnet/minecraftforge/items/wrapper/EntityArmorInvWrapper;
[23:09:16] [main/DEBUG]: Skipping Lnet/minecraftforge/items/wrapper/EmptyHandler;
[23:09:16] [main/DEBUG]: Skipping Lnet/minecraftforge/items/wrapper/CombinedInvWrapper;
[23:09:16] [main/DEBUG]: Skipping Lnet/minecraftforge/items/VanillaInventoryCodeHooks;
[23:09:16] [main/DEBUG]: Skipping Lnet/minecraftforge/items/VanillaHopperItemHandler;
[23:09:16] [main/DEBUG]: Skipping Lnet/minecraftforge/items/SlotItemHandler;
[23:09:16] [main/DEBUG]: Skipping Lnet/minecraftforge/items/ItemStackHandler;
[23:09:16] [main/DEBUG]: Skipping Lnet/minecraftforge/items/ItemHandlerHelper;
[23:09:16] [main/DEBUG]: Skipping Lnet/minecraftforge/items/IItemHandlerModifiable;
[23:09:16] [main/DEBUG]: Skipping Lnet/minecraftforge/items/IItemHandler;
[23:09:16] [main/DEBUG]: Skipping Lnet/minecraftforge/internal/TextComponentMessageFormatHandler;
[23:09:16] [main/DEBUG]: Skipping Lnet/minecraftforge/internal/ForgeBindings;
[23:09:16] [main/DEBUG]: Skipping Lnet/minecraftforge/internal/ForgeBindings$LazyInit;
[23:09:16] [main/DEBUG]: Skipping Lnet/minecraftforge/internal/ForgeBindings$LazyInit$1;
[23:09:16] [main/DEBUG]: Skipping Lnet/minecraftforge/internal/BrandingControl;
[23:09:16] [main/DEBUG]: Skipping Lnet/minecraftforge/internal/BrandingControl$1LazyInit;
[23:09:16] [main/DEBUG]: Skipping Lnet/minecraftforge/gametest/GameTestPrefix;
[23:09:16] [main/DEBUG]: Skipping Lnet/minecraftforge/gametest/GameTestMain;
[23:09:16] [main/DEBUG]: Skipping Lnet/minecraftforge/gametest/GameTestHolder;
[23:09:16] [main/DEBUG]: Skipping Lnet/minecraftforge/gametest/GameTestDontPrefix;
[23:09:16] [main/DEBUG]: Skipping Lnet/minecraftforge/gametest/ForgeGameTestHooks;
[23:09:16] [main/DEBUG]: Skipping Lnet/minecraftforge/gametest/BlockPosValueConverter;
[23:09:16] [main/DEBUG]: Skipping Lnet/minecraftforge/fml/event/lifecycle/ParallelDispatchEvent;
[23:09:16] [main/DEBUG]: Skipping Lnet/minecraftforge/fml/event/lifecycle/ModLifecycleEvent;
[23:09:16] [main/DEBUG]: Skipping Lnet/minecraftforge/fml/event/lifecycle/InterModProcessEvent;
[23:09:16] [main/DEBUG]: Skipping Lnet/minecraftforge/fml/event/lifecycle/InterModEnqueueEvent;
[23:09:16] [main/DEBUG]: Skipping Lnet/minecraftforge/fml/event/lifecycle/FMLLoadCompleteEvent;
[23:09:16] [main/DEBUG]: Skipping Lnet/minecraftforge/fml/event/lifecycle/FMLDedicatedServerSetupEvent;
[23:09:16] [main/DEBUG]: Skipping Lnet/minecraftforge/fml/event/lifecycle/FMLConstructModEvent;
[23:09:16] [main/DEBUG]: Skipping Lnet/minecraftforge/fml/event/lifecycle/FMLCommonSetupEvent;
[23:09:16] [main/DEBUG]: Skipping Lnet/minecraftforge/fml/event/lifecycle/FMLClientSetupEvent;
[23:09:16] [main/DEBUG]: Skipping Lnet/minecraftforge/fml/event/config/ModConfigEvent;
[23:09:16] [main/DEBUG]: Skipping Lnet/minecraftforge/fml/event/config/ModConfigEvent$Unloading;
[23:09:16] [main/DEBUG]: Skipping Lnet/minecraftforge/fml/event/config/ModConfigEvent$Reloading;
[23:09:16] [main/DEBUG]: Skipping Lnet/minecraftforge/fml/event/config/ModConfigEvent$Loading;
[23:09:16] [main/DEBUG]: Skipping Lnet/minecraftforge/fml/core/ParallelTransition;
[23:09:16] [main/DEBUG]: Skipping Lnet/minecraftforge/fml/core/ModStateProvider;
[23:09:16] [main/DEBUG]: Skipping Lnet/minecraftforge/fluids/capability/wrappers/FluidBucketWrapper;
[23:09:16] [main/DEBUG]: Skipping Lnet/minecraftforge/fluids/capability/wrappers/FluidBlockWrapper;
[23:09:16] [main/DEBUG]: Skipping Lnet/minecraftforge/fluids/capability/wrappers/BucketPickupHandlerWrapper;
[23:09:16] [main/DEBUG]: Skipping Lnet/minecraftforge/fluids/capability/wrappers/BlockWrapper;
[23:09:16] [main/DEBUG]: Skipping Lnet/minecraftforge/fluids/capability/wrappers/BlockWrapper$LiquidContainerBlockWrapper;
[23:09:16] [main/DEBUG]: Skipping Lnet/minecraftforge/fluids/capability/templates/VoidFluidHandler;
[23:09:16] [main/DEBUG]: Skipping Lnet/minecraftforge/fluids/capability/templates/FluidTank;
[23:09:16] [main/DEBUG]: Skipping Lnet/minecraftforge/fluids/capability/templates/EmptyFluidHandler;
[23:09:16] [main/DEBUG]: Skipping Lnet/minecraftforge/fluids/capability/IFluidHandlerItem;
[23:09:16] [main/DEBUG]: Skipping Lnet/minecraftforge/fluids/capability/IFluidHandler;
[23:09:16] [main/DEBUG]: Skipping Lnet/minecraftforge/fluids/capability/IFluidHandler$FluidAction;
[23:09:16] [main/DEBUG]: Skipping Lnet/minecraftforge/fluids/capability/FluidHandlerBlockEntity;
[23:09:16] [main/DEBUG]: Skipping Lnet/minecraftforge/fluids/IFluidTank;
[23:09:16] [main/DEBUG]: Skipping Lnet/minecraftforge/fluids/IFluidBlock;
[23:09:16] [main/DEBUG]: Skipping Lnet/minecraftforge/fluids/ForgeFlowingFluid;
[23:09:16] [main/DEBUG]: Skipping Lnet/minecraftforge/fluids/ForgeFlowingFluid$Source;
[23:09:16] [main/DEBUG]: Skipping Lnet/minecraftforge/fluids/ForgeFlowingFluid$Properties;
[23:09:16] [main/DEBUG]: Skipping Lnet/minecraftforge/fluids/ForgeFlowingFluid$Flowing;
[23:09:16] [main/DEBUG]: Skipping Lnet/minecraftforge/fluids/FluidUtil;
[23:09:16] [main/DEBUG]: Skipping Lnet/minecraftforge/fluids/FluidType;
[23:09:16] [main/DEBUG]: Skipping Lnet/minecraftforge/fluids/FluidType$Properties;
[23:09:16] [main/DEBUG]: Skipping Lnet/minecraftforge/fluids/FluidStack;
[23:09:16] [main/DEBUG]: Skipping Lnet/minecraftforge/fluids/FluidInteractionRegistry;
[23:09:16] [main/DEBUG]: Skipping Lnet/minecraftforge/fluids/FluidInteractionRegistry$InteractionInformation;
[23:09:16] [main/DEBUG]: Skipping Lnet/minecraftforge/fluids/FluidInteractionRegistry$HasFluidInteraction;
[23:09:16] [main/DEBUG]: Skipping Lnet/minecraftforge/fluids/FluidInteractionRegistry$FluidInteraction;
[23:09:16] [main/DEBUG]: Skipping Lnet/minecraftforge/fluids/FluidActionResult;
[23:09:16] [main/DEBUG]: Skipping Lnet/minecraftforge/fluids/DispenseFluidContainer;
[23:09:16] [main/DEBUG]: Skipping Lnet/minecraftforge/event/village/WandererTradesEvent;
[23:09:16] [main/DEBUG]: Skipping Lnet/minecraftforge/event/village/VillagerTradesEvent;
[23:09:16] [main/DEBUG]: Skipping Lnet/minecraftforge/event/village/VillageSiegeEvent;
[23:09:16] [main/DEBUG]: Skipping Lnet/minecraftforge/event/server/ServerStoppingEvent;
[23:09:16] [main/DEBUG]: Skipping Lnet/minecraftforge/event/server/ServerStoppedEvent;
[23:09:16] [main/DEBUG]: Skipping Lnet/minecraftforge/event/server/ServerStartingEvent;
[23:09:16] [main/DEBUG]: Skipping Lnet/minecraftforge/event/server/ServerStartedEvent;
[23:09:16] [main/DEBUG]: Skipping Lnet/minecraftforge/event/server/ServerLifecycleEvent;
[23:09:16] [main/DEBUG]: Skipping Lnet/minecraftforge/event/server/ServerAboutToStartEvent;
[23:09:16] [main/DEBUG]: Skipping Lnet/minecraftforge/event/network/GatherLoginConfigurationTasksEvent;
[23:09:16] [main/DEBUG]: Skipping Lnet/minecraftforge/event/network/CustomPayloadEvent;
[23:09:16] [main/DEBUG]: Skipping Lnet/minecraftforge/event/network/CustomPayloadEvent$Context;
[23:09:16] [main/DEBUG]: Skipping Lnet/minecraftforge/event/network/ConnectionStartEvent;
[23:09:16] [main/DEBUG]: Skipping Lnet/minecraftforge/event/network/ChannelRegistrationChangeEvent;
[23:09:16] [main/DEBUG]: Skipping Lnet/minecraftforge/event/network/ChannelRegistrationChangeEvent$Type;
[23:09:16] [main/DEBUG]: Skipping Lnet/minecraftforge/event/level/SleepFinishedTimeEvent;
[23:09:16] [main/DEBUG]: Skipping Lnet/minecraftforge/event/level/SaplingGrowTreeEvent;
[23:09:16] [main/DEBUG]: Skipping Lnet/minecraftforge/event/level/PistonEvent;
[23:09:16] [main/DEBUG]: Skipping Lnet/minecraftforge/event/level/PistonEvent$Pre;
[23:09:16] [main/DEBUG]: Skipping Lnet/minecraftforge/event/level/PistonEvent$Post;
[23:09:16] [main/DEBUG]: Skipping Lnet/minecraftforge/event/level/PistonEvent$PistonMoveType;
[23:09:16] [main/DEBUG]: Skipping Lnet/minecraftforge/event/level/NoteBlockEvent;
[23:09:16] [main/DEBUG]: Skipping Lnet/minecraftforge/event/level/NoteBlockEvent$Play;
[23:09:16] [main/DEBUG]: Skipping Lnet/minecraftforge/event/level/NoteBlockEvent$Octave;
[23:09:16] [main/DEBUG]: Skipping Lnet/minecraftforge/event/level/NoteBlockEvent$Note;
[23:09:16] [main/DEBUG]: Skipping Lnet/minecraftforge/event/level/NoteBlockEvent$Change;
[23:09:16] [main/DEBUG]: Skipping Lnet/minecraftforge/event/level/LevelEvent;
[23:09:16] [main/DEBUG]: Skipping Lnet/minecraftforge/event/level/LevelEvent$Unload;
[23:09:16] [main/DEBUG]: Skipping Lnet/minecraftforge/event/level/LevelEvent$Save;
[23:09:16] [main/DEBUG]: Skipping Lnet/minecraftforge/event/level/LevelEvent$PotentialSpawns;
[23:09:16] [main/DEBUG]: Skipping Lnet/minecraftforge/event/level/LevelEvent$Load;
[23:09:16] [main/DEBUG]: Skipping Lnet/minecraftforge/event/level/LevelEvent$CreateSpawnPosition;
[23:09:16] [main/DEBUG]: Skipping Lnet/minecraftforge/event/level/ExplosionEvent;
[23:09:16] [main/DEBUG]: Skipping Lnet/minecraftforge/event/level/ExplosionEvent$Start;
[23:09:16] [main/DEBUG]: Skipping Lnet/minecraftforge/event/level/ExplosionEvent$Detonate;
[23:09:16] [main/DEBUG]: Skipping Lnet/minecraftforge/event/level/ChunkWatchEvent;
[23:09:16] [main/DEBUG]: Skipping Lnet/minecraftforge/event/level/ChunkWatchEvent$Watch;
[23:09:16] [main/DEBUG]: Skipping Lnet/minecraftforge/event/level/ChunkWatchEvent$UnWatch;
[23:09:16] [main/DEBUG]: Skipping Lnet/minecraftforge/event/level/ChunkTicketLevelUpdatedEvent;
[23:09:16] [main/DEBUG]: Skipping Lnet/minecraftforge/event/level/ChunkEvent;
[23:09:16] [main/DEBUG]: Skipping Lnet/minecraftforge/event/level/ChunkEvent$Unload;
[23:09:16] [main/DEBUG]: Skipping Lnet/minecraftforge/event/level/ChunkEvent$Load;
[23:09:16] [main/DEBUG]: Skipping Lnet/minecraftforge/event/level/ChunkDataEvent;
[23:09:16] [main/DEBUG]: Skipping Lnet/minecraftforge/event/level/ChunkDataEvent$Save;
[23:09:16] [main/DEBUG]: Skipping Lnet/minecraftforge/event/level/ChunkDataEvent$Load;
[23:09:16] [main/DEBUG]: Skipping Lnet/minecraftforge/event/level/BlockEvent;
[23:09:16] [main/DEBUG]: Skipping Lnet/minecraftforge/event/level/BlockEvent$PortalSpawnEvent;
[23:09:16] [main/DEBUG]: Skipping Lnet/minecraftforge/event/level/BlockEvent$NeighborNotifyEvent;
[23:09:16] [main/DEBUG]: Skipping Lnet/minecraftforge/event/level/BlockEvent$FluidPlaceBlockEvent;
[23:09:16] [main/DEBUG]: Skipping Lnet/minecraftforge/event/level/BlockEvent$FarmlandTrampleEvent;
[23:09:16] [main/DEBUG]: Skipping Lnet/minecraftforge/event/level/BlockEvent$EntityPlaceEvent;
[23:09:16] [main/DEBUG]: Skipping Lnet/minecraftforge/event/level/BlockEvent$EntityMultiPlaceEvent;
[23:09:16] [main/DEBUG]: Skipping Lnet/minecraftforge/event/level/BlockEvent$CropGrowEvent;
[23:09:16] [main/DEBUG]: Skipping Lnet/minecraftforge/event/level/BlockEvent$CropGrowEvent$Pre;
[23:09:16] [main/DEBUG]: Skipping Lnet/minecraftforge/event/level/BlockEvent$CropGrowEvent$Post;
[23:09:16] [main/DEBUG]: Skipping Lnet/minecraftforge/event/level/BlockEvent$CreateFluidSourceEvent;
[23:09:16] [main/DEBUG]: Skipping Lnet/minecraftforge/event/level/BlockEvent$BreakEvent;
[23:09:16] [main/DEBUG]: Skipping Lnet/minecraftforge/event/level/BlockEvent$BlockToolModificationEvent;
[23:09:16] [main/DEBUG]: Skipping Lnet/minecraftforge/event/level/AlterGroundEvent;
[23:09:16] [main/DEBUG]: Skipping Lnet/minecraftforge/event/furnace/FurnaceFuelBurnTimeEvent;
[23:09:16] [main/DEBUG]: Skipping Lnet/minecraftforge/event/entity/player/TradeWithVillagerEvent;
[23:09:16] [main/DEBUG]: Skipping Lnet/minecraftforge/event/entity/player/SleepingTimeCheckEvent;
[23:09:16] [main/DEBUG]: Skipping Lnet/minecraftforge/event/entity/player/SleepingLocationCheckEvent;
[23:09:16] [main/DEBUG]: Skipping Lnet/minecraftforge/event/entity/player/PlayerXpEvent;
[23:09:16] [main/DEBUG]: Skipping Lnet/minecraftforge/event/entity/player/PlayerXpEvent$XpChange;
[23:09:16] [main/DEBUG]: Skipping Lnet/minecraftforge/event/entity/player/PlayerXpEvent$PickupXp;
[23:09:16] [main/DEBUG]: Skipping Lnet/minecraftforge/event/entity/player/PlayerXpEvent$LevelChange;
[23:09:16] [main/DEBUG]: Skipping Lnet/minecraftforge/event/entity/player/PlayerWakeUpEvent;
[23:09:16] [main/DEBUG]: Skipping Lnet/minecraftforge/event/entity/player/PlayerSpawnPhantomsEvent;
[23:09:16] [main/DEBUG]: Skipping Lnet/minecraftforge/event/entity/player/PlayerSleepInBedEvent;
[23:09:16] [main/DEBUG]: Skipping Lnet/minecraftforge/event/entity/player/PlayerSetSpawnEvent;
[23:09:16] [main/DEBUG]: Skipping Lnet/minecraftforge/event/entity/player/PlayerInteractEvent;
[23:09:16] [main/DEBUG]: Skipping Lnet/minecraftforge/event/entity/player/PlayerInteractEvent$RightClickItem;
[23:09:16] [main/DEBUG]: Skipping Lnet/minecraftforge/event/entity/player/PlayerInteractEvent$RightClickEmpty;
[23:09:16] [main/DEBUG]: Skipping Lnet/minecraftforge/event/entity/player/PlayerInteractEvent$RightClickBlock;
[23:09:16] [main/DEBUG]: Skipping Lnet/minecraftforge/event/entity/player/PlayerInteractEvent$LeftClickEmpty;
[23:09:16] [main/DEBUG]: Skipping Lnet/minecraftforge/event/entity/player/PlayerInteractEvent$LeftClickBlock;
[23:09:16] [main/DEBUG]: Skipping Lnet/minecraftforge/event/entity/player/PlayerInteractEvent$LeftClickBlock$Action;
[23:09:16] [main/DEBUG]: Skipping Lnet/minecraftforge/event/entity/player/PlayerInteractEvent$EntityInteractSpecific;
[23:09:16] [main/DEBUG]: Skipping Lnet/minecraftforge/event/entity/player/PlayerInteractEvent$EntityInteract;
[23:09:16] [main/DEBUG]: Skipping Lnet/minecraftforge/event/entity/player/PlayerInteractEvent$1;
[23:09:16] [main/DEBUG]: Skipping Lnet/minecraftforge/event/entity/player/PlayerFlyableFallEvent;
[23:09:16] [main/DEBUG]: Skipping Lnet/minecraftforge/event/entity/player/PlayerEvent;
[23:09:16] [main/DEBUG]: Skipping Lnet/minecraftforge/event/entity/player/PlayerEvent$TabListNameFormat;
[23:09:16] [main/DEBUG]: Skipping Lnet/minecraftforge/event/entity/player/PlayerEvent$StopTracking;
[23:09:16] [main/DEBUG]: Skipping Lnet/minecraftforge/event/entity/player/PlayerEvent$StartTracking;
[23:09:16] [main/DEBUG]: Skipping Lnet/minecraftforge/event/entity/player/PlayerEvent$SaveToFile;
[23:09:16] [main/DEBUG]: Skipping Lnet/minecraftforge/event/entity/player/PlayerEvent$PlayerRespawnEvent;
[23:09:16] [main/DEBUG]: Skipping Lnet/minecraftforge/event/entity/player/PlayerEvent$PlayerLoggedOutEvent;
[23:09:16] [main/DEBUG]: Skipping Lnet/minecraftforge/event/entity/player/PlayerEvent$PlayerLoggedInEvent;
[23:09:16] [main/DEBUG]: Skipping Lnet/minecraftforge/event/entity/player/PlayerEvent$PlayerChangedDimensionEvent;
[23:09:16] [main/DEBUG]: Skipping Lnet/minecraftforge/event/entity/player/PlayerEvent$PlayerChangeGameModeEvent;
[23:09:16] [main/DEBUG]: Skipping Lnet/minecraftforge/event/entity/player/PlayerEvent$NameFormat;
[23:09:16] [main/DEBUG]: Skipping Lnet/minecraftforge/event/entity/player/PlayerEvent$LoadFromFile;
[23:09:16] [main/DEBUG]: Skipping Lnet/minecraftforge/event/entity/player/PlayerEvent$ItemSmeltedEvent;
[23:09:16] [main/DEBUG]: Skipping Lnet/minecraftforge/event/entity/player/PlayerEvent$ItemPickupEvent;
[23:09:16] [main/DEBUG]: Skipping Lnet/minecraftforge/event/entity/player/PlayerEvent$ItemCraftedEvent;
[23:09:16] [main/DEBUG]: Skipping Lnet/minecraftforge/event/entity/player/PlayerEvent$HarvestCheck;
[23:09:16] [main/DEBUG]: Skipping Lnet/minecraftforge/event/entity/player/PlayerEvent$Clone;
[23:09:16] [main/DEBUG]: Skipping Lnet/minecraftforge/event/entity/player/PlayerEvent$BreakSpeed;
[23:09:16] [main/DEBUG]: Skipping Lnet/minecraftforge/event/entity/player/PlayerDestroyItemEvent;
[23:09:16] [main/DEBUG]: Skipping Lnet/minecraftforge/event/entity/player/PlayerContainerEvent;
[23:09:16] [main/DEBUG]: Skipping Lnet/minecraftforge/event/entity/player/PlayerContainerEvent$Open;
[23:09:16] [main/DEBUG]: Skipping Lnet/minecraftforge/event/entity/player/PlayerContainerEvent$Close;
[23:09:16] [main/DEBUG]: Skipping Lnet/minecraftforge/event/entity/player/PermissionsChangedEvent;
[23:09:16] [main/DEBUG]: Skipping Lnet/minecraftforge/event/entity/player/ItemTooltipEvent;
[23:09:16] [main/DEBUG]: Skipping Lnet/minecraftforge/event/entity/player/ItemFishedEvent;
[23:09:16] [main/DEBUG]: Skipping Lnet/minecraftforge/event/entity/player/FillBucketEvent;
[23:09:16] [main/DEBUG]: Skipping Lnet/minecraftforge/event/entity/player/EntityItemPickupEvent;
[23:09:16] [main/DEBUG]: Skipping Lnet/minecraftforge/event/entity/player/CriticalHitEvent;
[23:09:16] [main/DEBUG]: Skipping Lnet/minecraftforge/event/entity/player/BonemealEvent;
[23:09:16] [main/DEBUG]: Skipping Lnet/minecraftforge/event/entity/player/AttackEntityEvent;
[23:09:16] [main/DEBUG]: Skipping Lnet/minecraftforge/event/entity/player/ArrowNockEvent;
[23:09:16] [main/DEBUG]: Skipping Lnet/minecraftforge/event/entity/player/ArrowLooseEvent;
[23:09:16] [main/DEBUG]: Skipping Lnet/minecraftforge/event/entity/player/AnvilRepairEvent;
[23:09:16] [main/DEBUG]: Skipping Lnet/minecraftforge/event/entity/player/AdvancementEvent;
[23:09:16] [main/DEBUG]: Skipping Lnet/minecraftforge/event/entity/player/AdvancementEvent$AdvancementProgressEvent;
[23:09:16] [main/DEBUG]: Skipping Lnet/minecraftforge/event/entity/player/AdvancementEvent$AdvancementProgressEvent$ProgressType;
[23:09:16] [main/DEBUG]: Skipping Lnet/minecraftforge/event/entity/player/AdvancementEvent$AdvancementEarnEvent;
[23:09:16] [main/DEBUG]: Skipping Lnet/minecraftforge/event/entity/living/ZombieEvent;
[23:09:16] [main/DEBUG]: Skipping Lnet/minecraftforge/event/entity/living/ZombieEvent$SummonAidEvent;
[23:09:16] [main/DEBUG]: Skipping Lnet/minecraftforge/event/entity/living/ShieldBlockEvent;
[23:09:16] [main/DEBUG]: Skipping Lnet/minecraftforge/event/entity/living/MobSpawnEvent;
[23:09:16] [main/DEBUG]: Skipping Lnet/minecraftforge/event/entity/living/MobSpawnEvent$SpawnPlacementCheck;
[23:09:16] [main/DEBUG]: Skipping Lnet/minecraftforge/event/entity/living/MobSpawnEvent$PositionCheck;
[23:09:16] [main/DEBUG]: Skipping Lnet/minecraftforge/event/entity/living/MobSpawnEvent$FinalizeSpawn;
[23:09:16] [main/DEBUG]: Skipping Lnet/minecraftforge/event/entity/living/MobSpawnEvent$AllowDespawn;
[23:09:16] [main/DEBUG]: Skipping Lnet/minecraftforge/event/entity/living/MobEffectEvent;
[23:09:16] [main/DEBUG]: Skipping Lnet/minecraftforge/event/entity/living/MobEffectEvent$Remove;
[23:09:16] [main/DEBUG]: Skipping Lnet/minecraftforge/event/entity/living/MobEffectEvent$Expired;
[23:09:16] [main/DEBUG]: Skipping Lnet/minecraftforge/event/entity/living/MobEffectEvent$Applicable;
[23:09:16] [main/DEBUG]: Skipping Lnet/minecraftforge/event/entity/living/MobEffectEvent$Added;
[23:09:16] [main/DEBUG]: Skipping Lnet/minecraftforge/event/entity/living/LootingLevelEvent;
[23:09:16] [main/DEBUG]: Skipping Lnet/minecraftforge/event/entity/living/LivingUseTotemEvent;
[23:09:16] [main/DEBUG]: Skipping Lnet/minecraftforge/event/entity/living/LivingSwapItemsEvent;
[23:09:16] [main/DEBUG]: Skipping Lnet/minecraftforge/event/entity/living/LivingSwapItemsEvent$Hands;
[23:09:16] [main/DEBUG]: Skipping Lnet/minecraftforge/event/entity/living/LivingPackSizeEvent;
[23:09:16] [main/DEBUG]: Skipping Lnet/minecraftforge/event/entity/living/LivingMakeBrainEvent;
[23:09:16] [main/DEBUG]: Skipping Lnet/minecraftforge/event/entity/living/LivingKnockBackEvent;
[23:09:16] [main/DEBUG]: Skipping Lnet/minecraftforge/event/entity/living/LivingHurtEvent;
[23:09:16] [main/DEBUG]: Skipping Lnet/minecraftforge/event/entity/living/LivingHealEvent;
[23:09:16] [main/DEBUG]: Skipping Lnet/minecraftforge/event/entity/living/LivingGetProjectileEvent;
[23:09:16] [main/DEBUG]: Skipping Lnet/minecraftforge/event/entity/living/LivingFallEvent;
[23:09:16] [main/DEBUG]: Skipping Lnet/minecraftforge/event/entity/living/LivingExperienceDropEvent;
[23:09:16] [main/DEBUG]: Skipping Lnet/minecraftforge/event/entity/living/LivingEvent;
[23:09:16] [main/DEBUG]: Skipping Lnet/minecraftforge/event/entity/living/LivingEvent$LivingVisibilityEvent;
[23:09:16] [main/DEBUG]: Skipping Lnet/minecraftforge/event/entity/living/LivingEvent$LivingTickEvent;
[23:09:16] [main/DEBUG]: Skipping Lnet/minecraftforge/event/entity/living/LivingEvent$LivingJumpEvent;
[23:09:16] [main/DEBUG]: Skipping Lnet/minecraftforge/event/entity/living/LivingEquipmentChangeEvent;
[23:09:16] [main/DEBUG]: Skipping Lnet/minecraftforge/event/entity/living/LivingEntityUseItemEvent;
[23:09:16] [main/DEBUG]: Skipping Lnet/minecraftforge/event/entity/living/LivingEntityUseItemEvent$Tick;
[23:09:16] [main/DEBUG]: Skipping Lnet/minecraftforge/event/entity/living/LivingEntityUseItemEvent$Stop;
[23:09:16] [main/DEBUG]: Skipping Lnet/minecraftforge/event/entity/living/LivingEntityUseItemEvent$Start;
[23:09:16] [main/DEBUG]: Skipping Lnet/minecraftforge/event/entity/living/LivingEntityUseItemEvent$Finish;
[23:09:16] [main/DEBUG]: Skipping Lnet/minecraftforge/event/entity/living/LivingDrownEvent;
[23:09:16] [main/DEBUG]: Skipping Lnet/minecraftforge/event/entity/living/LivingDropsEvent;
[23:09:16] [main/DEBUG]: Skipping Lnet/minecraftforge/event/entity/living/LivingDestroyBlockEvent;
[23:09:16] [main/DEBUG]: Skipping Lnet/minecraftforge/event/entity/living/LivingDeathEvent;
[23:09:16] [main/DEBUG]: Skipping Lnet/minecraftforge/event/entity/living/LivingDamageEvent;
[23:09:16] [main/DEBUG]: Skipping Lnet/minecraftforge/event/entity/living/LivingConversionEvent;
[23:09:16] [main/DEBUG]: Skipping Lnet/minecraftforge/event/entity/living/LivingConversionEvent$Pre;
[23:09:16] [main/DEBUG]: Skipping Lnet/minecraftforge/event/entity/living/LivingConversionEvent$Post;
[23:09:16] [main/DEBUG]: Skipping Lnet/minecraftforge/event/entity/living/LivingChangeTargetEvent;
[23:09:16] [main/DEBUG]: Skipping Lnet/minecraftforge/event/entity/living/LivingChangeTargetEvent$LivingTargetType;
[23:09:16] [main/DEBUG]: Skipping Lnet/minecraftforge/event/entity/living/LivingChangeTargetEvent$ILivingTargetType;
[23:09:16] [main/DEBUG]: Skipping Lnet/minecraftforge/event/entity/living/LivingBreatheEvent;
[23:09:16] [main/DEBUG]: Skipping Lnet/minecraftforge/event/entity/living/LivingAttackEvent;
[23:09:16] [main/DEBUG]: Skipping Lnet/minecraftforge/event/entity/living/EnderManAngerEvent;
[23:09:16] [main/DEBUG]: Skipping Lnet/minecraftforge/event/entity/living/BabyEntitySpawnEvent;
[23:09:16] [main/DEBUG]: Skipping Lnet/minecraftforge/event/entity/living/AnimalTameEvent;
[23:09:16] [main/DEBUG]: Skipping Lnet/minecraftforge/event/entity/item/ItemTossEvent;
[23:09:16] [main/DEBUG]: Skipping Lnet/minecraftforge/event/entity/item/ItemExpireEvent;
[23:09:16] [main/DEBUG]: Skipping Lnet/minecraftforge/event/entity/item/ItemEvent;
[23:09:16] [main/DEBUG]: Skipping Lnet/minecraftforge/event/entity/SpawnPlacementRegisterEvent;
[23:09:16] [main/DEBUG]: Skipping Lnet/minecraftforge/event/entity/SpawnPlacementRegisterEvent$Operation;
[23:09:16] [main/DEBUG]: Skipping Lnet/minecraftforge/event/entity/SpawnPlacementRegisterEvent$MergedSpawnPredicate;
[23:09:16] [main/DEBUG]: Skipping Lnet/minecraftforge/event/entity/ProjectileImpactEvent;
[23:09:16] [main/DEBUG]: Skipping Lnet/minecraftforge/event/entity/ProjectileImpactEvent$ImpactResult;
[23:09:16] [main/DEBUG]: Skipping Lnet/minecraftforge/event/entity/EntityTravelToDimensionEvent;
[23:09:16] [main/DEBUG]: Skipping Lnet/minecraftforge/event/entity/EntityTeleportEvent;
[23:09:16] [main/DEBUG]: Skipping Lnet/minecraftforge/event/entity/EntityTeleportEvent$TeleportCommand;
[23:09:16] [main/DEBUG]: Skipping Lnet/minecraftforge/event/entity/EntityTeleportEvent$SpreadPlayersCommand;
[23:09:16] [main/DEBUG]: Skipping Lnet/minecraftforge/event/entity/EntityTeleportEvent$EnderPearl;
[23:09:16] [main/DEBUG]: Skipping Lnet/minecraftforge/event/entity/EntityTeleportEvent$EnderEntity;
[23:09:16] [main/DEBUG]: Skipping Lnet/minecraftforge/event/entity/EntityTeleportEvent$ChorusFruit;
[23:09:16] [main/DEBUG]: Skipping Lnet/minecraftforge/event/entity/EntityStruckByLightningEvent;
[23:09:16] [main/DEBUG]: Skipping Lnet/minecraftforge/event/entity/EntityMountEvent;
[23:09:16] [main/DEBUG]: Skipping Lnet/minecraftforge/event/entity/EntityMobGriefingEvent;
[23:09:16] [main/DEBUG]: Skipping Lnet/minecraftforge/event/entity/EntityLeaveLevelEvent;
[23:09:16] [main/DEBUG]: Skipping Lnet/minecraftforge/event/entity/EntityJoinLevelEvent;
[23:09:16] [main/DEBUG]: Skipping Lnet/minecraftforge/event/entity/EntityEvent;
[23:09:16] [main/DEBUG]: Skipping Lnet/minecraftforge/event/entity/EntityEvent$EntityConstructing;
[23:09:16] [main/DEBUG]: Skipping Lnet/minecraftforge/event/entity/EntityEvent$EnteringSection;
[23:09:16] [main/DEBUG]: Skipping Lnet/minecraftforge/event/entity/EntityAttributeModificationEvent;
[23:09:16] [main/DEBUG]: Skipping Lnet/minecraftforge/event/entity/EntityAttributeCreationEvent;
[23:09:16] [main/DEBUG]: Skipping Lnet/minecraftforge/event/enchanting/EnchantmentLevelSetEvent;
[23:09:16] [main/DEBUG]: Skipping Lnet/minecraftforge/event/brewing/PotionBrewEvent;
[23:09:16] [main/DEBUG]: Skipping Lnet/minecraftforge/event/brewing/PotionBrewEvent$Pre;
[23:09:16] [main/DEBUG]: Skipping Lnet/minecraftforge/event/brewing/PotionBrewEvent$Post;
[23:09:16] [main/DEBUG]: Skipping Lnet/minecraftforge/event/brewing/PlayerBrewedPotionEvent;
[23:09:16] [main/DEBUG]: Skipping Lnet/minecraftforge/event/brewing/BrewingRecipeRegisterEvent;
[23:09:16] [main/DEBUG]: Skipping Lnet/minecraftforge/event/VanillaGameEvent;
[23:09:16] [main/DEBUG]: Skipping Lnet/minecraftforge/event/TickEvent;
[23:09:16] [main/DEBUG]: Skipping Lnet/minecraftforge/event/TickEvent$Type;
[23:09:16] [main/DEBUG]: Skipping Lnet/minecraftforge/event/TickEvent$ServerTickEvent;
[23:09:16] [main/DEBUG]: Skipping Lnet/minecraftforge/event/TickEvent$ServerTickEvent$Pre;
[23:09:16] [main/DEBUG]: Skipping Lnet/minecraftforge/event/TickEvent$ServerTickEvent$Post;
[23:09:16] [main/DEBUG]: Skipping Lnet/minecraftforge/event/TickEvent$RenderTickEvent;
[23:09:16] [main/DEBUG]: Skipping Lnet/minecraftforge/event/TickEvent$RenderTickEvent$Pre;
[23:09:16] [main/DEBUG]: Skipping Lnet/minecraftforge/event/TickEvent$RenderTickEvent$Post;
[23:09:16] [main/DEBUG]: Skipping Lnet/minecraftforge/event/TickEvent$PlayerTickEvent;
[23:09:16] [main/DEBUG]: Skipping Lnet/minecraftforge/event/TickEvent$PlayerTickEvent$Pre;
[23:09:16] [main/DEBUG]: Skipping Lnet/minecraftforge/event/TickEvent$PlayerTickEvent$Post;
[23:09:16] [main/DEBUG]: Skipping Lnet/minecraftforge/event/TickEvent$Phase;
[23:09:16] [main/DEBUG]: Skipping Lnet/minecraftforge/event/TickEvent$LevelTickEvent;
[23:09:16] [main/DEBUG]: Skipping Lnet/minecraftforge/event/TickEvent$LevelTickEvent$Pre;
[23:09:16] [main/DEBUG]: Skipping Lnet/minecraftforge/event/TickEvent$LevelTickEvent$Post;
[23:09:16] [main/DEBUG]: Skipping Lnet/minecraftforge/event/TickEvent$ClientTickEvent;
[23:09:16] [main/DEBUG]: Skipping Lnet/minecraftforge/event/TickEvent$ClientTickEvent$Pre;
[23:09:16] [main/DEBUG]: Skipping Lnet/minecraftforge/event/TickEvent$ClientTickEvent$Post;
[23:09:16] [main/DEBUG]: Skipping Lnet/minecraftforge/event/TagsUpdatedEvent;
[23:09:16] [main/DEBUG]: Skipping Lnet/minecraftforge/event/TagsUpdatedEvent$UpdateCause;
[23:09:16] [main/DEBUG]: Skipping Lnet/minecraftforge/event/ServerChatEvent;
[23:09:16] [main/DEBUG]: Skipping Lnet/minecraftforge/event/RegisterStructureConversionsEvent;
[23:09:16] [main/DEBUG]: Skipping Lnet/minecraftforge/event/RegisterGameTestsEvent;
[23:09:16] [main/DEBUG]: Skipping Lnet/minecraftforge/event/RegisterCommandsEvent;
[23:09:16] [main/DEBUG]: Skipping Lnet/minecraftforge/event/PlayLevelSoundEvent;
[23:09:16] [main/DEBUG]: Skipping Lnet/minecraftforge/event/PlayLevelSoundEvent$AtPosition;
[23:09:16] [main/DEBUG]: Skipping Lnet/minecraftforge/event/PlayLevelSoundEvent$AtEntity;
[23:09:16] [main/DEBUG]: Skipping Lnet/minecraftforge/event/OnDatapackSyncEvent;
[23:09:16] [main/DEBUG]: Skipping Lnet/minecraftforge/event/ModMismatchEvent;
[23:09:16] [main/DEBUG]: Skipping Lnet/minecraftforge/event/ModMismatchEvent$MismatchedVersionInfo;
[23:09:16] [main/DEBUG]: Skipping Lnet/minecraftforge/event/ModMismatchEvent$MismatchResolutionResult;
[23:09:16] [main/DEBUG]: Skipping Lnet/minecraftforge/event/LootTableLoadEvent;
[23:09:16] [main/DEBUG]: Skipping Lnet/minecraftforge/event/ItemStackedOnOtherEvent;
[23:09:16] [main/DEBUG]: Skipping Lnet/minecraftforge/event/GrindstoneEvent;
[23:09:16] [main/DEBUG]: Skipping Lnet/minecraftforge/event/GrindstoneEvent$OnTakeItem;
[23:09:16] [main/DEBUG]: Skipping Lnet/minecraftforge/event/GrindstoneEvent$OnPlaceItem;
[23:09:16] [main/DEBUG]: Skipping Lnet/minecraftforge/event/GatherComponentsEvent;
[23:09:16] [main/DEBUG]: Skipping Lnet/minecraftforge/event/GatherComponentsEvent$Item;
[23:09:16] [main/DEBUG]: Skipping Lnet/minecraftforge/event/GameShuttingDownEvent;
[23:09:16] [main/DEBUG]: Skipping Lnet/minecraftforge/event/ForgeEventFactory;
[23:09:16] [main/DEBUG]: Skipping Lnet/minecraftforge/event/DifficultyChangeEvent;
[23:09:16] [main/DEBUG]: Skipping Lnet/minecraftforge/event/CommandEvent;
[23:09:16] [main/DEBUG]: Skipping Lnet/minecraftforge/event/BuildCreativeModeTabContentsEvent;
[23:09:16] [main/DEBUG]: Skipping Lnet/minecraftforge/event/AttachCapabilitiesEvent;
[23:09:16] [main/DEBUG]: Skipping Lnet/minecraftforge/event/AnvilUpdateEvent;
[23:09:16] [main/DEBUG]: Skipping Lnet/minecraftforge/event/AddReloadListenerEvent;
[23:09:16] [main/DEBUG]: Skipping Lnet/minecraftforge/event/AddReloadListenerEvent$WrappedStateAwareListener;
[23:09:16] [main/DEBUG]: Skipping Lnet/minecraftforge/event/AddPackFindersEvent;
[23:09:16] [main/DEBUG]: Skipping Lnet/minecraftforge/entity/PartEntity;
[23:09:16] [main/DEBUG]: Skipping Lnet/minecraftforge/entity/IEntityAdditionalSpawnData;
[23:09:16] [main/DEBUG]: Skipping Lnet/minecraftforge/energy/IEnergyStorage;
[23:09:16] [main/DEBUG]: Skipping Lnet/minecraftforge/energy/EnergyStorage;
[23:09:16] [main/DEBUG]: Skipping Lnet/minecraftforge/energy/EmptyEnergyStorage;
[23:09:16] [main/DEBUG]: Skipping Lnet/minecraftforge/data/loading/DatagenModLoader;
[23:09:16] [main/DEBUG]: Skipping Lnet/minecraftforge/data/event/GatherDataEvent;
[23:09:16] [main/DEBUG]: Skipping Lnet/minecraftforge/data/event/GatherDataEvent$DataGeneratorConfig;
[23:09:16] [main/DEBUG]: Skipping Lnet/minecraftforge/common/world/StructureSettingsBuilder;
[23:09:16] [main/DEBUG]: Skipping Lnet/minecraftforge/common/world/StructureSettingsBuilder$StructureSpawnOverrideBuilder;
[23:09:16] [main/DEBUG]: Skipping Lnet/minecraftforge/common/world/StructureModifier;
[23:09:16] [main/DEBUG]: Skipping Lnet/minecraftforge/common/world/StructureModifier$Phase;
[23:09:16] [main/DEBUG]: Skipping Lnet/minecraftforge/common/world/PieceBeardifierModifier;
[23:09:16] [main/DEBUG]: Skipping Lnet/minecraftforge/common/world/NoneStructureModifier;
[23:09:16] [main/DEBUG]: Skipping Lnet/minecraftforge/common/world/NoneBiomeModifier;
[23:09:16] [main/DEBUG]: Skipping Lnet/minecraftforge/common/world/ModifiableStructureInfo;
[23:09:16] [main/DEBUG]: Skipping Lnet/minecraftforge/common/world/ModifiableStructureInfo$StructureInfo;
[23:09:16] [main/DEBUG]: Skipping Lnet/minecraftforge/common/world/ModifiableStructureInfo$StructureInfo$Builder;
[23:09:16] [main/DEBUG]: Skipping Lnet/minecraftforge/common/world/ModifiableBiomeInfo;
[23:09:16] [main/DEBUG]: Skipping Lnet/minecraftforge/common/world/ModifiableBiomeInfo$BiomeInfo;
[23:09:16] [main/DEBUG]: Skipping Lnet/minecraftforge/common/world/ModifiableBiomeInfo$BiomeInfo$Builder;
[23:09:16] [main/DEBUG]: Skipping Lnet/minecraftforge/common/world/MobSpawnSettingsBuilder;
[23:09:16] [main/DEBUG]: Skipping Lnet/minecraftforge/common/world/ForgeChunkManager;
[23:09:16] [main/DEBUG]: Skipping Lnet/minecraftforge/common/world/ForgeChunkManager$TicketTracker;
[23:09:16] [main/DEBUG]: Skipping Lnet/minecraftforge/common/world/ForgeChunkManager$TicketOwner;
[23:09:16] [main/DEBUG]: Skipping Lnet/minecraftforge/common/world/ForgeChunkManager$TicketHelper;
[23:09:16] [main/DEBUG]: Skipping Lnet/minecraftforge/common/world/ForgeChunkManager$LoadingValidationCallback;
[23:09:16] [main/DEBUG]: Skipping Lnet/minecraftforge/common/world/ForgeBiomeModifiers;
[23:09:16] [main/DEBUG]: Skipping Lnet/minecraftforge/common/world/ForgeBiomeModifiers$RemoveSpawnsBiomeModifier;
[23:09:16] [main/DEBUG]: Skipping Lnet/minecraftforge/common/world/ForgeBiomeModifiers$RemoveFeaturesBiomeModifier;
[23:09:16] [main/DEBUG]: Skipping Lnet/minecraftforge/common/world/ForgeBiomeModifiers$AddSpawnsBiomeModifier;
[23:09:16] [main/DEBUG]: Skipping Lnet/minecraftforge/common/world/ForgeBiomeModifiers$AddFeaturesBiomeModifier;
[23:09:16] [main/DEBUG]: Skipping Lnet/minecraftforge/common/world/ClimateSettingsBuilder;
[23:09:16] [main/DEBUG]: Skipping Lnet/minecraftforge/common/world/BiomeSpecialEffectsBuilder;
[23:09:16] [main/DEBUG]: Skipping Lnet/minecraftforge/common/world/BiomeModifier;
[23:09:16] [main/DEBUG]: Skipping Lnet/minecraftforge/common/world/BiomeModifier$Phase;
[23:09:16] [main/DEBUG]: Skipping Lnet/minecraftforge/common/world/BiomeGenerationSettingsBuilder;
[23:09:16] [main/DEBUG]: Skipping Lnet/minecraftforge/common/util/TriPredicate;
[23:09:16] [main/DEBUG]: Skipping Lnet/minecraftforge/common/util/TransformationHelper;
[23:09:16] [main/DEBUG]: Skipping Lnet/minecraftforge/common/util/TransformationHelper$TransformOrigin;
[23:09:16] [main/DEBUG]: Skipping Lnet/minecraftforge/common/util/TransformationHelper$Deserializer;
[23:09:16] [main/DEBUG]: Skipping Lnet/minecraftforge/common/util/TextTable;
[23:09:16] [main/DEBUG]: Skipping Lnet/minecraftforge/common/util/TextTable$Row;
[23:09:16] [main/DEBUG]: Skipping Lnet/minecraftforge/common/util/TextTable$Column;
[23:09:16] [main/DEBUG]: Skipping Lnet/minecraftforge/common/util/TextTable$Alignment;
[23:09:16] [main/DEBUG]: Skipping Lnet/minecraftforge/common/util/TablePrinter;
[23:09:16] [main/DEBUG]: Skipping Lnet/minecraftforge/common/util/TablePrinter$Header;
[23:09:16] [main/DEBUG]: Skipping Lnet/minecraftforge/common/util/SortedProperties;
[23:09:16] [main/DEBUG]: Skipping Lnet/minecraftforge/common/util/Size2i;
[23:09:16] [main/DEBUG]: Skipping Lnet/minecraftforge/common/util/RecipeMatcher;
[23:09:16] [main/DEBUG]: Skipping Lnet/minecraftforge/common/util/PacketLogger;
[23:09:16] [main/DEBUG]: Skipping Lnet/minecraftforge/common/util/NonNullSupplier;
[23:09:16] [main/DEBUG]: Skipping Lnet/minecraftforge/common/util/NonNullPredicate;
[23:09:16] [main/DEBUG]: Skipping Lnet/minecraftforge/common/util/NonNullLazy;
[23:09:16] [main/DEBUG]: Skipping Lnet/minecraftforge/common/util/NonNullFunction;
[23:09:16] [main/DEBUG]: Skipping Lnet/minecraftforge/common/util/NonNullConsumer;
[23:09:16] [main/DEBUG]: Skipping Lnet/minecraftforge/common/util/MutableHashedLinkedMap;
[23:09:16] [main/DEBUG]: Skipping Lnet/minecraftforge/common/util/MutableHashedLinkedMap$MergeFunction;
[23:09:16] [main/DEBUG]: Skipping Lnet/minecraftforge/common/util/MutableHashedLinkedMap$IdentityStrategy;
[23:09:16] [main/DEBUG]: Skipping Lnet/minecraftforge/common/util/MutableHashedLinkedMap$Entry;
[23:09:16] [main/DEBUG]: Skipping Lnet/minecraftforge/common/util/MutableHashedLinkedMap$BasicStrategy;
[23:09:16] [main/DEBUG]: Skipping Lnet/minecraftforge/common/util/MutableHashedLinkedMap$1;
[23:09:16] [main/DEBUG]: Skipping Lnet/minecraftforge/common/util/MavenVersionStringHelper;
[23:09:16] [main/DEBUG]: Skipping Lnet/minecraftforge/common/util/LogicalSidedProvider;
[23:09:16] [main/DEBUG]: Skipping Lnet/minecraftforge/common/util/LogMessageAdapter;
[23:09:16] [main/DEBUG]: Skipping Lnet/minecraftforge/common/util/LevelCapabilityData;
[23:09:16] [main/DEBUG]: Skipping Lnet/minecraftforge/common/util/LazyOptional;
[23:09:16] [main/DEBUG]: Skipping Lnet/minecraftforge/common/util/Lazy;
[23:09:16] [main/DEBUG]: Skipping Lnet/minecraftforge/common/util/Lazy$Fast;
[23:09:16] [main/DEBUG]: Skipping Lnet/minecraftforge/common/util/Lazy$Concurrent;
[23:09:16] [main/DEBUG]: Skipping Lnet/minecraftforge/common/util/JsonUtils;
[23:09:16] [main/DEBUG]: Skipping Lnet/minecraftforge/common/util/JsonUtils$ImmutableMapTypeAdapter;
[23:09:16] [main/DEBUG]: Skipping Lnet/minecraftforge/common/util/JsonUtils$ImmutableListTypeAdapter;
[23:09:16] [main/DEBUG]: Skipping Lnet/minecraftforge/common/util/JsonUtils$4;
[23:09:16] [main/DEBUG]: Skipping Lnet/minecraftforge/common/util/JsonUtils$3;
[23:09:16] [main/DEBUG]: Skipping Lnet/minecraftforge/common/util/JsonUtils$2;
[23:09:16] [main/DEBUG]: Skipping Lnet/minecraftforge/common/util/JsonUtils$1;
[23:09:16] [main/DEBUG]: Skipping Lnet/minecraftforge/common/util/ItemStackMap;
[23:09:16] [main/DEBUG]: Skipping Lnet/minecraftforge/common/util/INBTSerializable;
[23:09:16] [main/DEBUG]: Skipping Lnet/minecraftforge/common/util/INBTBuilder;
[23:09:16] [main/DEBUG]: Skipping Lnet/minecraftforge/common/util/INBTBuilder$Builder;
[23:09:16] [main/DEBUG]: Skipping Lnet/minecraftforge/common/util/HexDumper;
[23:09:16] [main/DEBUG]: Skipping Lnet/minecraftforge/common/util/HexDumper$Instance;
[23:09:16] [main/DEBUG]: Skipping Lnet/minecraftforge/common/util/ForgeSoundType;
[23:09:16] [main/DEBUG]: Skipping Lnet/minecraftforge/common/util/DummySavedData;
[23:09:16] [main/DEBUG]: Skipping Lnet/minecraftforge/common/util/ConcatenatedListView;
[23:09:16] [main/DEBUG]: Skipping Lnet/minecraftforge/common/util/ClearableLazy;
[23:09:16] [main/DEBUG]: Skipping Lnet/minecraftforge/common/util/ClearableLazy$Fast;
[23:09:16] [main/DEBUG]: Skipping Lnet/minecraftforge/common/util/ClearableLazy$Concurrent;
[23:09:16] [main/DEBUG]: Skipping Lnet/minecraftforge/common/util/CenterChunkPosComparator;
[23:09:16] [main/DEBUG]: Skipping Lnet/minecraftforge/common/util/BrainBuilder;
[23:09:16] [main/DEBUG]: Skipping Lnet/minecraftforge/common/util/BlockSnapshot;
[23:09:16] [main/DEBUG]: Skipping Lnet/minecraftforge/common/ticket/SimpleTicket;
[23:09:16] [main/DEBUG]: Skipping Lnet/minecraftforge/common/ticket/ITicketManager;
[23:09:16] [main/DEBUG]: Skipping Lnet/minecraftforge/common/ticket/ITicketGetter;
[23:09:16] [main/DEBUG]: Skipping Lnet/minecraftforge/common/ticket/ChunkTicketManager;
[23:09:16] [main/DEBUG]: Skipping Lnet/minecraftforge/common/ticket/AABBTicket;
[23:09:16] [main/DEBUG]: Skipping Lnet/minecraftforge/common/property/Properties;
[23:09:16] [main/DEBUG]: Skipping Lnet/minecraftforge/common/loot/LootTableIdCondition;
[23:09:16] [main/DEBUG]: Skipping Lnet/minecraftforge/common/loot/LootTableIdCondition$Builder;
[23:09:16] [main/DEBUG]: Skipping Lnet/minecraftforge/common/loot/LootModifierManager;
[23:09:16] [main/DEBUG]: Skipping Lnet/minecraftforge/common/loot/LootModifier;
[23:09:16] [main/DEBUG]: Skipping Lnet/minecraftforge/common/loot/IGlobalLootModifier;
[23:09:16] [main/DEBUG]: Skipping Lnet/minecraftforge/common/loot/CanToolPerformAction;
[23:09:16] [main/DEBUG]: Skipping Lnet/minecraftforge/common/extensions/IForgeTransformation;
[23:09:16] [main/DEBUG]: Skipping Lnet/minecraftforge/common/extensions/IForgeTagAppender;
[23:09:16] [main/DEBUG]: Skipping Lnet/minecraftforge/common/extensions/IForgeServerPlayer;
[23:09:16] [main/DEBUG]: Skipping Lnet/minecraftforge/common/extensions/IForgeResourceKey;
[23:09:16] [main/DEBUG]: Skipping Lnet/minecraftforge/common/extensions/IForgeRawTagBuilder;
[23:09:16] [main/DEBUG]: Skipping Lnet/minecraftforge/common/extensions/IForgePlayer;
[23:09:16] [main/DEBUG]: Skipping Lnet/minecraftforge/common/extensions/IForgePackResources;
[23:09:16] [main/DEBUG]: Skipping Lnet/minecraftforge/common/extensions/IForgeMobEffect;
[23:09:16] [main/DEBUG]: Skipping Lnet/minecraftforge/common/extensions/IForgeMenuType;
[23:09:16] [main/DEBUG]: Skipping Lnet/minecraftforge/common/extensions/IForgeLivingEntity;
[23:09:16] [main/DEBUG]: Skipping Lnet/minecraftforge/common/extensions/IForgeLevelSummary;
[23:09:16] [main/DEBUG]: Skipping Lnet/minecraftforge/common/extensions/IForgeLevelChunk;
[23:09:16] [main/DEBUG]: Skipping Lnet/minecraftforge/common/extensions/IForgeLevel;
[23:09:16] [main/DEBUG]: Skipping Lnet/minecraftforge/common/extensions/IForgeItemStack;
[23:09:16] [main/DEBUG]: Skipping Lnet/minecraftforge/common/extensions/IForgeItem;
[23:09:16] [main/DEBUG]: Skipping Lnet/minecraftforge/common/extensions/IForgeIntrinsicHolderTagAppender;
[23:09:16] [main/DEBUG]: Skipping Lnet/minecraftforge/common/extensions/IForgeHolderSet;
[23:09:16] [main/DEBUG]: Skipping Lnet/minecraftforge/common/extensions/IForgeHolderSet$SerializationType;
[23:09:16] [main/DEBUG]: Skipping Lnet/minecraftforge/common/extensions/IForgeGameTestHelper;
[23:09:16] [main/DEBUG]: Skipping Lnet/minecraftforge/common/extensions/IForgeGameTestHelper$IntFlag;
[23:09:16] [main/DEBUG]: Skipping Lnet/minecraftforge/common/extensions/IForgeGameTestHelper$Flag;
[23:09:16] [main/DEBUG]: Skipping Lnet/minecraftforge/common/extensions/IForgeGameTestHelper$BoolFlag;
[23:09:16] [main/DEBUG]: Skipping Lnet/minecraftforge/common/extensions/IForgeGameTestHelper$1;
[23:09:16] [main/DEBUG]: Skipping Lnet/minecraftforge/common/extensions/IForgeFluidState;
[23:09:16] [main/DEBUG]: Skipping Lnet/minecraftforge/common/extensions/IForgeFluid;
[23:09:16] [main/DEBUG]: Skipping Lnet/minecraftforge/common/extensions/IForgeEntity;
[23:09:16] [main/DEBUG]: Skipping Lnet/minecraftforge/common/extensions/IForgeDispensibleContainerItem;
[23:09:16] [main/DEBUG]: Skipping Lnet/minecraftforge/common/extensions/IForgeCommandSourceStack;
[23:09:16] [main/DEBUG]: Skipping Lnet/minecraftforge/common/extensions/IForgeBucketPickup;
[23:09:16] [main/DEBUG]: Skipping Lnet/minecraftforge/common/extensions/IForgeBoat;
[23:09:16] [main/DEBUG]: Skipping Lnet/minecraftforge/common/extensions/IForgeBlockState;
[23:09:16] [main/DEBUG]: Skipping Lnet/minecraftforge/common/extensions/IForgeBlockGetter;
[23:09:16] [main/DEBUG]: Skipping Lnet/minecraftforge/common/extensions/IForgeBlockEntity;
[23:09:16] [main/DEBUG]: Skipping Lnet/minecraftforge/common/extensions/IForgeBlock;
[23:09:16] [main/DEBUG]: Skipping Lnet/minecraftforge/common/extensions/IForgeBaseRailBlock;
[23:09:16] [main/DEBUG]: Skipping Lnet/minecraftforge/common/extensions/IForgeAbstractMinecart;
[23:09:16] [main/DEBUG]: Skipping Lnet/minecraftforge/common/data/package-info;
[23:09:16] [main/DEBUG]: Skipping Lnet/minecraftforge/common/data/VanillaSoundDefinitionsProvider;
[23:09:16] [main/DEBUG]: Skipping Lnet/minecraftforge/common/data/SpriteSourceProvider;
[23:09:16] [main/DEBUG]: Skipping Lnet/minecraftforge/common/data/SpriteSourceProvider$SourceList;
[23:09:16] [main/DEBUG]: Skipping Lnet/minecraftforge/common/data/SoundDefinitionsProvider;
[23:09:16] [main/DEBUG]: Skipping Lnet/minecraftforge/common/data/SoundDefinitionsProvider$1;
[23:09:17] [main/DEBUG]: Skipping Lnet/minecraftforge/common/data/SoundDefinition;
[23:09:17] [main/DEBUG]: Skipping Lnet/minecraftforge/common/data/SoundDefinition$SoundType;
[23:09:17] [main/DEBUG]: Skipping Lnet/minecraftforge/common/data/SoundDefinition$Sound;
[23:09:17] [main/DEBUG]: Skipping Lnet/minecraftforge/common/data/ParticleDescriptionProvider;
[23:09:17] [main/DEBUG]: Skipping Lnet/minecraftforge/common/data/ParticleDescriptionProvider$1;
[23:09:17] [main/DEBUG]: Skipping Lnet/minecraftforge/common/data/LanguageProvider;
[23:09:17] [main/DEBUG]: Skipping Lnet/minecraftforge/common/data/JsonCodecProvider;
[23:09:17] [main/DEBUG]: Skipping Lnet/minecraftforge/common/data/GlobalLootModifierProvider;
[23:09:17] [main/DEBUG]: Skipping Lnet/minecraftforge/common/data/ForgeStructureTagsProvider;
[23:09:17] [main/DEBUG]: Skipping Lnet/minecraftforge/common/data/ForgeSpriteSourceProvider;
[23:09:17] [main/DEBUG]: Skipping Lnet/minecraftforge/common/data/ForgeRecipeProvider;
[23:09:17] [main/DEBUG]: Skipping Lnet/minecraftforge/common/data/ForgeRecipeProvider$1;
[23:09:17] [main/DEBUG]: Skipping Lnet/minecraftforge/common/data/ForgeLootTableProvider;
[23:09:17] [main/DEBUG]: Skipping Lnet/minecraftforge/common/data/ForgeItemTagsProvider;
[23:09:17] [main/DEBUG]: Skipping Lnet/minecraftforge/common/data/ForgeFluidTagsProvider;
[23:09:17] [main/DEBUG]: Skipping Lnet/minecraftforge/common/data/ForgeEntityTypeTagsProvider;
[23:09:17] [main/DEBUG]: Skipping Lnet/minecraftforge/common/data/ForgeEnchantmentTagsProvider;
[23:09:17] [main/DEBUG]: Skipping Lnet/minecraftforge/common/data/ForgeBlockTagsProvider;
[23:09:17] [main/DEBUG]: Skipping Lnet/minecraftforge/common/data/ForgeBiomeTagsProvider;
[23:09:17] [main/DEBUG]: Skipping Lnet/minecraftforge/common/data/ForgeAdvancementProvider;
[23:09:17] [main/DEBUG]: Skipping Lnet/minecraftforge/common/data/ForgeAdvancementProvider$AdvancementGenerator;
[23:09:17] [main/DEBUG]: Skipping Lnet/minecraftforge/common/data/ExistingFileHelper;
[23:09:17] [main/DEBUG]: Skipping Lnet/minecraftforge/common/data/ExistingFileHelper$ResourceType;
[23:09:17] [main/DEBUG]: Skipping Lnet/minecraftforge/common/data/ExistingFileHelper$IResourceType;
[23:09:17] [main/DEBUG]: Skipping Lnet/minecraftforge/common/data/EnchantmentTagsProvider;
[23:09:17] [main/DEBUG]: Skipping Lnet/minecraftforge/common/data/DatapackBuiltinEntriesProvider;
[23:09:17] [main/DEBUG]: Skipping Lnet/minecraftforge/common/data/BlockTagsProvider;
[23:09:17] [main/DEBUG]: Skipping Lnet/minecraftforge/common/crafting/package-info;
[23:09:17] [main/DEBUG]: Skipping Lnet/minecraftforge/common/crafting/ingredients/StrictNBTIngredient;
[23:09:17] [main/DEBUG]: Skipping Lnet/minecraftforge/common/crafting/ingredients/StrictNBTIngredient$1;
[23:09:17] [main/DEBUG]: Skipping Lnet/minecraftforge/common/crafting/ingredients/PartialNBTIngredient;
[23:09:17] [main/DEBUG]: Skipping Lnet/minecraftforge/common/crafting/ingredients/PartialNBTIngredient$Builder;
[23:09:17] [main/DEBUG]: Skipping Lnet/minecraftforge/common/crafting/ingredients/PartialNBTIngredient$1;
[23:09:17] [main/DEBUG]: Skipping Lnet/minecraftforge/common/crafting/ingredients/IntersectionIngredient;
[23:09:17] [main/DEBUG]: Skipping Lnet/minecraftforge/common/crafting/ingredients/IntersectionIngredient$1;
[23:09:17] [main/DEBUG]: Skipping Lnet/minecraftforge/common/crafting/ingredients/IIngredientSerializer;
[23:09:17] [main/DEBUG]: Skipping Lnet/minecraftforge/common/crafting/ingredients/IIngredientSerializer$1;
[23:09:17] [main/DEBUG]: Skipping Lnet/minecraftforge/common/crafting/ingredients/IIngredientBuilder;
[23:09:17] [main/DEBUG]: Skipping Lnet/minecraftforge/common/crafting/ingredients/DifferenceIngredient;
[23:09:17] [main/DEBUG]: Skipping Lnet/minecraftforge/common/crafting/ingredients/DifferenceIngredient$1;
[23:09:17] [main/DEBUG]: Skipping Lnet/minecraftforge/common/crafting/ingredients/CompoundIngredient;
[23:09:17] [main/DEBUG]: Skipping Lnet/minecraftforge/common/crafting/ingredients/CompoundIngredient$1;
[23:09:17] [main/DEBUG]: Skipping Lnet/minecraftforge/common/crafting/ingredients/AbstractIngredient;
[23:09:17] [main/DEBUG]: Skipping Lnet/minecraftforge/common/crafting/conditions/TrueCondition;
[23:09:17] [main/DEBUG]: Skipping Lnet/minecraftforge/common/crafting/conditions/TagEmptyCondition;
[23:09:17] [main/DEBUG]: Skipping Lnet/minecraftforge/common/crafting/conditions/OrCondition;
[23:09:17] [main/DEBUG]: Skipping Lnet/minecraftforge/common/crafting/conditions/NotCondition;
[23:09:17] [main/DEBUG]: Skipping Lnet/minecraftforge/common/crafting/conditions/ModLoadedCondition;
[23:09:17] [main/DEBUG]: Skipping Lnet/minecraftforge/common/crafting/conditions/ItemExistsCondition;
[23:09:17] [main/DEBUG]: Skipping Lnet/minecraftforge/common/crafting/conditions/IConditionBuilder;
[23:09:17] [main/DEBUG]: Skipping Lnet/minecraftforge/common/crafting/conditions/ICondition;
[23:09:17] [main/DEBUG]: Skipping Lnet/minecraftforge/common/crafting/conditions/ICondition$IContext;
[23:09:17] [main/DEBUG]: Skipping Lnet/minecraftforge/common/crafting/conditions/ICondition$IContext$2;
[23:09:17] [main/DEBUG]: Skipping Lnet/minecraftforge/common/crafting/conditions/ICondition$IContext$1;
[23:09:17] [main/DEBUG]: Skipping Lnet/minecraftforge/common/crafting/conditions/FalseCondition;
[23:09:17] [main/DEBUG]: Skipping Lnet/minecraftforge/common/crafting/conditions/ConditionContext;
[23:09:17] [main/DEBUG]: Skipping Lnet/minecraftforge/common/crafting/conditions/ConditionCodec;
[23:09:17] [main/DEBUG]: Skipping Lnet/minecraftforge/common/crafting/conditions/ConditionCodec$UnwrapDecoder;
[23:09:17] [main/DEBUG]: Skipping Lnet/minecraftforge/common/crafting/conditions/ConditionCodec$OptionalConditionalDecoder;
[23:09:17] [main/DEBUG]: Skipping Lnet/minecraftforge/common/crafting/conditions/AndCondition;
[23:09:17] [main/DEBUG]: Skipping Lnet/minecraftforge/common/crafting/SimpleCraftingContainer;
[23:09:17] [main/DEBUG]: Skipping Lnet/minecraftforge/common/crafting/SimpleCraftingContainer$Builder;
[23:09:17] [main/DEBUG]: Skipping Lnet/minecraftforge/common/crafting/IShapedRecipe;
[23:09:17] [main/DEBUG]: Skipping Lnet/minecraftforge/common/crafting/IRecipeContainer;
[23:09:17] [main/DEBUG]: Skipping Lnet/minecraftforge/common/crafting/ConditionalRecipe;
[23:09:17] [main/DEBUG]: Skipping Lnet/minecraftforge/common/crafting/ConditionalRecipe$Wrapper;
[23:09:17] [main/DEBUG]: Skipping Lnet/minecraftforge/common/crafting/ConditionalRecipe$InnerRecipe;
[23:09:17] [main/DEBUG]: Skipping Lnet/minecraftforge/common/crafting/ConditionalRecipe$InnerAdvancement;
[23:09:17] [main/DEBUG]: Skipping Lnet/minecraftforge/common/crafting/ConditionalRecipe$Holder;
[23:09:17] [main/DEBUG]: Skipping Lnet/minecraftforge/common/crafting/ConditionalRecipe$Builder;
[23:09:17] [main/DEBUG]: Skipping Lnet/minecraftforge/common/crafting/ConditionalRecipe$Builder$1;
[23:09:17] [main/DEBUG]: Skipping Lnet/minecraftforge/common/crafting/ConditionalRecipe$3;
[23:09:17] [main/DEBUG]: Skipping Lnet/minecraftforge/common/crafting/ConditionalRecipe$2;
[23:09:17] [main/DEBUG]: Skipping Lnet/minecraftforge/common/crafting/ConditionalRecipe$1;
[23:09:17] [main/DEBUG]: Skipping Lnet/minecraftforge/common/crafting/ConditionalAdvancement;
[23:09:17] [main/DEBUG]: Skipping Lnet/minecraftforge/common/crafting/ConditionalAdvancement$Builder;
[23:09:17] [main/DEBUG]: Skipping Lnet/minecraftforge/common/crafting/ConditionalAdvancement$Adv;
[23:09:17] [main/DEBUG]: Skipping Lnet/minecraftforge/common/command/IEntitySelectorType;
[23:09:17] [main/DEBUG]: Skipping Lnet/minecraftforge/common/command/EntitySelectorManager;
[23:09:17] [main/DEBUG]: Skipping Lnet/minecraftforge/common/capabilities/RegisterCapabilitiesEvent;
[23:09:17] [main/DEBUG]: Skipping Lnet/minecraftforge/common/capabilities/ICapabilitySerializable;
[23:09:17] [main/DEBUG]: Skipping Lnet/minecraftforge/common/capabilities/ICapabilityProviderImpl;
[23:09:17] [main/DEBUG]: Skipping Lnet/minecraftforge/common/capabilities/ICapabilityProvider;
[23:09:17] [main/DEBUG]: Skipping Lnet/minecraftforge/common/capabilities/ForgeCapabilities;
[23:09:17] [main/DEBUG]: Skipping Lnet/minecraftforge/common/capabilities/ForgeCapabilities$4;
[23:09:17] [main/DEBUG]: Skipping Lnet/minecraftforge/common/capabilities/ForgeCapabilities$3;
[23:09:17] [main/DEBUG]: Skipping Lnet/minecraftforge/common/capabilities/ForgeCapabilities$2;
[23:09:17] [main/DEBUG]: Skipping Lnet/minecraftforge/common/capabilities/ForgeCapabilities$1;
[23:09:17] [main/DEBUG]: Skipping Lnet/minecraftforge/common/capabilities/CapabilityToken;
[23:09:17] [main/DEBUG]: Skipping Lnet/minecraftforge/common/capabilities/CapabilityProvider;
[23:09:17] [main/DEBUG]: Skipping Lnet/minecraftforge/common/capabilities/CapabilityProvider$AsField;
[23:09:17] [main/DEBUG]: Skipping Lnet/minecraftforge/common/capabilities/CapabilityManager;
[23:09:17] [main/DEBUG]: Skipping Lnet/minecraftforge/common/capabilities/CapabilityManager$Key;
[23:09:17] [main/DEBUG]: Skipping Lnet/minecraftforge/common/capabilities/CapabilityDispatcher;
[23:09:17] [main/DEBUG]: Skipping Lnet/minecraftforge/common/capabilities/Capability;
[23:09:17] [main/DEBUG]: Skipping Lnet/minecraftforge/common/capabilities/AutoRegisterCapability;
[23:09:17] [main/DEBUG]: Skipping Lnet/minecraftforge/common/brewing/package-info;
[23:09:17] [main/DEBUG]: Skipping Lnet/minecraftforge/common/brewing/VanillaBrewingRecipe;
[23:09:17] [main/DEBUG]: Skipping Lnet/minecraftforge/common/brewing/IBrewingRecipe;
[23:09:17] [main/DEBUG]: Skipping Lnet/minecraftforge/common/brewing/BrewingRecipe;
[23:09:17] [main/DEBUG]: Skipping Lnet/minecraftforge/common/WorldWorkerManager;
[23:09:17] [main/DEBUG]: Skipping Lnet/minecraftforge/common/WorldWorkerManager$IWorker;
[23:09:17] [main/DEBUG]: Skipping Lnet/minecraftforge/common/VillagerTradingManager;
[23:09:17] [main/DEBUG]: Skipping Lnet/minecraftforge/common/UsernameCache;
[23:09:17] [main/DEBUG]: Skipping Lnet/minecraftforge/common/UsernameCache$SaveThread;
[23:09:17] [main/DEBUG]: Skipping Lnet/minecraftforge/common/UsernameCache$1;
[23:09:17] [main/DEBUG]: Skipping Lnet/minecraftforge/common/ToolActions;
[23:09:17] [main/DEBUG]: Skipping Lnet/minecraftforge/common/ToolAction;
[23:09:17] [main/DEBUG]: Skipping Lnet/minecraftforge/common/Tags;
[23:09:17] [main/DEBUG]: Skipping Lnet/minecraftforge/common/Tags$Structures;
[23:09:17] [main/DEBUG]: Skipping Lnet/minecraftforge/common/Tags$Items;
[23:09:17] [main/DEBUG]: Skipping Lnet/minecraftforge/common/Tags$Fluids;
[23:09:17] [main/DEBUG]: Skipping Lnet/minecraftforge/common/Tags$EntityTypes;
[23:09:17] [main/DEBUG]: Skipping Lnet/minecraftforge/common/Tags$Enchantments;
[23:09:17] [main/DEBUG]: Skipping Lnet/minecraftforge/common/Tags$Blocks;
[23:09:17] [main/DEBUG]: Skipping Lnet/minecraftforge/common/Tags$Biomes;
[23:09:17] [main/DEBUG]: Skipping Lnet/minecraftforge/common/TagConventionMigrationHelper;
[23:09:17] [main/DEBUG]: Skipping Lnet/minecraftforge/common/TagConventionMigrationHelper$1;
[23:09:17] [main/DEBUG]: Skipping Lnet/minecraftforge/common/TagConventionMappings;
[23:09:17] [main/DEBUG]: Skipping Lnet/minecraftforge/common/SoundActions;
[23:09:17] [main/DEBUG]: Skipping Lnet/minecraftforge/common/SoundAction;
[23:09:17] [main/DEBUG]: Skipping Lnet/minecraftforge/common/PlantType;
[23:09:17] [main/DEBUG]: Skipping Lnet/minecraftforge/common/MinecraftForge;
[23:09:17] [main/DEBUG]: Skipping Lnet/minecraftforge/common/LenientUnboundedMapCodec;
[23:09:17] [main/DEBUG]: Skipping Lnet/minecraftforge/common/IPlantable;
[23:09:17] [main/DEBUG]: Skipping Lnet/minecraftforge/common/IMinecartCollisionHandler;
[23:09:17] [main/DEBUG]: Skipping Lnet/minecraftforge/common/IForgeShearable;
[23:09:17] [main/DEBUG]: Skipping Lnet/minecraftforge/common/IExtensibleEnum;
[23:09:17] [main/DEBUG]: Skipping Lnet/minecraftforge/common/ForgeTier;
[23:09:17] [main/DEBUG]: Skipping Lnet/minecraftforge/common/ForgeStatesProvider;
[23:09:17] [main/DEBUG]: Skipping Lnet/minecraftforge/common/ForgeSpawnEggItem;
[23:09:17] [main/DEBUG]: Skipping Lnet/minecraftforge/common/ForgeSpawnEggItem$CommonHandler;
[23:09:17] [main/DEBUG]: Skipping Lnet/minecraftforge/common/ForgeSpawnEggItem$ColorRegisterHandler;
[23:09:17] [main/DEBUG]: Skipping Lnet/minecraftforge/common/ForgeMod;
[23:09:17] [main/DEBUG]: Skipping Lnet/minecraftforge/common/ForgeMod$4;
[23:09:17] [main/DEBUG]: Skipping Lnet/minecraftforge/common/ForgeMod$4$1;
[23:09:17] [main/DEBUG]: Skipping Lnet/minecraftforge/common/ForgeMod$3;
[23:09:17] [main/DEBUG]: Skipping Lnet/minecraftforge/common/ForgeMod$3$1;
[23:09:17] [main/DEBUG]: Skipping Lnet/minecraftforge/common/ForgeMod$2;
[23:09:17] [main/DEBUG]: Skipping Lnet/minecraftforge/common/ForgeMod$2$1;
[23:09:17] [main/DEBUG]: Skipping Lnet/minecraftforge/common/ForgeMod$1;
[23:09:17] [main/DEBUG]: Skipping Lnet/minecraftforge/common/ForgeInternalHandler;
[23:09:17] [main/DEBUG]: Skipping Lnet/minecraftforge/common/ForgeI18n;
[23:09:17] [main/DEBUG]: Skipping Lnet/minecraftforge/common/ForgeI18n$CustomReadOnlyFormat;
[23:09:17] [main/DEBUG]: Skipping Lnet/minecraftforge/common/ForgeHooks;
[23:09:17] [main/DEBUG]: Skipping Lnet/minecraftforge/common/ForgeHooks$BiomeCallbackFunction;
[23:09:17] [main/DEBUG]: Skipping Lnet/minecraftforge/common/ForgeHooks$2;
[23:09:17] [main/DEBUG]: Skipping Lnet/minecraftforge/common/ForgeHooks$1;
[23:09:17] [main/DEBUG]: Skipping Lnet/minecraftforge/common/ForgeConfigSpec;
[23:09:17] [main/DEBUG]: Skipping Lnet/minecraftforge/common/ForgeConfigSpec$ValueSpec;
[23:09:17] [main/DEBUG]: Skipping Lnet/minecraftforge/common/ForgeConfigSpec$ShortValue;
[23:09:17] [main/DEBUG]: Skipping Lnet/minecraftforge/common/ForgeConfigSpec$Range;
[23:09:17] [main/DEBUG]: Skipping Lnet/minecraftforge/common/ForgeConfigSpec$LongValue;
[23:09:17] [main/DEBUG]: Skipping Lnet/minecraftforge/common/ForgeConfigSpec$IntValue;
[23:09:17] [main/DEBUG]: Skipping Lnet/minecraftforge/common/ForgeConfigSpec$FloatValue;
[23:09:17] [main/DEBUG]: Skipping Lnet/minecraftforge/common/ForgeConfigSpec$EnumValue;
[23:09:17] [main/DEBUG]: Skipping Lnet/minecraftforge/common/ForgeConfigSpec$DoubleValue;
[23:09:17] [main/DEBUG]: Skipping Lnet/minecraftforge/common/ForgeConfigSpec$ConfigValue;
[23:09:17] [main/DEBUG]: Skipping Lnet/minecraftforge/common/ForgeConfigSpec$ByteValue;
[23:09:17] [main/DEBUG]: Skipping Lnet/minecraftforge/common/ForgeConfigSpec$BuilderContext;
[23:09:17] [main/DEBUG]: Skipping Lnet/minecraftforge/common/ForgeConfigSpec$Builder;
[23:09:17] [main/DEBUG]: Skipping Lnet/minecraftforge/common/ForgeConfigSpec$Builder$BuilderConsumer;
[23:09:17] [main/DEBUG]: Skipping Lnet/minecraftforge/common/ForgeConfigSpec$Builder$2;
[23:09:17] [main/DEBUG]: Skipping Lnet/minecraftforge/common/ForgeConfigSpec$Builder$1;
[23:09:17] [main/DEBUG]: Skipping Lnet/minecraftforge/common/ForgeConfigSpec$BooleanValue;
[23:09:17] [main/DEBUG]: Skipping Lnet/minecraftforge/common/ForgeConfig;
[23:09:17] [main/DEBUG]: Skipping Lnet/minecraftforge/common/ForgeConfig$Server;
[23:09:17] [main/DEBUG]: Skipping Lnet/minecraftforge/common/ForgeConfig$Common;
[23:09:17] [main/DEBUG]: Skipping Lnet/minecraftforge/common/ForgeConfig$Common$MigrationHelperMode;
[23:09:17] [main/DEBUG]: Skipping Lnet/minecraftforge/common/ForgeConfig$Client;
[23:09:17] [main/DEBUG]: Skipping Lnet/minecraftforge/common/FarmlandWaterManager;
[23:09:17] [main/DEBUG]: Skipping Lnet/minecraftforge/common/DungeonHooks;
[23:09:17] [main/DEBUG]: Skipping Lnet/minecraftforge/common/DungeonHooks$DungeonMob;
[23:09:17] [main/DEBUG]: Skipping Lnet/minecraftforge/common/CreativeModeTabRegistry;
[23:09:17] [main/DEBUG]: Skipping Lnet/minecraftforge/common/CreativeModeTabRegistry$1;
[23:09:17] [main/DEBUG]: Skipping Lnet/minecraftforge/common/BiomeManager;
[23:09:17] [main/DEBUG]: Skipping Lnet/minecraftforge/common/BiomeManager$TrackedList;
[23:09:17] [main/DEBUG]: Skipping Lnet/minecraftforge/common/BiomeManager$BiomeType;
[23:09:17] [main/DEBUG]: Skipping Lnet/minecraftforge/common/BiomeManager$BiomeEntry;
[23:09:17] [main/DEBUG]: Skipping Lnet/minecraftforge/client/textures/UnitTextureAtlasSprite;
[23:09:17] [main/DEBUG]: Skipping Lnet/minecraftforge/client/textures/TextureAtlasSpriteLoaderManager;
[23:09:17] [main/DEBUG]: Skipping Lnet/minecraftforge/client/textures/ITextureAtlasSpriteLoader;
[23:09:17] [main/DEBUG]: Skipping Lnet/minecraftforge/client/textures/ForgeTextureMetadata;
[23:09:17] [main/DEBUG]: Skipping Lnet/minecraftforge/client/textures/ForgeTextureMetadata$Serializer;
[23:09:17] [main/DEBUG]: Skipping Lnet/minecraftforge/client/settings/KeyModifier;
[23:09:17] [main/DEBUG]: Skipping Lnet/minecraftforge/client/settings/KeyModifier$4;
[23:09:17] [main/DEBUG]: Skipping Lnet/minecraftforge/client/settings/KeyModifier$3;
[23:09:17] [main/DEBUG]: Skipping Lnet/minecraftforge/client/settings/KeyModifier$2;
[23:09:17] [main/DEBUG]: Skipping Lnet/minecraftforge/client/settings/KeyModifier$1;
[23:09:17] [main/DEBUG]: Skipping Lnet/minecraftforge/client/settings/KeyMappingLookup;
[23:09:17] [main/DEBUG]: Skipping Lnet/minecraftforge/client/settings/KeyConflictContext;
[23:09:17] [main/DEBUG]: Skipping Lnet/minecraftforge/client/settings/KeyConflictContext$3;
[23:09:17] [main/DEBUG]: Skipping Lnet/minecraftforge/client/settings/KeyConflictContext$2;
[23:09:17] [main/DEBUG]: Skipping Lnet/minecraftforge/client/settings/KeyConflictContext$1;
[23:09:17] [main/DEBUG]: Skipping Lnet/minecraftforge/client/settings/IKeyConflictContext;
[23:09:17] [main/DEBUG]: Skipping Lnet/minecraftforge/client/model/renderable/ITextureRenderTypeLookup;
[23:09:17] [main/DEBUG]: Skipping Lnet/minecraftforge/client/model/renderable/IRenderable;
[23:09:17] [main/DEBUG]: Skipping Lnet/minecraftforge/client/model/renderable/CompositeRenderable;
[23:09:17] [main/DEBUG]: Skipping Lnet/minecraftforge/client/model/renderable/CompositeRenderable$Transforms;
[23:09:17] [main/DEBUG]: Skipping Lnet/minecraftforge/client/model/renderable/CompositeRenderable$PartBuilder;
[23:09:17] [main/DEBUG]: Skipping Lnet/minecraftforge/client/model/renderable/CompositeRenderable$Mesh;
[23:09:17] [main/DEBUG]: Skipping Lnet/minecraftforge/client/model/renderable/CompositeRenderable$Component;
[23:09:17] [main/DEBUG]: Skipping Lnet/minecraftforge/client/model/renderable/CompositeRenderable$Builder;
[23:09:17] [main/DEBUG]: Skipping Lnet/minecraftforge/client/model/renderable/BakedModelRenderable;
[23:09:17] [main/DEBUG]: Skipping Lnet/minecraftforge/client/model/renderable/BakedModelRenderable$Context;
[23:09:17] [main/DEBUG]: Skipping Lnet/minecraftforge/client/model/pipeline/package-info;
[23:09:17] [main/DEBUG]: Skipping Lnet/minecraftforge/client/model/pipeline/VertexConsumerWrapper;
[23:09:17] [main/DEBUG]: Skipping Lnet/minecraftforge/client/model/pipeline/TransformingVertexPipeline;
[23:09:17] [main/DEBUG]: Skipping Lnet/minecraftforge/client/model/pipeline/QuadBakingVertexConsumer;
[23:09:17] [main/DEBUG]: Skipping Lnet/minecraftforge/client/model/pipeline/QuadBakingVertexConsumer$Buffered;
[23:09:17] [main/DEBUG]: Skipping Lnet/minecraftforge/client/model/package-info;
[23:09:17] [main/DEBUG]: Skipping Lnet/minecraftforge/client/model/obj/package-info;
[23:09:17] [main/DEBUG]: Skipping Lnet/minecraftforge/client/model/obj/ObjTokenizer;
[23:09:17] [main/DEBUG]: Skipping Lnet/minecraftforge/client/model/obj/ObjModel;
[23:09:17] [main/DEBUG]: Skipping Lnet/minecraftforge/client/model/obj/ObjModel$ModelSettings;
[23:09:17] [main/DEBUG]: Skipping Lnet/minecraftforge/client/model/obj/ObjModel$ModelObject;
[23:09:17] [main/DEBUG]: Skipping Lnet/minecraftforge/client/model/obj/ObjModel$ModelMesh;
[23:09:17] [main/DEBUG]: Skipping Lnet/minecraftforge/client/model/obj/ObjModel$ModelGroup;
[23:09:17] [main/DEBUG]: Skipping Lnet/minecraftforge/client/model/obj/ObjMaterialLibrary;
[23:09:17] [main/DEBUG]: Skipping Lnet/minecraftforge/client/model/obj/ObjMaterialLibrary$Material;
[23:09:17] [main/DEBUG]: Skipping Lnet/minecraftforge/client/model/obj/ObjLoader;
[23:09:17] [main/DEBUG]: Skipping Lnet/minecraftforge/client/model/lighting/SmoothQuadLighter;
[23:09:17] [main/DEBUG]: Skipping Lnet/minecraftforge/client/model/lighting/QuadLighter;
[23:09:17] [main/DEBUG]: Skipping Lnet/minecraftforge/client/model/lighting/ForgeModelBlockRenderer;
[23:09:17] [main/DEBUG]: Skipping Lnet/minecraftforge/client/model/lighting/FlatQuadLighter;
[23:09:17] [main/DEBUG]: Skipping Lnet/minecraftforge/client/model/geometry/UnbakedGeometryHelper;
[23:09:17] [main/DEBUG]: Skipping Lnet/minecraftforge/client/model/geometry/StandaloneGeometryBakingContext;
[23:09:17] [main/DEBUG]: Skipping Lnet/minecraftforge/client/model/geometry/StandaloneGeometryBakingContext$Builder;
[23:09:17] [main/DEBUG]: Skipping Lnet/minecraftforge/client/model/geometry/SimpleUnbakedGeometry;
[23:09:17] [main/DEBUG]: Skipping Lnet/minecraftforge/client/model/geometry/IUnbakedGeometry;
[23:09:17] [main/DEBUG]: Skipping Lnet/minecraftforge/client/model/geometry/IGeometryLoader;
[23:09:17] [main/DEBUG]: Skipping Lnet/minecraftforge/client/model/geometry/IGeometryBakingContext;
[23:09:17] [main/DEBUG]: Skipping Lnet/minecraftforge/client/model/geometry/GeometryLoaderManager;
[23:09:17] [main/DEBUG]: Skipping Lnet/minecraftforge/client/model/geometry/BlockGeometryBakingContext;
[23:09:17] [main/DEBUG]: Skipping Lnet/minecraftforge/client/model/geometry/BlockGeometryBakingContext$VisibilityData;
[23:09:17] [main/DEBUG]: Skipping Lnet/minecraftforge/client/model/generators/loaders/SeparateTransformsModelBuilder;
[23:09:17] [main/DEBUG]: Skipping Lnet/minecraftforge/client/model/generators/loaders/ObjModelBuilder;
[23:09:17] [main/DEBUG]: Skipping Lnet/minecraftforge/client/model/generators/loaders/ItemLayerModelBuilder;
[23:09:17] [main/DEBUG]: Skipping Lnet/minecraftforge/client/model/generators/loaders/DynamicFluidContainerModelBuilder;
[23:09:17] [main/DEBUG]: Skipping Lnet/minecraftforge/client/model/generators/loaders/CompositeModelBuilder;
[23:09:17] [main/DEBUG]: Skipping Lnet/minecraftforge/client/model/generators/VariantBlockStateBuilder;
[23:09:17] [main/DEBUG]: Skipping Lnet/minecraftforge/client/model/generators/VariantBlockStateBuilder$PartialBlockstate;
[23:09:17] [main/DEBUG]: Skipping Lnet/minecraftforge/client/model/generators/MultiPartBlockStateBuilder;
[23:09:17] [main/DEBUG]: Skipping Lnet/minecraftforge/client/model/generators/MultiPartBlockStateBuilder$PartBuilder;
[23:09:17] [main/DEBUG]: Skipping Lnet/minecraftforge/client/model/generators/MultiPartBlockStateBuilder$PartBuilder$ConditionGroup;
[23:09:17] [main/DEBUG]: Skipping Lnet/minecraftforge/client/model/generators/ModelProvider;
[23:09:17] [main/DEBUG]: Skipping Lnet/minecraftforge/client/model/generators/ModelFile;
[23:09:17] [main/DEBUG]: Skipping Lnet/minecraftforge/client/model/generators/ModelFile$UncheckedModelFile;
[23:09:17] [main/DEBUG]: Skipping Lnet/minecraftforge/client/model/generators/ModelFile$ExistingModelFile;
[23:09:17] [main/DEBUG]: Skipping Lnet/minecraftforge/client/model/generators/ModelBuilder;
[23:09:17] [main/DEBUG]: Skipping Lnet/minecraftforge/client/model/generators/ModelBuilder$TransformsBuilder;
[23:09:17] [main/DEBUG]: Skipping Lnet/minecraftforge/client/model/generators/ModelBuilder$TransformsBuilder$TransformVecBuilder;
[23:09:17] [main/DEBUG]: Skipping Lnet/minecraftforge/client/model/generators/ModelBuilder$RootTransformsBuilder;
[23:09:17] [main/DEBUG]: Skipping Lnet/minecraftforge/client/model/generators/ModelBuilder$FaceRotation;
[23:09:17] [main/DEBUG]: Skipping Lnet/minecraftforge/client/model/generators/ModelBuilder$ElementBuilder;
[23:09:17] [main/DEBUG]: Skipping Lnet/minecraftforge/client/model/generators/ModelBuilder$ElementBuilder$RotationBuilder;
[23:09:17] [main/DEBUG]: Skipping Lnet/minecraftforge/client/model/generators/ModelBuilder$ElementBuilder$FaceBuilder;
[23:09:17] [main/DEBUG]: Skipping Lnet/minecraftforge/client/model/generators/ItemModelProvider;
[23:09:17] [main/DEBUG]: Skipping Lnet/minecraftforge/client/model/generators/ItemModelBuilder;
[23:09:17] [main/DEBUG]: Skipping Lnet/minecraftforge/client/model/generators/ItemModelBuilder$OverrideBuilder;
[23:09:17] [main/DEBUG]: Skipping Lnet/minecraftforge/client/model/generators/IGeneratedBlockState;
[23:09:17] [main/DEBUG]: Skipping Lnet/minecraftforge/client/model/generators/CustomLoaderBuilder;
[23:09:17] [main/DEBUG]: Skipping Lnet/minecraftforge/client/model/generators/ConfiguredModel;
[23:09:17] [main/DEBUG]: Skipping Lnet/minecraftforge/client/model/generators/ConfiguredModel$Builder;
[23:09:17] [main/DEBUG]: Skipping Lnet/minecraftforge/client/model/generators/BlockStateProvider;
[23:09:17] [main/DEBUG]: Skipping Lnet/minecraftforge/client/model/generators/BlockStateProvider$ConfiguredModelList;
[23:09:17] [main/DEBUG]: Skipping Lnet/minecraftforge/client/model/generators/BlockStateProvider$2;
[23:09:17] [main/DEBUG]: Skipping Lnet/minecraftforge/client/model/generators/BlockStateProvider$1;
[23:09:17] [main/DEBUG]: Skipping Lnet/minecraftforge/client/model/generators/BlockModelProvider;
[23:09:17] [main/DEBUG]: Skipping Lnet/minecraftforge/client/model/generators/BlockModelBuilder;
[23:09:17] [main/DEBUG]: Skipping Lnet/minecraftforge/client/model/data/MultipartModelData;
[23:09:17] [main/DEBUG]: Skipping Lnet/minecraftforge/client/model/data/MultipartModelData$Builder;
[23:09:17] [main/DEBUG]: Skipping Lnet/minecraftforge/client/model/data/ModelProperty;
[23:09:17] [main/DEBUG]: Skipping Lnet/minecraftforge/client/model/data/ModelDataManager;
[23:09:17] [main/DEBUG]: Skipping Lnet/minecraftforge/client/model/data/ModelData;
[23:09:17] [main/DEBUG]: Skipping Lnet/minecraftforge/client/model/data/ModelData$Builder;
[23:09:17] [main/DEBUG]: Skipping Lnet/minecraftforge/client/model/SimpleModelState;
[23:09:17] [main/DEBUG]: Skipping Lnet/minecraftforge/client/model/SeparateTransformsModel;
[23:09:17] [main/DEBUG]: Skipping Lnet/minecraftforge/client/model/SeparateTransformsModel$Loader;
[23:09:17] [main/DEBUG]: Skipping Lnet/minecraftforge/client/model/SeparateTransformsModel$Baked;
[23:09:17] [main/DEBUG]: Skipping Lnet/minecraftforge/client/model/QuadTransformers;
[23:09:17] [main/DEBUG]: Skipping Lnet/minecraftforge/client/model/ItemLayerModel;
[23:09:17] [main/DEBUG]: Skipping Lnet/minecraftforge/client/model/ItemLayerModel$Loader;
[23:09:17] [main/DEBUG]: Skipping Lnet/minecraftforge/client/model/IQuadTransformer;
[23:09:17] [main/DEBUG]: Skipping Lnet/minecraftforge/client/model/IModelBuilder;
[23:09:17] [main/DEBUG]: Skipping Lnet/minecraftforge/client/model/IModelBuilder$Simple;
[23:09:17] [main/DEBUG]: Skipping Lnet/minecraftforge/client/model/IModelBuilder$Collecting;
[23:09:17] [main/DEBUG]: Skipping Lnet/minecraftforge/client/model/IDynamicBakedModel;
[23:09:17] [main/DEBUG]: Skipping Lnet/minecraftforge/client/model/ForgeItemModelShaper;
[23:09:17] [main/DEBUG]: Skipping Lnet/minecraftforge/client/model/ForgeFaceData;
[23:09:17] [main/DEBUG]: Skipping Lnet/minecraftforge/client/model/ExtendedBlockModelDeserializer;
[23:09:17] [main/DEBUG]: Skipping Lnet/minecraftforge/client/model/EmptyModel;
[23:09:17] [main/DEBUG]: Skipping Lnet/minecraftforge/client/model/EmptyModel$Baked;
[23:09:17] [main/DEBUG]: Skipping Lnet/minecraftforge/client/model/ElementsModel;
[23:09:17] [main/DEBUG]: Skipping Lnet/minecraftforge/client/model/ElementsModel$Loader;
[23:09:17] [main/DEBUG]: Skipping Lnet/minecraftforge/client/model/DynamicFluidContainerModel;
[23:09:17] [main/DEBUG]: Skipping Lnet/minecraftforge/client/model/DynamicFluidContainerModel$Loader;
[23:09:17] [main/DEBUG]: Skipping Lnet/minecraftforge/client/model/DynamicFluidContainerModel$ContainedFluidOverrideHandler;
[23:09:17] [main/DEBUG]: Skipping Lnet/minecraftforge/client/model/DynamicFluidContainerModel$Colors;
[23:09:17] [main/DEBUG]: Skipping Lnet/minecraftforge/client/model/CompositeModel;
[23:09:17] [main/DEBUG]: Skipping Lnet/minecraftforge/client/model/CompositeModel$Loader;
[23:09:17] [main/DEBUG]: Skipping Lnet/minecraftforge/client/model/CompositeModel$Data;
[23:09:17] [main/DEBUG]: Skipping Lnet/minecraftforge/client/model/CompositeModel$Data$Builder;
[23:09:17] [main/DEBUG]: Skipping Lnet/minecraftforge/client/model/CompositeModel$Baked;
[23:09:17] [main/DEBUG]: Skipping Lnet/minecraftforge/client/model/CompositeModel$Baked$Builder;
[23:09:17] [main/DEBUG]: Skipping Lnet/minecraftforge/client/model/BakedModelWrapper;
[23:09:17] [main/DEBUG]: Skipping Lnet/minecraftforge/client/loading/NoVizFallback;
[23:09:17] [main/DEBUG]: Skipping Lnet/minecraftforge/client/loading/ForgeLoadingOverlay;
[23:09:17] [main/DEBUG]: Skipping Lnet/minecraftforge/client/loading/ClientModLoader;
[23:09:17] [main/DEBUG]: Skipping Lnet/minecraftforge/client/gui/widget/ScrollPanel;
[23:09:17] [main/DEBUG]: Skipping Lnet/minecraftforge/client/gui/widget/ModListWidget;
[23:09:17] [main/DEBUG]: Skipping Lnet/minecraftforge/client/gui/widget/ModListWidget$ModEntry;
[23:09:17] [main/DEBUG]: Skipping Lnet/minecraftforge/client/gui/widget/ForgeSlider;
[23:09:17] [main/DEBUG]: Skipping Lnet/minecraftforge/client/gui/widget/ExtendedButton;
[23:09:17] [main/DEBUG]: Skipping Lnet/minecraftforge/client/gui/overlay/ForgeLayeredDraw;
[23:09:17] [main/DEBUG]: Skipping Lnet/minecraftforge/client/gui/overlay/ForgeLayeredDraw$LayerOffset;
[23:09:17] [main/DEBUG]: Skipping Lnet/minecraftforge/client/gui/TitleScreenModUpdateIndicator;
[23:09:17] [main/DEBUG]: Skipping Lnet/minecraftforge/client/gui/ModMismatchDisconnectedScreen;
[23:09:17] [main/DEBUG]: Skipping Lnet/minecraftforge/client/gui/ModMismatchDisconnectedScreen$MismatchInfoPanel;
[23:09:17] [main/DEBUG]: Skipping Lnet/minecraftforge/client/gui/ModListScreen;
[23:09:17] [main/DEBUG]: Skipping Lnet/minecraftforge/client/gui/ModListScreen$SortType;
[23:09:17] [main/DEBUG]: Skipping Lnet/minecraftforge/client/gui/ModListScreen$SortType$2;
[23:09:17] [main/DEBUG]: Skipping Lnet/minecraftforge/client/gui/ModListScreen$SortType$1;
[23:09:17] [main/DEBUG]: Skipping Lnet/minecraftforge/client/gui/ModListScreen$InfoPanel;
[23:09:17] [main/DEBUG]: Skipping Lnet/minecraftforge/client/gui/ModListScreen$1;
[23:09:17] [main/DEBUG]: Skipping Lnet/minecraftforge/client/gui/LoadingErrorScreen;
[23:09:17] [main/DEBUG]: Skipping Lnet/minecraftforge/client/gui/LoadingErrorScreen$LoadingEntryList;
[23:09:17] [main/DEBUG]: Skipping Lnet/minecraftforge/client/gui/LoadingErrorScreen$LoadingEntryList$LoadingMessageEntry;
[23:09:17] [main/DEBUG]: Skipping Lnet/minecraftforge/client/gui/CreativeTabsScreenPage;
[23:09:17] [main/DEBUG]: Skipping Lnet/minecraftforge/client/gui/ClientTooltipComponentManager;
[23:09:17] [main/DEBUG]: Skipping Lnet/minecraftforge/client/extensions/package-info;
[23:09:17] [main/DEBUG]: Skipping Lnet/minecraftforge/client/extensions/common/IClientMobEffectExtensions;
[23:09:17] [main/DEBUG]: Skipping Lnet/minecraftforge/client/extensions/common/IClientMobEffectExtensions$1;
[23:09:17] [main/DEBUG]: Skipping Lnet/minecraftforge/client/extensions/common/IClientItemExtensions;
[23:09:17] [main/DEBUG]: Skipping Lnet/minecraftforge/client/extensions/common/IClientItemExtensions$FontContext;
[23:09:17] [main/DEBUG]: Skipping Lnet/minecraftforge/client/extensions/common/IClientItemExtensions$1;
[23:09:17] [main/DEBUG]: Skipping Lnet/minecraftforge/client/extensions/common/IClientFluidTypeExtensions;
[23:09:17] [main/DEBUG]: Skipping Lnet/minecraftforge/client/extensions/common/IClientFluidTypeExtensions$1;
[23:09:17] [main/DEBUG]: Skipping Lnet/minecraftforge/client/extensions/common/IClientBlockExtensions;
[23:09:17] [main/DEBUG]: Skipping Lnet/minecraftforge/client/extensions/common/IClientBlockExtensions$1;
[23:09:17] [main/DEBUG]: Skipping Lnet/minecraftforge/client/extensions/IForgeVertexFormat;
[23:09:17] [main/DEBUG]: Skipping Lnet/minecraftforge/client/extensions/IForgeVertexConsumer;
[23:09:17] [main/DEBUG]: Skipping Lnet/minecraftforge/client/extensions/IForgePoseStack;
[23:09:17] [main/DEBUG]: Skipping Lnet/minecraftforge/client/extensions/IForgeModelBaker;
[23:09:17] [main/DEBUG]: Skipping Lnet/minecraftforge/client/extensions/IForgeMinecraft;
[23:09:17] [main/DEBUG]: Skipping Lnet/minecraftforge/client/extensions/IForgeKeyMapping;
[23:09:17] [main/DEBUG]: Skipping Lnet/minecraftforge/client/extensions/IForgeGuiGraphics;
[23:09:17] [main/DEBUG]: Skipping Lnet/minecraftforge/client/extensions/IForgeFont;
[23:09:17] [main/DEBUG]: Skipping Lnet/minecraftforge/client/extensions/IForgeElytraLayer;
[23:09:17] [main/DEBUG]: Skipping Lnet/minecraftforge/client/extensions/IForgeDimensionSpecialEffects;
[23:09:17] [main/DEBUG]: Skipping Lnet/minecraftforge/client/extensions/IForgeBlockAndTintGetter;
[23:09:17] [main/DEBUG]: Skipping Lnet/minecraftforge/client/extensions/IForgeBakedModel;
[23:09:17] [main/DEBUG]: Skipping Lnet/minecraftforge/client/event/sound/package-info;
[23:09:17] [main/DEBUG]: Skipping Lnet/minecraftforge/client/event/sound/SoundEvent;
[23:09:17] [main/DEBUG]: Skipping Lnet/minecraftforge/client/event/sound/SoundEvent$SoundSourceEvent;
[23:09:17] [main/DEBUG]: Skipping Lnet/minecraftforge/client/event/sound/SoundEngineLoadEvent;
[23:09:17] [main/DEBUG]: Skipping Lnet/minecraftforge/client/event/sound/PlayStreamingSourceEvent;
[23:09:17] [main/DEBUG]: Skipping Lnet/minecraftforge/client/event/sound/PlaySoundSourceEvent;
[23:09:17] [main/DEBUG]: Skipping Lnet/minecraftforge/client/event/sound/PlaySoundEvent;
[23:09:17] [main/DEBUG]: Skipping Lnet/minecraftforge/client/event/package-info;
[23:09:17] [main/DEBUG]: Skipping Lnet/minecraftforge/client/event/ViewportEvent;
[23:09:17] [main/DEBUG]: Skipping Lnet/minecraftforge/client/event/ViewportEvent$RenderFog;
[23:09:17] [main/DEBUG]: Skipping Lnet/minecraftforge/client/event/ViewportEvent$ComputeFov;
[23:09:17] [main/DEBUG]: Skipping Lnet/minecraftforge/client/event/ViewportEvent$ComputeFogColor;
[23:09:17] [main/DEBUG]: Skipping Lnet/minecraftforge/client/event/ViewportEvent$ComputeCameraAngles;
[23:09:17] [main/DEBUG]: Skipping Lnet/minecraftforge/client/event/ToastAddEvent;
[23:09:17] [main/DEBUG]: Skipping Lnet/minecraftforge/client/event/TextureStitchEvent;
[23:09:17] [main/DEBUG]: Skipping Lnet/minecraftforge/client/event/TextureStitchEvent$Post;
[23:09:17] [main/DEBUG]: Skipping Lnet/minecraftforge/client/event/SystemMessageReceivedEvent;
[23:09:17] [main/DEBUG]: Skipping Lnet/minecraftforge/client/event/ScreenshotEvent;
[23:09:17] [main/DEBUG]: Skipping Lnet/minecraftforge/client/event/ScreenEvent;
[23:09:17] [main/DEBUG]: Skipping Lnet/minecraftforge/client/event/ScreenEvent$RenderInventoryMobEffects;
[23:09:17] [main/DEBUG]: Skipping Lnet/minecraftforge/client/event/ScreenEvent$Render;
[23:09:17] [main/DEBUG]: Skipping Lnet/minecraftforge/client/event/ScreenEvent$Render$Pre;
[23:09:17] [main/DEBUG]: Skipping Lnet/minecraftforge/client/event/ScreenEvent$Render$Post;
[23:09:17] [main/DEBUG]: Skipping Lnet/minecraftforge/client/event/ScreenEvent$Opening;
[23:09:17] [main/DEBUG]: Skipping Lnet/minecraftforge/client/event/ScreenEvent$MouseScrolled;
[23:09:17] [main/DEBUG]: Skipping Lnet/minecraftforge/client/event/ScreenEvent$MouseScrolled$Pre;
[23:09:17] [main/DEBUG]: Skipping Lnet/minecraftforge/client/event/ScreenEvent$MouseScrolled$Post;
[23:09:17] [main/DEBUG]: Skipping Lnet/minecraftforge/client/event/ScreenEvent$MouseInput;
[23:09:17] [main/DEBUG]: Skipping Lnet/minecraftforge/client/event/ScreenEvent$MouseDragged;
[23:09:17] [main/DEBUG]: Skipping Lnet/minecraftforge/client/event/ScreenEvent$MouseDragged$Pre;
[23:09:17] [main/DEBUG]: Skipping Lnet/minecraftforge/client/event/ScreenEvent$MouseDragged$Post;
[23:09:17] [main/DEBUG]: Skipping Lnet/minecraftforge/client/event/ScreenEvent$MouseButtonReleased;
[23:09:17] [main/DEBUG]: Skipping Lnet/minecraftforge/client/event/ScreenEvent$MouseButtonReleased$Pre;
[23:09:17] [main/DEBUG]: Skipping Lnet/minecraftforge/client/event/ScreenEvent$MouseButtonReleased$Post;
[23:09:17] [main/DEBUG]: Skipping Lnet/minecraftforge/client/event/ScreenEvent$MouseButtonPressed;
[23:09:17] [main/DEBUG]: Skipping Lnet/minecraftforge/client/event/ScreenEvent$MouseButtonPressed$Pre;
[23:09:17] [main/DEBUG]: Skipping Lnet/minecraftforge/client/event/ScreenEvent$MouseButtonPressed$Post;
[23:09:17] [main/DEBUG]: Skipping Lnet/minecraftforge/client/event/ScreenEvent$KeyReleased;
[23:09:17] [main/DEBUG]: Skipping Lnet/minecraftforge/client/event/ScreenEvent$KeyReleased$Pre;
[23:09:17] [main/DEBUG]: Skipping Lnet/minecraftforge/client/event/ScreenEvent$KeyReleased$Post;
[23:09:17] [main/DEBUG]: Skipping Lnet/minecraftforge/client/event/ScreenEvent$KeyPressed;
[23:09:17] [main/DEBUG]: Skipping Lnet/minecraftforge/client/event/ScreenEvent$KeyPressed$Pre;
[23:09:17] [main/DEBUG]: Skipping Lnet/minecraftforge/client/event/ScreenEvent$KeyPressed$Post;
[23:09:17] [main/DEBUG]: Skipping Lnet/minecraftforge/client/event/ScreenEvent$KeyInput;
[23:09:17] [main/DEBUG]: Skipping Lnet/minecraftforge/client/event/ScreenEvent$Init;
[23:09:17] [main/DEBUG]: Skipping Lnet/minecraftforge/client/event/ScreenEvent$Init$Pre;
[23:09:17] [main/DEBUG]: Skipping Lnet/minecraftforge/client/event/ScreenEvent$Init$Post;
[23:09:17] [main/DEBUG]: Skipping Lnet/minecraftforge/client/event/ScreenEvent$Closing;
[23:09:17] [main/DEBUG]: Skipping Lnet/minecraftforge/client/event/ScreenEvent$CharacterTyped;
[23:09:17] [main/DEBUG]: Skipping Lnet/minecraftforge/client/event/ScreenEvent$CharacterTyped$Pre;
[23:09:17] [main/DEBUG]: Skipping Lnet/minecraftforge/client/event/ScreenEvent$CharacterTyped$Post;
[23:09:17] [main/DEBUG]: Skipping Lnet/minecraftforge/client/event/ScreenEvent$BackgroundRendered;
[23:09:17] [main/DEBUG]: Skipping Lnet/minecraftforge/client/event/RenderTooltipEvent;
[23:09:17] [main/DEBUG]: Skipping Lnet/minecraftforge/client/event/RenderTooltipEvent$Pre;
[23:09:17] [main/DEBUG]: Skipping Lnet/minecraftforge/client/event/RenderTooltipEvent$GatherComponents;
[23:09:17] [main/DEBUG]: Skipping Lnet/minecraftforge/client/event/RenderTooltipEvent$Color;
[23:09:17] [main/DEBUG]: Skipping Lnet/minecraftforge/client/event/RenderPlayerEvent;
[23:09:17] [main/DEBUG]: Skipping Lnet/minecraftforge/client/event/RenderPlayerEvent$Pre;
[23:09:17] [main/DEBUG]: Skipping Lnet/minecraftforge/client/event/RenderPlayerEvent$Post;
[23:09:17] [main/DEBUG]: Skipping Lnet/minecraftforge/client/event/RenderNameTagEvent;
[23:09:17] [main/DEBUG]: Skipping Lnet/minecraftforge/client/event/RenderLivingEvent;
[23:09:17] [main/DEBUG]: Skipping Lnet/minecraftforge/client/event/RenderLivingEvent$Pre;
[23:09:17] [main/DEBUG]: Skipping Lnet/minecraftforge/client/event/RenderLivingEvent$Post;
[23:09:17] [main/DEBUG]: Skipping Lnet/minecraftforge/client/event/RenderLevelStageEvent;
[23:09:17] [main/DEBUG]: Skipping Lnet/minecraftforge/client/event/RenderLevelStageEvent$Stage;
[23:09:17] [main/DEBUG]: Skipping Lnet/minecraftforge/client/event/RenderLevelStageEvent$RegisterStageEvent;
[23:09:17] [main/DEBUG]: Skipping Lnet/minecraftforge/client/event/RenderItemInFrameEvent;
[23:09:17] [main/DEBUG]: Skipping Lnet/minecraftforge/client/event/RenderHighlightEvent;
[23:09:17] [main/DEBUG]: Skipping Lnet/minecraftforge/client/event/RenderHighlightEvent$Entity;
[23:09:17] [main/DEBUG]: Skipping Lnet/minecraftforge/client/event/RenderHighlightEvent$Block;
[23:09:17] [main/DEBUG]: Skipping Lnet/minecraftforge/client/event/RenderHandEvent;
[23:09:17] [main/DEBUG]: Skipping Lnet/minecraftforge/client/event/RenderBlockScreenEffectEvent;
[23:09:17] [main/DEBUG]: Skipping Lnet/minecraftforge/client/event/RenderBlockScreenEffectEvent$OverlayType;
[23:09:17] [main/DEBUG]: Skipping Lnet/minecraftforge/client/event/RenderArmEvent;
[23:09:17] [main/DEBUG]: Skipping Lnet/minecraftforge/client/event/RegisterTextureAtlasSpriteLoadersEvent;
[23:09:17] [main/DEBUG]: Skipping Lnet/minecraftforge/client/event/RegisterShadersEvent;
[23:09:17] [main/DEBUG]: Skipping Lnet/minecraftforge/client/event/RegisterRecipeBookCategoriesEvent;
[23:09:17] [main/DEBUG]: Skipping Lnet/minecraftforge/client/event/RegisterPresetEditorsEvent;
[23:09:17] [main/DEBUG]: Skipping Lnet/minecraftforge/client/event/RegisterParticleProvidersEvent;
[23:09:17] [main/DEBUG]: Skipping Lnet/minecraftforge/client/event/RegisterNamedRenderTypesEvent;
[23:09:17] [main/DEBUG]: Skipping Lnet/minecraftforge/client/event/RegisterKeyMappingsEvent;
[23:09:17] [main/DEBUG]: Skipping Lnet/minecraftforge/client/event/RegisterItemDecorationsEvent;
[23:09:17] [main/DEBUG]: Skipping Lnet/minecraftforge/client/event/RegisterEntitySpectatorShadersEvent;
[23:09:17] [main/DEBUG]: Skipping Lnet/minecraftforge/client/event/RegisterDimensionSpecialEffectsEvent;
[23:09:17] [main/DEBUG]: Skipping Lnet/minecraftforge/client/event/RegisterColorHandlersEvent;
[23:09:17] [main/DEBUG]: Skipping Lnet/minecraftforge/client/event/RegisterColorHandlersEvent$Item;
[23:09:17] [main/DEBUG]: Skipping Lnet/minecraftforge/client/event/RegisterColorHandlersEvent$ColorResolvers;
[23:09:17] [main/DEBUG]: Skipping Lnet/minecraftforge/client/event/RegisterColorHandlersEvent$Block;
[23:09:17] [main/DEBUG]: Skipping Lnet/minecraftforge/client/event/RegisterClientTooltipComponentFactoriesEvent;
[23:09:17] [main/DEBUG]: Skipping Lnet/minecraftforge/client/event/RegisterClientReloadListenersEvent;
[23:09:17] [main/DEBUG]: Skipping Lnet/minecraftforge/client/event/RegisterClientCommandsEvent;
[23:09:17] [main/DEBUG]: Skipping Lnet/minecraftforge/client/event/RecipesUpdatedEvent;
[23:09:17] [main/DEBUG]: Skipping Lnet/minecraftforge/client/event/MovementInputUpdateEvent;
[23:09:17] [main/DEBUG]: Skipping Lnet/minecraftforge/client/event/ModelEvent;
[23:09:17] [main/DEBUG]: Skipping Lnet/minecraftforge/client/event/ModelEvent$RegisterGeometryLoaders;
[23:09:17] [main/DEBUG]: Skipping Lnet/minecraftforge/client/event/ModelEvent$RegisterAdditional;
[23:09:17] [main/DEBUG]: Skipping Lnet/minecraftforge/client/event/ModelEvent$ModifyBakingResult;
[23:09:17] [main/DEBUG]: Skipping Lnet/minecraftforge/client/event/ModelEvent$BakingCompleted;
[23:09:17] [main/DEBUG]: Skipping Lnet/minecraftforge/client/event/InputEvent;
[23:09:17] [main/DEBUG]: Skipping Lnet/minecraftforge/client/event/InputEvent$MouseScrollingEvent;
[23:09:17] [main/DEBUG]: Skipping Lnet/minecraftforge/client/event/InputEvent$MouseButton;
[23:09:17] [main/DEBUG]: Skipping Lnet/minecraftforge/client/event/InputEvent$MouseButton$Pre;
[23:09:17] [main/DEBUG]: Skipping Lnet/minecraftforge/client/event/InputEvent$MouseButton$Post;
[23:09:17] [main/DEBUG]: Skipping Lnet/minecraftforge/client/event/InputEvent$Key;
[23:09:17] [main/DEBUG]: Skipping Lnet/minecraftforge/client/event/InputEvent$InteractionKeyMappingTriggered;
[23:09:17] [main/DEBUG]: Skipping Lnet/minecraftforge/client/event/ForgeEventFactoryClient;
[23:09:17] [main/DEBUG]: Skipping Lnet/minecraftforge/client/event/EntityRenderersEvent;
[23:09:17] [main/DEBUG]: Skipping Lnet/minecraftforge/client/event/EntityRenderersEvent$RegisterRenderers;
[23:09:17] [main/DEBUG]: Skipping Lnet/minecraftforge/client/event/EntityRenderersEvent$RegisterLayerDefinitions;
[23:09:17] [main/DEBUG]: Skipping Lnet/minecraftforge/client/event/EntityRenderersEvent$CreateSkullModels;
[23:09:17] [main/DEBUG]: Skipping Lnet/minecraftforge/client/event/EntityRenderersEvent$AddLayers;
[23:09:17] [main/DEBUG]: Skipping Lnet/minecraftforge/client/event/CustomizeGuiOverlayEvent;
[23:09:17] [main/DEBUG]: Skipping Lnet/minecraftforge/client/event/CustomizeGuiOverlayEvent$DebugText;
[23:09:17] [main/DEBUG]: Skipping Lnet/minecraftforge/client/event/CustomizeGuiOverlayEvent$DebugText$Side;
[23:09:17] [main/DEBUG]: Skipping Lnet/minecraftforge/client/event/CustomizeGuiOverlayEvent$Chat;
[23:09:17] [main/DEBUG]: Skipping Lnet/minecraftforge/client/event/CustomizeGuiOverlayEvent$BossEventProgress;
[23:09:17] [main/DEBUG]: Skipping Lnet/minecraftforge/client/event/ContainerScreenEvent;
[23:09:17] [main/DEBUG]: Skipping Lnet/minecraftforge/client/event/ContainerScreenEvent$Render;
[23:09:17] [main/DEBUG]: Skipping Lnet/minecraftforge/client/event/ContainerScreenEvent$Render$Foreground;
[23:09:17] [main/DEBUG]: Skipping Lnet/minecraftforge/client/event/ContainerScreenEvent$Render$Background;
[23:09:17] [main/DEBUG]: Skipping Lnet/minecraftforge/client/event/ComputeFovModifierEvent;
[23:09:17] [main/DEBUG]: Skipping Lnet/minecraftforge/client/event/ClientPlayerNetworkEvent;
[23:09:17] [main/DEBUG]: Skipping Lnet/minecraftforge/client/event/ClientPlayerNetworkEvent$LoggingOut;
[23:09:17] [main/DEBUG]: Skipping Lnet/minecraftforge/client/event/ClientPlayerNetworkEvent$LoggingIn;
[23:09:17] [main/DEBUG]: Skipping Lnet/minecraftforge/client/event/ClientPlayerNetworkEvent$Clone;
[23:09:17] [main/DEBUG]: Skipping Lnet/minecraftforge/client/event/ClientPlayerChangeGameTypeEvent;
[23:09:17] [main/DEBUG]: Skipping Lnet/minecraftforge/client/event/ClientPauseChangeEvent;
[23:09:17] [main/DEBUG]: Skipping Lnet/minecraftforge/client/event/ClientPauseChangeEvent$Pre;
[23:09:17] [main/DEBUG]: Skipping Lnet/minecraftforge/client/event/ClientPauseChangeEvent$Post;
[23:09:17] [main/DEBUG]: Skipping Lnet/minecraftforge/client/event/ClientChatReceivedEvent;
[23:09:17] [main/DEBUG]: Skipping Lnet/minecraftforge/client/event/ClientChatReceivedEvent$System;
[23:09:17] [main/DEBUG]: Skipping Lnet/minecraftforge/client/event/ClientChatReceivedEvent$Player;
[23:09:17] [main/DEBUG]: Skipping Lnet/minecraftforge/client/event/ClientChatEvent;
[23:09:17] [main/DEBUG]: Skipping Lnet/minecraftforge/client/event/AddGuiOverlayLayersEvent;
[23:09:17] [main/DEBUG]: Skipping Lnet/minecraftforge/client/StencilManager;
[23:09:17] [main/DEBUG]: Skipping Lnet/minecraftforge/client/RenderTypeHelper;
[23:09:17] [main/DEBUG]: Skipping Lnet/minecraftforge/client/RenderTypeGroup;
[23:09:17] [main/DEBUG]: Skipping Lnet/minecraftforge/client/RecipeBookManager;
[23:09:17] [main/DEBUG]: Skipping Lnet/minecraftforge/client/PresetEditorManager;
[23:09:17] [main/DEBUG]: Skipping Lnet/minecraftforge/client/NamedRenderTypeManager;
[23:09:17] [main/DEBUG]: Skipping Lnet/minecraftforge/client/ItemDecoratorHandler;
[23:09:17] [main/DEBUG]: Skipping Lnet/minecraftforge/client/IItemDecorator;
[23:09:17] [main/DEBUG]: Skipping Lnet/minecraftforge/client/IArmPoseTransformer;
[23:09:17] [main/DEBUG]: Skipping Lnet/minecraftforge/client/ForgeRenderTypes;
[23:09:17] [main/DEBUG]: Skipping Lnet/minecraftforge/client/ForgeRenderTypes$Internal;
[23:09:17] [main/DEBUG]: Skipping Lnet/minecraftforge/client/ForgeRenderTypes$CustomizableTextureState;
[23:09:17] [main/DEBUG]: Skipping Lnet/minecraftforge/client/ForgeHooksClient;
[23:09:17] [main/DEBUG]: Skipping Lnet/minecraftforge/client/ForgeHooksClient$ClientEvents;
[23:09:17] [main/DEBUG]: Skipping Lnet/minecraftforge/client/ForgeHooksClient$1LazyInit;
[23:09:17] [main/DEBUG]: Skipping Lnet/minecraftforge/client/ForgeHooksClient$1;
[23:09:17] [main/DEBUG]: Skipping Lnet/minecraftforge/client/FireworkShapeFactoryRegistry;
[23:09:17] [main/DEBUG]: Skipping Lnet/minecraftforge/client/FireworkShapeFactoryRegistry$Factory;
[23:09:17] [main/DEBUG]: Skipping Lnet/minecraftforge/client/ExtendedServerListData;
[23:09:17] [main/DEBUG]: Skipping Lnet/minecraftforge/client/EntitySpectatorShaderManager;
[23:09:17] [main/DEBUG]: Skipping Lnet/minecraftforge/client/DimensionSpecialEffectsManager;
[23:09:17] [main/DEBUG]: Skipping Lnet/minecraftforge/client/CreativeModeTabSearchRegistry;
[23:09:17] [main/DEBUG]: Skipping Lnet/minecraftforge/client/ConfigScreenHandler;
[23:09:17] [main/DEBUG]: Skipping Lnet/minecraftforge/client/ConfigScreenHandler$ConfigScreenFactory;
[23:09:17] [main/DEBUG]: Skipping Lnet/minecraftforge/client/ColorResolverManager;
[23:09:17] [main/DEBUG]: Skipping Lnet/minecraftforge/client/ClientForgeMod;
[23:09:17] [main/DEBUG]: Skipping Lnet/minecraftforge/client/ClientCommandSourceStack;
[23:09:17] [main/DEBUG]: Skipping Lnet/minecraftforge/client/ClientCommandHandler;
[23:09:17] [main/DEBUG]: Skipping Lnet/minecraftforge/client/ChunkRenderTypeSet;
[23:09:17] [main/DEBUG]: Skipping Lnet/minecraftforge/client/ChunkRenderTypeSet$None;
[23:09:17] [main/DEBUG]: Skipping Lnet/minecraftforge/client/ChunkRenderTypeSet$IteratorImpl;
[23:09:17] [main/DEBUG]: Skipping Lnet/minecraftforge/client/ChunkRenderTypeSet$All;
[23:09:17] [main/DEBUG]: Skipping Lnet/minecraft/world/ticks/package-info;
[23:09:17] [main/DEBUG]: Skipping Lnet/minecraft/world/ticks/WorldGenTickAccess;
[23:09:17] [main/DEBUG]: Skipping Lnet/minecraft/world/ticks/TickPriority;
[23:09:17] [main/DEBUG]: Skipping Lnet/minecraft/world/ticks/TickContainerAccess;
[23:09:17] [main/DEBUG]: Skipping Lnet/minecraft/world/ticks/TickAccess;
[23:09:17] [main/DEBUG]: Skipping Lnet/minecraft/world/ticks/SerializableTickContainer;
[23:09:17] [main/DEBUG]: Skipping Lnet/minecraft/world/ticks/ScheduledTick;
[23:09:17] [main/DEBUG]: Skipping Lnet/minecraft/world/ticks/ScheduledTick$1;
[23:09:17] [main/DEBUG]: Skipping Lnet/minecraft/world/ticks/SavedTick;
[23:09:17] [main/DEBUG]: Skipping Lnet/minecraft/world/ticks/SavedTick$1;
[23:09:17] [main/DEBUG]: Skipping Lnet/minecraft/world/ticks/ProtoChunkTicks;
[23:09:17] [main/DEBUG]: Skipping Lnet/minecraft/world/ticks/LevelTicks;
[23:09:17] [main/DEBUG]: Skipping Lnet/minecraft/world/ticks/LevelTicks$PosAndContainerConsumer;
[23:09:17] [main/DEBUG]: Skipping Lnet/minecraft/world/ticks/LevelTickAccess;
[23:09:17] [main/DEBUG]: Skipping Lnet/minecraft/world/ticks/LevelChunkTicks;
[23:09:17] [main/DEBUG]: Skipping Lnet/minecraft/world/ticks/ContainerSingleItem;
[23:09:17] [main/DEBUG]: Skipping Lnet/minecraft/world/ticks/ContainerSingleItem$BlockContainerSingleItem;
[23:09:17] [main/DEBUG]: Skipping Lnet/minecraft/world/ticks/BlackholeTickAccess;
[23:09:17] [main/DEBUG]: Skipping Lnet/minecraft/world/ticks/BlackholeTickAccess$2;
[23:09:17] [main/DEBUG]: Skipping Lnet/minecraft/world/ticks/BlackholeTickAccess$1;
[23:09:17] [main/DEBUG]: Skipping Lnet/minecraft/world/scores/package-info;
[23:09:17] [main/DEBUG]: Skipping Lnet/minecraft/world/scores/criteria/package-info;
[23:09:17] [main/DEBUG]: Skipping Lnet/minecraft/world/scores/criteria/ObjectiveCriteria;
[23:09:17] [main/DEBUG]: Skipping Lnet/minecraft/world/scores/criteria/ObjectiveCriteria$RenderType;
[23:09:17] [main/DEBUG]: Skipping Lnet/minecraft/world/scores/Team;
[23:09:17] [main/DEBUG]: Skipping Lnet/minecraft/world/scores/Team$Visibility;
[23:09:17] [main/DEBUG]: Skipping Lnet/minecraft/world/scores/Team$CollisionRule;
[23:09:17] [main/DEBUG]: Skipping Lnet/minecraft/world/scores/ScoreboardSaveData;
[23:09:17] [main/DEBUG]: Skipping Lnet/minecraft/world/scores/Scoreboard;
[23:09:17] [main/DEBUG]: Skipping Lnet/minecraft/world/scores/Scoreboard$1;
[23:09:17] [main/DEBUG]: Skipping Lnet/minecraft/world/scores/ScoreHolder;
[23:09:17] [main/DEBUG]: Skipping Lnet/minecraft/world/scores/ScoreHolder$3;
[23:09:17] [main/DEBUG]: Skipping Lnet/minecraft/world/scores/ScoreHolder$2;
[23:09:17] [main/DEBUG]: Skipping Lnet/minecraft/world/scores/ScoreHolder$1;
[23:09:17] [main/DEBUG]: Skipping Lnet/minecraft/world/scores/ScoreAccess;
[23:09:17] [main/DEBUG]: Skipping Lnet/minecraft/world/scores/Score;
[23:09:17] [main/DEBUG]: Skipping Lnet/minecraft/world/scores/ReadOnlyScoreInfo;
[23:09:17] [main/DEBUG]: Skipping Lnet/minecraft/world/scores/PlayerTeam;
[23:09:17] [main/DEBUG]: Skipping Lnet/minecraft/world/scores/PlayerScores;
[23:09:17] [main/DEBUG]: Skipping Lnet/minecraft/world/scores/PlayerScoreEntry;
[23:09:17] [main/DEBUG]: Skipping Lnet/minecraft/world/scores/Objective;
[23:09:17] [main/DEBUG]: Skipping Lnet/minecraft/world/scores/DisplaySlot;
[23:09:17] [main/DEBUG]: Skipping Lnet/minecraft/world/scores/DisplaySlot$1;
[23:09:17] [main/DEBUG]: Skipping Lnet/minecraft/world/phys/shapes/package-info;
[23:09:17] [main/DEBUG]: Skipping Lnet/minecraft/world/phys/shapes/VoxelShape;
[23:09:17] [main/DEBUG]: Skipping Lnet/minecraft/world/phys/shapes/SubShape;
[23:09:17] [main/DEBUG]: Skipping Lnet/minecraft/world/phys/shapes/SliceShape;
[23:09:17] [main/DEBUG]: Skipping Lnet/minecraft/world/phys/shapes/Shapes;
[23:09:17] [main/DEBUG]: Skipping Lnet/minecraft/world/phys/shapes/Shapes$DoubleLineConsumer;
[23:09:17] [main/DEBUG]: Skipping Lnet/minecraft/world/phys/shapes/OffsetDoubleList;
[23:09:17] [main/DEBUG]: Skipping Lnet/minecraft/world/phys/shapes/NonOverlappingMerger;
[23:09:17] [main/DEBUG]: Skipping Lnet/minecraft/world/phys/shapes/IndirectMerger;
[23:09:17] [main/DEBUG]: Skipping Lnet/minecraft/world/phys/shapes/IndexMerger;
[23:09:17] [main/DEBUG]: Skipping Lnet/minecraft/world/phys/shapes/IndexMerger$IndexConsumer;
[23:09:17] [main/DEBUG]: Skipping Lnet/minecraft/world/phys/shapes/IdenticalMerger;
[23:09:17] [main/DEBUG]: Skipping Lnet/minecraft/world/phys/shapes/EntityCollisionContext;
[23:09:17] [main/DEBUG]: Skipping Lnet/minecraft/world/phys/shapes/EntityCollisionContext$1;
[23:09:17] [main/DEBUG]: Skipping Lnet/minecraft/world/phys/shapes/DiscreteVoxelShape;
[23:09:17] [main/DEBUG]: Skipping Lnet/minecraft/world/phys/shapes/DiscreteVoxelShape$IntLineConsumer;
[23:09:17] [main/DEBUG]: Skipping Lnet/minecraft/world/phys/shapes/DiscreteVoxelShape$IntFaceConsumer;
[23:09:17] [main/DEBUG]: Skipping Lnet/minecraft/world/phys/shapes/DiscreteCubeMerger;
[23:09:17] [main/DEBUG]: Skipping Lnet/minecraft/world/phys/shapes/CubeVoxelShape;
[23:09:17] [main/DEBUG]: Skipping Lnet/minecraft/world/phys/shapes/CubePointRange;
[23:09:17] [main/DEBUG]: Skipping Lnet/minecraft/world/phys/shapes/CollisionContext;
[23:09:17] [main/DEBUG]: Skipping Lnet/minecraft/world/phys/shapes/BooleanOp;
[23:09:17] [main/DEBUG]: Skipping Lnet/minecraft/world/phys/shapes/BitSetDiscreteVoxelShape;
[23:09:17] [main/DEBUG]: Skipping Lnet/minecraft/world/phys/shapes/ArrayVoxelShape;
[23:09:17] [main/DEBUG]: Skipping Lnet/minecraft/world/phys/shapes/ArrayVoxelShape$1;
[23:09:17] [main/DEBUG]: Skipping Lnet/minecraft/world/phys/package-info;
[23:09:17] [main/DEBUG]: Skipping Lnet/minecraft/world/phys/Vec3;
[23:09:17] [main/DEBUG]: Skipping Lnet/minecraft/world/phys/Vec2;
[23:09:17] [main/DEBUG]: Skipping Lnet/minecraft/world/phys/HitResult;
[23:09:17] [main/DEBUG]: Skipping Lnet/minecraft/world/phys/HitResult$Type;
[23:09:17] [main/DEBUG]: Skipping Lnet/minecraft/world/phys/EntityHitResult;
[23:09:17] [main/DEBUG]: Skipping Lnet/minecraft/world/phys/BlockHitResult;
[23:09:17] [main/DEBUG]: Skipping Lnet/minecraft/world/phys/AABB;
[23:09:17] [main/DEBUG]: Skipping Lnet/minecraft/world/package-info;
[23:09:17] [main/DEBUG]: Skipping Lnet/minecraft/world/level/validation/package-info;
[23:09:17] [main/DEBUG]: Skipping Lnet/minecraft/world/level/validation/PathAllowList;
[23:09:17] [main/DEBUG]: Skipping Lnet/minecraft/world/level/validation/PathAllowList$EntryType;
[23:09:17] [main/DEBUG]: Skipping Lnet/minecraft/world/level/validation/PathAllowList$ConfigEntry;
[23:09:17] [main/DEBUG]: Skipping Lnet/minecraft/world/level/validation/ForbiddenSymlinkInfo;
[23:09:17] [main/DEBUG]: Skipping Lnet/minecraft/world/level/validation/DirectoryValidator;
[23:09:17] [main/DEBUG]: Skipping Lnet/minecraft/world/level/validation/DirectoryValidator$1;
[23:09:17] [main/DEBUG]: Skipping Lnet/minecraft/world/level/validation/ContentValidationException;
[23:09:17] [main/DEBUG]: Skipping Lnet/minecraft/world/level/timers/package-info;
[23:09:17] [main/DEBUG]: Skipping Lnet/minecraft/world/level/timers/TimerQueue;
[23:09:17] [main/DEBUG]: Skipping Lnet/minecraft/world/level/timers/TimerQueue$Event;
[23:09:17] [main/DEBUG]: Skipping Lnet/minecraft/world/level/timers/TimerCallbacks;
[23:09:17] [main/DEBUG]: Skipping Lnet/minecraft/world/level/timers/TimerCallback;
[23:09:17] [main/DEBUG]: Skipping Lnet/minecraft/world/level/timers/TimerCallback$Serializer;
[23:09:17] [main/DEBUG]: Skipping Lnet/minecraft/world/level/timers/FunctionTagCallback;
[23:09:17] [main/DEBUG]: Skipping Lnet/minecraft/world/level/timers/FunctionTagCallback$Serializer;
[23:09:17] [main/DEBUG]: Skipping Lnet/minecraft/world/level/timers/FunctionCallback;
[23:09:17] [main/DEBUG]: Skipping Lnet/minecraft/world/level/timers/FunctionCallback$Serializer;
[23:09:17] [main/DEBUG]: Skipping Lnet/minecraft/world/level/storage/package-info;
[23:09:17] [main/DEBUG]: Skipping Lnet/minecraft/world/level/storage/loot/providers/score/package-info;
[23:09:17] [main/DEBUG]: Skipping Lnet/minecraft/world/level/storage/loot/providers/score/ScoreboardNameProviders;
[23:09:17] [main/DEBUG]: Skipping Lnet/minecraft/world/level/storage/loot/providers/score/ScoreboardNameProvider;
[23:09:17] [main/DEBUG]: Skipping Lnet/minecraft/world/level/storage/loot/providers/score/LootScoreProviderType;
[23:09:17] [main/DEBUG]: Skipping Lnet/minecraft/world/level/storage/loot/providers/score/FixedScoreboardNameProvider;
[23:09:17] [main/DEBUG]: Skipping Lnet/minecraft/world/level/storage/loot/providers/score/ContextScoreboardNameProvider;
[23:09:17] [main/DEBUG]: Skipping Lnet/minecraft/world/level/storage/loot/providers/number/package-info;
[23:09:17] [main/DEBUG]: Skipping Lnet/minecraft/world/level/storage/loot/providers/number/UniformGenerator;
[23:09:17] [main/DEBUG]: Skipping Lnet/minecraft/world/level/storage/loot/providers/number/StorageValue;
[23:09:17] [main/DEBUG]: Skipping Lnet/minecraft/world/level/storage/loot/providers/number/ScoreboardValue;
[23:09:17] [main/DEBUG]: Skipping Lnet/minecraft/world/level/storage/loot/providers/number/NumberProviders;
[23:09:17] [main/DEBUG]: Skipping Lnet/minecraft/world/level/storage/loot/providers/number/NumberProvider;
[23:09:17] [main/DEBUG]: Skipping Lnet/minecraft/world/level/storage/loot/providers/number/LootNumberProviderType;
[23:09:17] [main/DEBUG]: Skipping Lnet/minecraft/world/level/storage/loot/providers/number/EnchantmentLevelProvider;
[23:09:17] [main/DEBUG]: Skipping Lnet/minecraft/world/level/storage/loot/providers/number/ConstantValue;
[23:09:17] [main/DEBUG]: Skipping Lnet/minecraft/world/level/storage/loot/providers/number/BinomialDistributionGenerator;
[23:09:17] [main/DEBUG]: Skipping Lnet/minecraft/world/level/storage/loot/providers/nbt/package-info;
[23:09:17] [main/DEBUG]: Skipping Lnet/minecraft/world/level/storage/loot/providers/nbt/StorageNbtProvider;
[23:09:17] [main/DEBUG]: Skipping Lnet/minecraft/world/level/storage/loot/providers/nbt/NbtProviders;
[23:09:17] [main/DEBUG]: Skipping Lnet/minecraft/world/level/storage/loot/providers/nbt/NbtProvider;
[23:09:17] [main/DEBUG]: Skipping Lnet/minecraft/world/level/storage/loot/providers/nbt/LootNbtProviderType;
[23:09:17] [main/DEBUG]: Skipping Lnet/minecraft/world/level/storage/loot/providers/nbt/ContextNbtProvider;
[23:09:17] [main/DEBUG]: Skipping Lnet/minecraft/world/level/storage/loot/providers/nbt/ContextNbtProvider$Getter;
[23:09:17] [main/DEBUG]: Skipping Lnet/minecraft/world/level/storage/loot/providers/nbt/ContextNbtProvider$2;
[23:09:17] [main/DEBUG]: Skipping Lnet/minecraft/world/level/storage/loot/providers/nbt/ContextNbtProvider$1;
[23:09:17] [main/DEBUG]: Skipping Lnet/minecraft/world/level/storage/loot/predicates/package-info;
[23:09:17] [main/DEBUG]: Skipping Lnet/minecraft/world/level/storage/loot/predicates/WeatherCheck;
[23:09:17] [main/DEBUG]: Skipping Lnet/minecraft/world/level/storage/loot/predicates/WeatherCheck$Builder;
[23:09:17] [main/DEBUG]: Skipping Lnet/minecraft/world/level/storage/loot/predicates/ValueCheckCondition;
[23:09:17] [main/DEBUG]: Skipping Lnet/minecraft/world/level/storage/loot/predicates/TimeCheck;
[23:09:17] [main/DEBUG]: Skipping Lnet/minecraft/world/level/storage/loot/predicates/TimeCheck$Builder;
[23:09:17] [main/DEBUG]: Skipping Lnet/minecraft/world/level/storage/loot/predicates/MatchTool;
[23:09:17] [main/DEBUG]: Skipping Lnet/minecraft/world/level/storage/loot/predicates/LootItemRandomChanceCondition;
[23:09:17] [main/DEBUG]: Skipping Lnet/minecraft/world/level/storage/loot/predicates/LootItemKilledByPlayerCondition;
[23:09:17] [main/DEBUG]: Skipping Lnet/minecraft/world/level/storage/loot/predicates/LootItemEntityPropertyCondition;
[23:09:17] [main/DEBUG]: Skipping Lnet/minecraft/world/level/storage/loot/predicates/LootItemConditions;
[23:09:17] [main/DEBUG]: Skipping Lnet/minecraft/world/level/storage/loot/predicates/LootItemConditionType;
[23:09:17] [main/DEBUG]: Skipping Lnet/minecraft/world/level/storage/loot/predicates/LootItemCondition;
[23:09:17] [main/DEBUG]: Skipping Lnet/minecraft/world/level/storage/loot/predicates/LootItemCondition$Builder;
[23:09:17] [main/DEBUG]: Skipping Lnet/minecraft/world/level/storage/loot/predicates/LootItemBlockStatePropertyCondition;
[23:09:17] [main/DEBUG]: Skipping Lnet/minecraft/world/level/storage/loot/predicates/LootItemBlockStatePropertyCondition$Builder;
[23:09:17] [main/DEBUG]: Skipping Lnet/minecraft/world/level/storage/loot/predicates/LocationCheck;
[23:09:17] [main/DEBUG]: Skipping Lnet/minecraft/world/level/storage/loot/predicates/InvertedLootItemCondition;
[23:09:17] [main/DEBUG]: Skipping Lnet/minecraft/world/level/storage/loot/predicates/ExplosionCondition;
[23:09:17] [main/DEBUG]: Skipping Lnet/minecraft/world/level/storage/loot/predicates/EntityHasScoreCondition;
[23:09:17] [main/DEBUG]: Skipping Lnet/minecraft/world/level/storage/loot/predicates/EntityHasScoreCondition$Builder;
[23:09:17] [main/DEBUG]: Skipping Lnet/minecraft/world/level/storage/loot/predicates/EnchantmentActiveCheck;
[23:09:17] [main/DEBUG]: Skipping Lnet/minecraft/world/level/storage/loot/predicates/DamageSourceCondition;
[23:09:17] [main/DEBUG]: Skipping Lnet/minecraft/world/level/storage/loot/predicates/ConditionUserBuilder;
[23:09:17] [main/DEBUG]: Skipping Lnet/minecraft/world/level/storage/loot/predicates/ConditionReference;
[23:09:17] [main/DEBUG]: Skipping Lnet/minecraft/world/level/storage/loot/predicates/CompositeLootItemCondition;
[23:09:17] [main/DEBUG]: Skipping Lnet/minecraft/world/level/storage/loot/predicates/CompositeLootItemCondition$Builder;
[23:09:17] [main/DEBUG]: Skipping Lnet/minecraft/world/level/storage/loot/predicates/BonusLevelTableCondition;
[23:09:17] [main/DEBUG]: Skipping Lnet/minecraft/world/level/storage/loot/predicates/AnyOfCondition;
[23:09:17] [main/DEBUG]: Skipping Lnet/minecraft/world/level/storage/loot/predicates/AnyOfCondition$Builder;
[23:09:17] [main/DEBUG]: Skipping Lnet/minecraft/world/level/storage/loot/predicates/AllOfCondition;
[23:09:17] [main/DEBUG]: Skipping Lnet/minecraft/world/level/storage/loot/predicates/AllOfCondition$Builder;
[23:09:17] [main/DEBUG]: Skipping Lnet/minecraft/world/level/storage/loot/predicates/LootItemRandomChanceWithEnchantedBonusCondition;
[23:09:17] [main/DEBUG]: Skipping Lnet/minecraft/world/level/storage/loot/parameters/package-info;
[23:09:17] [main/DEBUG]: Skipping Lnet/minecraft/world/level/storage/loot/parameters/LootContextParams;
[23:09:17] [main/DEBUG]: Skipping Lnet/minecraft/world/level/storage/loot/parameters/LootContextParamSet;
[23:09:17] [main/DEBUG]: Skipping Lnet/minecraft/world/level/storage/loot/parameters/LootContextParamSet$Builder;
[23:09:17] [main/DEBUG]: Skipping Lnet/minecraft/world/level/storage/loot/parameters/LootContextParam;
[23:09:17] [main/DEBUG]: Skipping Lnet/minecraft/world/level/storage/loot/parameters/LootContextParamSets;
[23:09:17] [main/DEBUG]: Skipping Lnet/minecraft/world/level/storage/loot/package-info;
[23:09:17] [main/DEBUG]: Skipping Lnet/minecraft/world/level/storage/loot/functions/package-info;
[23:09:17] [main/DEBUG]: Skipping Lnet/minecraft/world/level/storage/loot/functions/ToggleTooltips;
[23:09:17] [main/DEBUG]: Skipping Lnet/minecraft/world/level/storage/loot/functions/ToggleTooltips$TooltipWither;
[23:09:17] [main/DEBUG]: Skipping Lnet/minecraft/world/level/storage/loot/functions/ToggleTooltips$ComponentToggle;
[23:09:17] [main/DEBUG]: Skipping Lnet/minecraft/world/level/storage/loot/functions/SetWrittenBookPagesFunction;
[23:09:17] [main/DEBUG]: Skipping Lnet/minecraft/world/level/storage/loot/functions/SetWritableBookPagesFunction;
[23:09:17] [main/DEBUG]: Skipping Lnet/minecraft/world/level/storage/loot/functions/SetStewEffectFunction;
[23:09:17] [main/DEBUG]: Skipping Lnet/minecraft/world/level/storage/loot/functions/SetStewEffectFunction$EffectEntry;
[23:09:17] [main/DEBUG]: Skipping Lnet/minecraft/world/level/storage/loot/functions/SetStewEffectFunction$Builder;
[23:09:17] [main/DEBUG]: Skipping Lnet/minecraft/world/level/storage/loot/functions/SetPotionFunction;
[23:09:17] [main/DEBUG]: Skipping Lnet/minecraft/world/level/storage/loot/functions/SetOminousBottleAmplifierFunction;
[23:09:17] [main/DEBUG]: Skipping Lnet/minecraft/world/level/storage/loot/functions/SetNameFunction;
[23:09:17] [main/DEBUG]: Skipping Lnet/minecraft/world/level/storage/loot/functions/SetNameFunction$Target;
[23:09:17] [main/DEBUG]: Skipping Lnet/minecraft/world/level/storage/loot/functions/SetLoreFunction;
[23:09:17] [main/DEBUG]: Skipping Lnet/minecraft/world/level/storage/loot/functions/SetLoreFunction$Builder;
[23:09:17] [main/DEBUG]: Skipping Lnet/minecraft/world/level/storage/loot/functions/SetItemFunction;
[23:09:17] [main/DEBUG]: Skipping Lnet/minecraft/world/level/storage/loot/functions/SetItemDamageFunction;
[23:09:17] [main/DEBUG]: Skipping Lnet/minecraft/world/level/storage/loot/functions/SetItemCountFunction;
[23:09:17] [main/DEBUG]: Skipping Lnet/minecraft/world/level/storage/loot/functions/SetInstrumentFunction;
[23:09:17] [main/DEBUG]: Skipping Lnet/minecraft/world/level/storage/loot/functions/SetFireworksFunction;
[23:09:17] [main/DEBUG]: Skipping Lnet/minecraft/world/level/storage/loot/functions/SetFireworkExplosionFunction;
[23:09:17] [main/DEBUG]: Skipping Lnet/minecraft/world/level/storage/loot/functions/SetEnchantmentsFunction;
[23:09:17] [main/DEBUG]: Skipping Lnet/minecraft/world/level/storage/loot/functions/SetEnchantmentsFunction$Builder;
[23:09:17] [main/DEBUG]: Skipping Lnet/minecraft/world/level/storage/loot/functions/SetCustomModelDataFunction;
[23:09:17] [main/DEBUG]: Skipping Lnet/minecraft/world/level/storage/loot/functions/SetCustomDataFunction;
[23:09:17] [main/DEBUG]: Skipping Lnet/minecraft/world/level/storage/loot/functions/SetContainerLootTable;
[23:09:17] [main/DEBUG]: Skipping Lnet/minecraft/world/level/storage/loot/functions/SetContainerContents;
[23:09:17] [main/DEBUG]: Skipping Lnet/minecraft/world/level/storage/loot/functions/SetContainerContents$Builder;
[23:09:17] [main/DEBUG]: Skipping Lnet/minecraft/world/level/storage/loot/functions/SetComponentsFunction;
[23:09:17] [main/DEBUG]: Skipping Lnet/minecraft/world/level/storage/loot/functions/SetBookCoverFunction;
[23:09:17] [main/DEBUG]: Skipping Lnet/minecraft/world/level/storage/loot/functions/SetBannerPatternFunction;
[23:09:17] [main/DEBUG]: Skipping Lnet/minecraft/world/level/storage/loot/functions/SetBannerPatternFunction$Builder;
[23:09:17] [main/DEBUG]: Skipping Lnet/minecraft/world/level/storage/loot/functions/SequenceFunction;
[23:09:17] [main/DEBUG]: Skipping Lnet/minecraft/world/level/storage/loot/functions/ModifyContainerContents;
[23:09:17] [main/DEBUG]: Skipping Lnet/minecraft/world/level/storage/loot/functions/LootItemFunctions;
[23:09:17] [main/DEBUG]: Skipping Lnet/minecraft/world/level/storage/loot/functions/LootItemFunctionType;
[23:09:17] [main/DEBUG]: Skipping Lnet/minecraft/world/level/storage/loot/functions/LootItemFunction;
[23:09:17] [main/DEBUG]: Skipping Lnet/minecraft/world/level/storage/loot/functions/LootItemFunction$Builder;
[23:09:17] [main/DEBUG]: Skipping Lnet/minecraft/world/level/storage/loot/functions/LootItemConditionalFunction;
[23:09:17] [main/DEBUG]: Skipping Lnet/minecraft/world/level/storage/loot/functions/LootItemConditionalFunction$DummyBuilder;
[23:09:17] [main/DEBUG]: Skipping Lnet/minecraft/world/level/storage/loot/functions/LootItemConditionalFunction$Builder;
[23:09:17] [main/DEBUG]: Skipping Lnet/minecraft/world/level/storage/loot/functions/ListOperation;
[23:09:17] [main/DEBUG]: Skipping Lnet/minecraft/world/level/storage/loot/functions/ListOperation$Type;
[23:09:17] [main/DEBUG]: Skipping Lnet/minecraft/world/level/storage/loot/functions/ListOperation$StandAlone;
[23:09:17] [main/DEBUG]: Skipping Lnet/minecraft/world/level/storage/loot/functions/ListOperation$ReplaceSection;
[23:09:17] [main/DEBUG]: Skipping Lnet/minecraft/world/level/storage/loot/functions/ListOperation$ReplaceAll;
[23:09:17] [main/DEBUG]: Skipping Lnet/minecraft/world/level/storage/loot/functions/ListOperation$Insert;
[23:09:17] [main/DEBUG]: Skipping Lnet/minecraft/world/level/storage/loot/functions/ListOperation$Append;
[23:09:17] [main/DEBUG]: Skipping Lnet/minecraft/world/level/storage/loot/functions/LimitCount;
[23:09:17] [main/DEBUG]: Skipping Lnet/minecraft/world/level/storage/loot/functions/FunctionUserBuilder;
[23:09:17] [main/DEBUG]: Skipping Lnet/minecraft/world/level/storage/loot/functions/FunctionReference;
[23:09:17] [main/DEBUG]: Skipping Lnet/minecraft/world/level/storage/loot/functions/FilteredFunction;
[23:09:17] [main/DEBUG]: Skipping Lnet/minecraft/world/level/storage/loot/functions/FillPlayerHead;
[23:09:17] [main/DEBUG]: Skipping Lnet/minecraft/world/level/storage/loot/functions/ExplorationMapFunction;
[23:09:17] [main/DEBUG]: Skipping Lnet/minecraft/world/level/storage/loot/functions/ExplorationMapFunction$Builder;
[23:09:17] [main/DEBUG]: Skipping Lnet/minecraft/world/level/storage/loot/functions/EnchantWithLevelsFunction;
[23:09:17] [main/DEBUG]: Skipping Lnet/minecraft/world/level/storage/loot/functions/EnchantWithLevelsFunction$Builder;
[23:09:17] [main/DEBUG]: Skipping Lnet/minecraft/world/level/storage/loot/functions/EnchantRandomlyFunction;
[23:09:17] [main/DEBUG]: Skipping Lnet/minecraft/world/level/storage/loot/functions/EnchantRandomlyFunction$Builder;
[23:09:17] [main/DEBUG]: Skipping Lnet/minecraft/world/level/storage/loot/functions/CopyNameFunction;
[23:09:17] [main/DEBUG]: Skipping Lnet/minecraft/world/level/storage/loot/functions/CopyNameFunction$NameSource;
[23:09:17] [main/DEBUG]: Skipping Lnet/minecraft/world/level/storage/loot/functions/CopyCustomDataFunction;
[23:09:17] [main/DEBUG]: Skipping Lnet/minecraft/world/level/storage/loot/functions/CopyCustomDataFunction$MergeStrategy;
[23:09:17] [main/DEBUG]: Skipping Lnet/minecraft/world/level/storage/loot/functions/CopyCustomDataFunction$MergeStrategy$3;
[23:09:17] [main/DEBUG]: Skipping Lnet/minecraft/world/level/storage/loot/functions/CopyCustomDataFunction$MergeStrategy$2;
[23:09:17] [main/DEBUG]: Skipping Lnet/minecraft/world/level/storage/loot/functions/CopyCustomDataFunction$MergeStrategy$1;
[23:09:17] [main/DEBUG]: Skipping Lnet/minecraft/world/level/storage/loot/functions/CopyCustomDataFunction$CopyOperation;
[23:09:17] [main/DEBUG]: Skipping Lnet/minecraft/world/level/storage/loot/functions/CopyCustomDataFunction$Builder;
[23:09:17] [main/DEBUG]: Skipping Lnet/minecraft/world/level/storage/loot/functions/CopyComponentsFunction;
[23:09:17] [main/DEBUG]: Skipping Lnet/minecraft/world/level/storage/loot/functions/CopyComponentsFunction$Source;
[23:09:17] [main/DEBUG]: Skipping Lnet/minecraft/world/level/storage/loot/functions/CopyComponentsFunction$Builder;
[23:09:17] [main/DEBUG]: Skipping Lnet/minecraft/world/level/storage/loot/functions/CopyBlockState;
[23:09:17] [main/DEBUG]: Skipping Lnet/minecraft/world/level/storage/loot/functions/CopyBlockState$Builder;
[23:09:17] [main/DEBUG]: Skipping Lnet/minecraft/world/level/storage/loot/functions/ApplyExplosionDecay;
[23:09:17] [main/DEBUG]: Skipping Lnet/minecraft/world/level/storage/loot/functions/ApplyBonusCount;
[23:09:17] [main/DEBUG]: Skipping Lnet/minecraft/world/level/storage/loot/functions/ApplyBonusCount$UniformBonusCount;
[23:09:17] [main/DEBUG]: Skipping Lnet/minecraft/world/level/storage/loot/functions/ApplyBonusCount$OreDrops;
[23:09:17] [main/DEBUG]: Skipping Lnet/minecraft/world/level/storage/loot/functions/ApplyBonusCount$FormulaType;
[23:09:17] [main/DEBUG]: Skipping Lnet/minecraft/world/level/storage/loot/functions/ApplyBonusCount$Formula;
[23:09:17] [main/DEBUG]: Skipping Lnet/minecraft/world/level/storage/loot/functions/ApplyBonusCount$BinomialWithBonusCount;
[23:09:17] [main/DEBUG]: Skipping Lnet/minecraft/world/level/storage/loot/functions/SmeltItemFunction;
[23:09:17] [main/DEBUG]: Skipping Lnet/minecraft/world/level/storage/loot/functions/SetAttributesFunction;
[23:09:17] [main/DEBUG]: Skipping Lnet/minecraft/world/level/storage/loot/functions/SetAttributesFunction$ModifierBuilder;
[23:09:17] [main/DEBUG]: Skipping Lnet/minecraft/world/level/storage/loot/functions/SetAttributesFunction$Modifier;
[23:09:17] [main/DEBUG]: Skipping Lnet/minecraft/world/level/storage/loot/functions/SetAttributesFunction$Builder;
[23:09:17] [main/DEBUG]: Skipping Lnet/minecraft/world/level/storage/loot/functions/EnchantedCountIncreaseFunction;
[23:09:17] [main/DEBUG]: Skipping Lnet/minecraft/world/level/storage/loot/functions/EnchantedCountIncreaseFunction$Builder;
[23:09:17] [main/DEBUG]: Skipping Lnet/minecraft/world/level/storage/loot/entries/package-info;
[23:09:17] [main/DEBUG]: Skipping Lnet/minecraft/world/level/storage/loot/entries/TagEntry;
[23:09:17] [main/DEBUG]: Skipping Lnet/minecraft/world/level/storage/loot/entries/TagEntry$1;
[23:09:17] [main/DEBUG]: Skipping Lnet/minecraft/world/level/storage/loot/entries/SequentialEntry;
[23:09:17] [main/DEBUG]: Skipping Lnet/minecraft/world/level/storage/loot/entries/SequentialEntry$Builder;
[23:09:17] [main/DEBUG]: Skipping Lnet/minecraft/world/level/storage/loot/entries/NestedLootTable;
[23:09:17] [main/DEBUG]: Skipping Lnet/minecraft/world/level/storage/loot/entries/LootPoolSingletonContainer;
[23:09:17] [main/DEBUG]: Skipping Lnet/minecraft/world/level/storage/loot/entries/LootPoolSingletonContainer$EntryConstructor;
[23:09:17] [main/DEBUG]: Skipping Lnet/minecraft/world/level/storage/loot/entries/LootPoolSingletonContainer$EntryBase;
[23:09:17] [main/DEBUG]: Skipping Lnet/minecraft/world/level/storage/loot/entries/LootPoolSingletonContainer$DummyBuilder;
[23:09:17] [main/DEBUG]: Skipping Lnet/minecraft/world/level/storage/loot/entries/LootPoolSingletonContainer$Builder;
[23:09:17] [main/DEBUG]: Skipping Lnet/minecraft/world/level/storage/loot/entries/LootPoolSingletonContainer$1;
[23:09:17] [main/DEBUG]: Skipping Lnet/minecraft/world/level/storage/loot/entries/LootPoolEntryType;
[23:09:17] [main/DEBUG]: Skipping Lnet/minecraft/world/level/storage/loot/entries/LootPoolEntryContainer;
[23:09:17] [main/DEBUG]: Skipping Lnet/minecraft/world/level/storage/loot/entries/LootPoolEntryContainer$Builder;
[23:09:17] [main/DEBUG]: Skipping Lnet/minecraft/world/level/storage/loot/entries/LootPoolEntry;
[23:09:17] [main/DEBUG]: Skipping Lnet/minecraft/world/level/storage/loot/entries/LootPoolEntries;
[23:09:17] [main/DEBUG]: Skipping Lnet/minecraft/world/level/storage/loot/entries/LootItem;
[23:09:17] [main/DEBUG]: Skipping Lnet/minecraft/world/level/storage/loot/entries/EntryGroup;
[23:09:17] [main/DEBUG]: Skipping Lnet/minecraft/world/level/storage/loot/entries/EntryGroup$Builder;
[23:09:17] [main/DEBUG]: Skipping Lnet/minecraft/world/level/storage/loot/entries/EmptyLootItem;
[23:09:17] [main/DEBUG]: Skipping Lnet/minecraft/world/level/storage/loot/entries/DynamicLoot;
[23:09:17] [main/DEBUG]: Skipping Lnet/minecraft/world/level/storage/loot/entries/CompositeEntryBase;
[23:09:17] [main/DEBUG]: Skipping Lnet/minecraft/world/level/storage/loot/entries/CompositeEntryBase$CompositeEntryConstructor;
[23:09:17] [main/DEBUG]: Skipping Lnet/minecraft/world/level/storage/loot/entries/ComposableEntryContainer;
[23:09:17] [main/DEBUG]: Skipping Lnet/minecraft/world/level/storage/loot/entries/AlternativesEntry;
[23:09:17] [main/DEBUG]: Skipping Lnet/minecraft/world/level/storage/loot/entries/AlternativesEntry$Builder;
[23:09:17] [main/DEBUG]: Skipping Lnet/minecraft/world/level/storage/loot/ValidationContext;
[23:09:17] [main/DEBUG]: Skipping Lnet/minecraft/world/level/storage/loot/LootContextUser;
[23:09:17] [main/DEBUG]: Skipping Lnet/minecraft/world/level/storage/loot/IntRange;
[23:09:17] [main/DEBUG]: Skipping Lnet/minecraft/world/level/storage/loot/IntRange$IntLimiter;
[23:09:17] [main/DEBUG]: Skipping Lnet/minecraft/world/level/storage/loot/IntRange$IntChecker;
[23:09:17] [main/DEBUG]: Skipping Lnet/minecraft/world/level/storage/loot/ContainerComponentManipulators;
[23:09:17] [main/DEBUG]: Skipping Lnet/minecraft/world/level/storage/loot/ContainerComponentManipulators$3;
[23:09:17] [main/DEBUG]: Skipping Lnet/minecraft/world/level/storage/loot/ContainerComponentManipulators$2;
[23:09:17] [main/DEBUG]: Skipping Lnet/minecraft/world/level/storage/loot/ContainerComponentManipulators$1;
[23:09:17] [main/DEBUG]: Skipping Lnet/minecraft/world/level/storage/loot/ContainerComponentManipulator;
[23:09:17] [main/DEBUG]: Skipping Lnet/minecraft/world/level/storage/loot/BuiltInLootTables;
[23:09:17] [main/DEBUG]: Skipping Lnet/minecraft/world/level/storage/loot/LootTable;
[23:09:17] [main/DEBUG]: Skipping Lnet/minecraft/world/level/storage/loot/LootTable$Builder;
[23:09:17] [main/DEBUG]: Transforming class Lnet/minecraft/world/level/storage/loot/LootPool;
[23:09:17] [main/DEBUG]: Transforming net/minecraft/world/level/storage/loot/LootPool FIELD f_79028_ to access PRIVATE and REMOVEFINAL
[23:09:17] [main/DEBUG]: Transforming net/minecraft/world/level/storage/loot/LootPool FIELD f_79029_ to access PRIVATE and REMOVEFINAL
[23:09:17] [main/DEBUG]: Skipping Lnet/minecraft/world/level/storage/loot/LootPool$Builder;
[23:09:17] [main/DEBUG]: Skipping Lnet/minecraft/world/level/storage/loot/LootParams;
[23:09:17] [main/DEBUG]: Skipping Lnet/minecraft/world/level/storage/loot/LootParams$DynamicDrop;
[23:09:17] [main/DEBUG]: Skipping Lnet/minecraft/world/level/storage/loot/LootParams$Builder;
[23:09:17] [main/DEBUG]: Skipping Lnet/minecraft/world/level/storage/loot/LootDataType;
[23:09:17] [main/DEBUG]: Skipping Lnet/minecraft/world/level/storage/loot/LootDataType$Validator;
[23:09:17] [main/DEBUG]: Skipping Lnet/minecraft/world/level/storage/loot/LootContext;
[23:09:17] [main/DEBUG]: Skipping Lnet/minecraft/world/level/storage/loot/LootContext$VisitedEntry;
[23:09:17] [main/DEBUG]: Skipping Lnet/minecraft/world/level/storage/loot/LootContext$EntityTarget;
[23:09:17] [main/DEBUG]: Skipping Lnet/minecraft/world/level/storage/loot/LootContext$Builder;
[23:09:17] [main/DEBUG]: Skipping Lnet/minecraft/world/level/storage/WritableLevelData;
[23:09:17] [main/DEBUG]: Skipping Lnet/minecraft/world/level/storage/WorldData;
[23:09:17] [main/DEBUG]: Skipping Lnet/minecraft/world/level/storage/ServerLevelData;
[23:09:17] [main/DEBUG]: Skipping Lnet/minecraft/world/level/storage/LevelVersion;
[23:09:17] [main/DEBUG]: Skipping Lnet/minecraft/world/level/storage/LevelStorageException;
[23:09:17] [main/DEBUG]: Transforming class Lnet/minecraft/world/level/storage/LevelResource;
[23:09:17] [main/DEBUG]: Transforming net/minecraft/world/level/storage/LevelResource METHOD <init>(Ljava/lang/String;)V to access PUBLIC and LEAVE
[23:09:17] [main/DEBUG]: Skipping Lnet/minecraft/world/level/storage/LevelDataAndDimensions;
[23:09:17] [main/DEBUG]: Skipping Lnet/minecraft/world/level/storage/LevelData;
[23:09:17] [main/DEBUG]: Skipping Lnet/minecraft/world/level/storage/FileNameDateFormatter;
[23:09:17] [main/DEBUG]: Skipping Lnet/minecraft/world/level/storage/DerivedLevelData;
[23:09:17] [main/DEBUG]: Skipping Lnet/minecraft/world/level/storage/DataVersion;
[23:09:17] [main/DEBUG]: Skipping Lnet/minecraft/world/level/storage/CommandStorage;
[23:09:17] [main/DEBUG]: Skipping Lnet/minecraft/world/level/storage/CommandStorage$Container;
[23:09:17] [main/DEBUG]: Skipping Lnet/minecraft/world/level/storage/PrimaryLevelData;
[23:09:17] [main/DEBUG]: Skipping Lnet/minecraft/world/level/storage/PrimaryLevelData$SpecialWorldProperty;
[23:09:17] [main/DEBUG]: Skipping Lnet/minecraft/world/level/storage/PlayerDataStorage;
[23:09:17] [main/DEBUG]: Skipping Lnet/minecraft/world/level/storage/LevelSummary;
[23:09:17] [main/DEBUG]: Skipping Lnet/minecraft/world/level/storage/LevelSummary$SymlinkLevelSummary;
[23:09:17] [main/DEBUG]: Skipping Lnet/minecraft/world/level/storage/LevelSummary$CorruptedLevelSummary;
[23:09:17] [main/DEBUG]: Skipping Lnet/minecraft/world/level/storage/LevelSummary$BackupStatus;
[23:09:17] [main/DEBUG]: Skipping Lnet/minecraft/world/level/storage/LevelStorageSource;
[23:09:17] [main/DEBUG]: Skipping Lnet/minecraft/world/level/storage/LevelStorageSource$LevelStorageAccess;
[23:09:17] [main/DEBUG]: Skipping Lnet/minecraft/world/level/storage/LevelStorageSource$LevelStorageAccess$2;
[23:09:17] [main/DEBUG]: Skipping Lnet/minecraft/world/level/storage/LevelStorageSource$LevelStorageAccess$1;
[23:09:17] [main/DEBUG]: Skipping Lnet/minecraft/world/level/storage/LevelStorageSource$LevelDirectory;
[23:09:17] [main/DEBUG]: Skipping Lnet/minecraft/world/level/storage/LevelStorageSource$LevelCandidates;
[23:09:17] [main/DEBUG]: Skipping Lnet/minecraft/world/level/storage/DimensionDataStorage;
[23:09:17] [main/DEBUG]: Skipping Lnet/minecraft/world/level/saveddata/package-info;
[23:09:17] [main/DEBUG]: Skipping Lnet/minecraft/world/level/saveddata/maps/package-info;
[23:09:17] [main/DEBUG]: Skipping Lnet/minecraft/world/level/saveddata/maps/MapItemSavedData;
[23:09:17] [main/DEBUG]: Skipping Lnet/minecraft/world/level/saveddata/maps/MapItemSavedData$MapPatch;
[23:09:17] [main/DEBUG]: Skipping Lnet/minecraft/world/level/saveddata/maps/MapItemSavedData$HoldingPlayer;
[23:09:17] [main/DEBUG]: Skipping Lnet/minecraft/world/level/saveddata/maps/MapIndex;
[23:09:17] [main/DEBUG]: Skipping Lnet/minecraft/world/level/saveddata/maps/MapId;
[23:09:17] [main/DEBUG]: Skipping Lnet/minecraft/world/level/saveddata/maps/MapFrame;
[23:09:17] [main/DEBUG]: Skipping Lnet/minecraft/world/level/saveddata/maps/MapDecorationTypes;
[23:09:17] [main/DEBUG]: Skipping Lnet/minecraft/world/level/saveddata/maps/MapDecorationType;
[23:09:17] [main/DEBUG]: Skipping Lnet/minecraft/world/level/saveddata/maps/MapDecoration;
[23:09:17] [main/DEBUG]: Skipping Lnet/minecraft/world/level/saveddata/maps/MapBanner;
[23:09:17] [main/DEBUG]: Skipping Lnet/minecraft/world/level/saveddata/maps/MapBanner$1;
[23:09:17] [main/DEBUG]: Skipping Lnet/minecraft/world/level/saveddata/SavedData;
[23:09:17] [main/DEBUG]: Skipping Lnet/minecraft/world/level/saveddata/SavedData$Factory;
[23:09:17] [main/DEBUG]: Skipping Lnet/minecraft/world/level/redstone/package-info;
[23:09:17] [main/DEBUG]: Skipping Lnet/minecraft/world/level/redstone/Redstone;
[23:09:17] [main/DEBUG]: Skipping Lnet/minecraft/world/level/redstone/NeighborUpdater;
[23:09:17] [main/DEBUG]: Skipping Lnet/minecraft/world/level/redstone/InstantNeighborUpdater;
[23:09:17] [main/DEBUG]: Skipping Lnet/minecraft/world/level/redstone/CollectingNeighborUpdater;
[23:09:17] [main/DEBUG]: Skipping Lnet/minecraft/world/level/redstone/CollectingNeighborUpdater$SimpleNeighborUpdate;
[23:09:17] [main/DEBUG]: Skipping Lnet/minecraft/world/level/redstone/CollectingNeighborUpdater$ShapeUpdate;
[23:09:17] [main/DEBUG]: Skipping Lnet/minecraft/world/level/redstone/CollectingNeighborUpdater$NeighborUpdates;
[23:09:17] [main/DEBUG]: Skipping Lnet/minecraft/world/level/redstone/CollectingNeighborUpdater$MultiNeighborUpdate;
[23:09:17] [main/DEBUG]: Skipping Lnet/minecraft/world/level/redstone/CollectingNeighborUpdater$FullNeighborUpdate;
[23:09:17] [main/DEBUG]: Skipping Lnet/minecraft/world/level/portal/package-info;
[23:09:17] [main/DEBUG]: Transforming class Lnet/minecraft/world/level/portal/PortalForcer;
[23:09:17] [main/DEBUG]: Transforming net/minecraft/world/level/portal/PortalForcer FIELD f_77648_ to access PROTECTED and LEAVE
[23:09:18] [main/DEBUG]: Skipping Lnet/minecraft/world/level/portal/DimensionTransition;
[23:09:18] [main/DEBUG]: Skipping Lnet/minecraft/world/level/portal/DimensionTransition$PostDimensionTransition;
[23:09:18] [main/DEBUG]: Skipping Lnet/minecraft/world/level/portal/PortalShape;
[23:09:18] [main/DEBUG]: Skipping Lnet/minecraft/world/level/pathfinder/package-info;
[23:09:18] [main/DEBUG]: Skipping Lnet/minecraft/world/level/pathfinder/Target;
[23:09:18] [main/DEBUG]: Skipping Lnet/minecraft/world/level/pathfinder/SwimNodeEvaluator;
[23:09:18] [main/DEBUG]: Skipping Lnet/minecraft/world/level/pathfinder/PathfindingContext;
[23:09:18] [main/DEBUG]: Skipping Lnet/minecraft/world/level/pathfinder/PathTypeCache;
[23:09:18] [main/DEBUG]: Skipping Lnet/minecraft/world/level/pathfinder/PathFinder;
[23:09:18] [main/DEBUG]: Skipping Lnet/minecraft/world/level/pathfinder/PathComputationType;
[23:09:18] [main/DEBUG]: Skipping Lnet/minecraft/world/level/pathfinder/Path;
[23:09:18] [main/DEBUG]: Skipping Lnet/minecraft/world/level/pathfinder/Path$DebugData;
[23:09:18] [main/DEBUG]: Skipping Lnet/minecraft/world/level/pathfinder/NodeEvaluator;
[23:09:18] [main/DEBUG]: Skipping Lnet/minecraft/world/level/pathfinder/Node;
[23:09:18] [main/DEBUG]: Skipping Lnet/minecraft/world/level/pathfinder/FlyNodeEvaluator;
[23:09:18] [main/DEBUG]: Skipping Lnet/minecraft/world/level/pathfinder/BinaryHeap;
[23:09:18] [main/DEBUG]: Skipping Lnet/minecraft/world/level/pathfinder/AmphibiousNodeEvaluator;
[23:09:18] [main/DEBUG]: Skipping Lnet/minecraft/world/level/pathfinder/WalkNodeEvaluator;
[23:09:18] [main/DEBUG]: Skipping Lnet/minecraft/world/level/pathfinder/WalkNodeEvaluator$1;
[23:09:18] [main/DEBUG]: Skipping Lnet/minecraft/world/level/pathfinder/PathType;
[23:09:18] [main/DEBUG]: Skipping Lnet/minecraft/world/level/package-info;
[23:09:18] [main/DEBUG]: Skipping Lnet/minecraft/world/level/material/package-info;
[23:09:18] [main/DEBUG]: Skipping Lnet/minecraft/world/level/material/WaterFluid;
[23:09:18] [main/DEBUG]: Skipping Lnet/minecraft/world/level/material/WaterFluid$Source;
[23:09:18] [main/DEBUG]: Skipping Lnet/minecraft/world/level/material/WaterFluid$Flowing;
[23:09:18] [main/DEBUG]: Skipping Lnet/minecraft/world/level/material/PushReaction;
[23:09:18] [main/DEBUG]: Skipping Lnet/minecraft/world/level/material/MapColor;
[23:09:18] [main/DEBUG]: Skipping Lnet/minecraft/world/level/material/MapColor$Brightness;
[23:09:18] [main/DEBUG]: Skipping Lnet/minecraft/world/level/material/FogType;
[23:09:18] [main/DEBUG]: Skipping Lnet/minecraft/world/level/material/Fluids;
[23:09:18] [main/DEBUG]: Skipping Lnet/minecraft/world/level/material/EmptyFluid;
[23:09:18] [main/DEBUG]: Skipping Lnet/minecraft/world/level/material/LavaFluid;
[23:09:18] [main/DEBUG]: Skipping Lnet/minecraft/world/level/material/LavaFluid$Source;
[23:09:18] [main/DEBUG]: Skipping Lnet/minecraft/world/level/material/LavaFluid$Flowing;
[23:09:18] [main/DEBUG]: Skipping Lnet/minecraft/world/level/material/FluidState;
[23:09:18] [main/DEBUG]: Skipping Lnet/minecraft/world/level/material/Fluid;
[23:09:18] [main/DEBUG]: Skipping Lnet/minecraft/world/level/material/FlowingFluid;
[23:09:18] [main/DEBUG]: Skipping Lnet/minecraft/world/level/material/FlowingFluid$1;
[23:09:18] [main/DEBUG]: Skipping Lnet/minecraft/world/level/lighting/package-info;
[23:09:18] [main/DEBUG]: Skipping Lnet/minecraft/world/level/lighting/SpatialLongSet;
[23:09:18] [main/DEBUG]: Skipping Lnet/minecraft/world/level/lighting/SpatialLongSet$InternalMap;
[23:09:18] [main/DEBUG]: Skipping Lnet/minecraft/world/level/lighting/SkyLightSectionStorage;
[23:09:18] [main/DEBUG]: Skipping Lnet/minecraft/world/level/lighting/SkyLightSectionStorage$SkyDataLayerStorageMap;
[23:09:18] [main/DEBUG]: Skipping Lnet/minecraft/world/level/lighting/SkyLightEngine;
[23:09:18] [main/DEBUG]: Skipping Lnet/minecraft/world/level/lighting/SkyLightEngine$1;
[23:09:18] [main/DEBUG]: Skipping Lnet/minecraft/world/level/lighting/LightEventListener;
[23:09:18] [main/DEBUG]: Skipping Lnet/minecraft/world/level/lighting/LeveledPriorityQueue;
[23:09:18] [main/DEBUG]: Skipping Lnet/minecraft/world/level/lighting/LeveledPriorityQueue$1;
[23:09:18] [main/DEBUG]: Skipping Lnet/minecraft/world/level/lighting/LevelLightEngine;
[23:09:18] [main/DEBUG]: Skipping Lnet/minecraft/world/level/lighting/LayerLightSectionStorage;
[23:09:18] [main/DEBUG]: Skipping Lnet/minecraft/world/level/lighting/LayerLightSectionStorage$SectionType;
[23:09:18] [main/DEBUG]: Skipping Lnet/minecraft/world/level/lighting/LayerLightSectionStorage$SectionState;
[23:09:18] [main/DEBUG]: Skipping Lnet/minecraft/world/level/lighting/LayerLightEventListener;
[23:09:18] [main/DEBUG]: Skipping Lnet/minecraft/world/level/lighting/LayerLightEventListener$DummyLightLayerEventListener;
[23:09:18] [main/DEBUG]: Skipping Lnet/minecraft/world/level/lighting/DynamicGraphMinFixedPoint;
[23:09:18] [main/DEBUG]: Skipping Lnet/minecraft/world/level/lighting/DynamicGraphMinFixedPoint$1;
[23:09:18] [main/DEBUG]: Skipping Lnet/minecraft/world/level/lighting/DataLayerStorageMap;
[23:09:18] [main/DEBUG]: Skipping Lnet/minecraft/world/level/lighting/ChunkSkyLightSources;
[23:09:18] [main/DEBUG]: Skipping Lnet/minecraft/world/level/lighting/BlockLightSectionStorage;
[23:09:18] [main/DEBUG]: Skipping Lnet/minecraft/world/level/lighting/BlockLightSectionStorage$BlockDataLayerStorageMap;
[23:09:18] [main/DEBUG]: Skipping Lnet/minecraft/world/level/lighting/LightEngine;
[23:09:18] [main/DEBUG]: Skipping Lnet/minecraft/world/level/lighting/LightEngine$QueueEntry;
[23:09:18] [main/DEBUG]: Skipping Lnet/minecraft/world/level/lighting/BlockLightEngine;
[23:09:18] [main/DEBUG]: Skipping Lnet/minecraft/world/level/levelgen/synth/package-info;
[23:09:18] [main/DEBUG]: Skipping Lnet/minecraft/world/level/levelgen/synth/SimplexNoise;
[23:09:18] [main/DEBUG]: Skipping Lnet/minecraft/world/level/levelgen/synth/PerlinSimplexNoise;
[23:09:18] [main/DEBUG]: Skipping Lnet/minecraft/world/level/levelgen/synth/PerlinNoise;
[23:09:18] [main/DEBUG]: Skipping Lnet/minecraft/world/level/levelgen/synth/NormalNoise;
[23:09:18] [main/DEBUG]: Skipping Lnet/minecraft/world/level/levelgen/synth/NormalNoise$NoiseParameters;
[23:09:18] [main/DEBUG]: Skipping Lnet/minecraft/world/level/levelgen/synth/NoiseUtils;
[23:09:18] [main/DEBUG]: Skipping Lnet/minecraft/world/level/levelgen/synth/ImprovedNoise;
[23:09:18] [main/DEBUG]: Skipping Lnet/minecraft/world/level/levelgen/synth/BlendedNoise;
[23:09:18] [main/DEBUG]: Skipping Lnet/minecraft/world/level/levelgen/structure/templatesystem/rule/blockentity/package-info;
[23:09:18] [main/DEBUG]: Skipping Lnet/minecraft/world/level/levelgen/structure/templatesystem/rule/blockentity/RuleBlockEntityModifierType;
[23:09:18] [main/DEBUG]: Skipping Lnet/minecraft/world/level/levelgen/structure/templatesystem/rule/blockentity/RuleBlockEntityModifier;
[23:09:18] [main/DEBUG]: Skipping Lnet/minecraft/world/level/levelgen/structure/templatesystem/rule/blockentity/Passthrough;
[23:09:18] [main/DEBUG]: Skipping Lnet/minecraft/world/level/levelgen/structure/templatesystem/rule/blockentity/Clear;
[23:09:18] [main/DEBUG]: Skipping Lnet/minecraft/world/level/levelgen/structure/templatesystem/rule/blockentity/AppendStatic;
[23:09:18] [main/DEBUG]: Skipping Lnet/minecraft/world/level/levelgen/structure/templatesystem/rule/blockentity/AppendLoot;
[23:09:18] [main/DEBUG]: Skipping Lnet/minecraft/world/level/levelgen/structure/templatesystem/package-info;
[23:09:18] [main/DEBUG]: Skipping Lnet/minecraft/world/level/levelgen/structure/templatesystem/TagMatchTest;
[23:09:18] [main/DEBUG]: Skipping Lnet/minecraft/world/level/levelgen/structure/templatesystem/StructureTemplateManager;
[23:09:18] [main/DEBUG]: Skipping Lnet/minecraft/world/level/levelgen/structure/templatesystem/StructureTemplateManager$Source;
[23:09:18] [main/DEBUG]: Skipping Lnet/minecraft/world/level/levelgen/structure/templatesystem/StructureTemplateManager$InputStreamOpener;
[23:09:18] [main/DEBUG]: Skipping Lnet/minecraft/world/level/levelgen/structure/templatesystem/StructureProcessorType;
[23:09:18] [main/DEBUG]: Skipping Lnet/minecraft/world/level/levelgen/structure/templatesystem/StructureProcessorList;
[23:09:18] [main/DEBUG]: Skipping Lnet/minecraft/world/level/levelgen/structure/templatesystem/StructurePlaceSettings;
[23:09:18] [main/DEBUG]: Skipping Lnet/minecraft/world/level/levelgen/structure/templatesystem/RuleTestType;
[23:09:18] [main/DEBUG]: Skipping Lnet/minecraft/world/level/levelgen/structure/templatesystem/RuleTest;
[23:09:18] [main/DEBUG]: Skipping Lnet/minecraft/world/level/levelgen/structure/templatesystem/RuleProcessor;
[23:09:18] [main/DEBUG]: Skipping Lnet/minecraft/world/level/levelgen/structure/templatesystem/RandomBlockStateMatchTest;
[23:09:18] [main/DEBUG]: Skipping Lnet/minecraft/world/level/levelgen/structure/templatesystem/RandomBlockMatchTest;
[23:09:18] [main/DEBUG]: Skipping Lnet/minecraft/world/level/levelgen/structure/templatesystem/ProtectedBlockProcessor;
[23:09:18] [main/DEBUG]: Skipping Lnet/minecraft/world/level/levelgen/structure/templatesystem/ProcessorRule;
[23:09:18] [main/DEBUG]: Skipping Lnet/minecraft/world/level/levelgen/structure/templatesystem/PosRuleTestType;
[23:09:18] [main/DEBUG]: Skipping Lnet/minecraft/world/level/levelgen/structure/templatesystem/PosRuleTest;
[23:09:18] [main/DEBUG]: Skipping Lnet/minecraft/world/level/levelgen/structure/templatesystem/PosAlwaysTrueTest;
[23:09:18] [main/DEBUG]: Skipping Lnet/minecraft/world/level/levelgen/structure/templatesystem/NopProcessor;
[23:09:18] [main/DEBUG]: Skipping Lnet/minecraft/world/level/levelgen/structure/templatesystem/LiquidSettings;
[23:09:18] [main/DEBUG]: Skipping Lnet/minecraft/world/level/levelgen/structure/templatesystem/LinearPosTest;
[23:09:18] [main/DEBUG]: Skipping Lnet/minecraft/world/level/levelgen/structure/templatesystem/LavaSubmergedBlockProcessor;
[23:09:18] [main/DEBUG]: Skipping Lnet/minecraft/world/level/levelgen/structure/templatesystem/JigsawReplacementProcessor;
[23:09:18] [main/DEBUG]: Skipping Lnet/minecraft/world/level/levelgen/structure/templatesystem/GravityProcessor;
[23:09:18] [main/DEBUG]: Skipping Lnet/minecraft/world/level/levelgen/structure/templatesystem/CappedProcessor;
[23:09:18] [main/DEBUG]: Skipping Lnet/minecraft/world/level/levelgen/structure/templatesystem/BlockStateMatchTest;
[23:09:18] [main/DEBUG]: Skipping Lnet/minecraft/world/level/levelgen/structure/templatesystem/BlockRotProcessor;
[23:09:18] [main/DEBUG]: Skipping Lnet/minecraft/world/level/levelgen/structure/templatesystem/BlockMatchTest;
[23:09:18] [main/DEBUG]: Skipping Lnet/minecraft/world/level/levelgen/structure/templatesystem/BlockIgnoreProcessor;
[23:09:18] [main/DEBUG]: Skipping Lnet/minecraft/world/level/levelgen/structure/templatesystem/BlockAgeProcessor;
[23:09:18] [main/DEBUG]: Skipping Lnet/minecraft/world/level/levelgen/structure/templatesystem/BlackstoneReplaceProcessor;
[23:09:18] [main/DEBUG]: Skipping Lnet/minecraft/world/level/levelgen/structure/templatesystem/AxisAlignedLinearPosTest;
[23:09:18] [main/DEBUG]: Skipping Lnet/minecraft/world/level/levelgen/structure/templatesystem/AlwaysTrueTest;
[23:09:18] [main/DEBUG]: Skipping Lnet/minecraft/world/level/levelgen/structure/templatesystem/StructureTemplate;
[23:09:18] [main/DEBUG]: Skipping Lnet/minecraft/world/level/levelgen/structure/templatesystem/StructureTemplate$StructureEntityInfo;
[23:09:18] [main/DEBUG]: Skipping Lnet/minecraft/world/level/levelgen/structure/templatesystem/StructureTemplate$StructureBlockInfo;
[23:09:18] [main/DEBUG]: Skipping Lnet/minecraft/world/level/levelgen/structure/templatesystem/StructureTemplate$SimplePalette;
[23:09:18] [main/DEBUG]: Skipping Lnet/minecraft/world/level/levelgen/structure/templatesystem/StructureTemplate$Palette;
[23:09:18] [main/DEBUG]: Skipping Lnet/minecraft/world/level/levelgen/structure/templatesystem/StructureTemplate$1;
[23:09:18] [main/DEBUG]: Skipping Lnet/minecraft/world/level/levelgen/structure/templatesystem/StructureProcessor;
[23:09:18] [main/DEBUG]: Skipping Lnet/minecraft/world/level/levelgen/structure/structures/package-info;
[23:09:18] [main/DEBUG]: Skipping Lnet/minecraft/world/level/levelgen/structure/structures/WoodlandMansionStructure;
[23:09:18] [main/DEBUG]: Skipping Lnet/minecraft/world/level/levelgen/structure/structures/WoodlandMansionPieces;
[23:09:18] [main/DEBUG]: Skipping Lnet/minecraft/world/level/levelgen/structure/structures/WoodlandMansionPieces$WoodlandMansionPiece;
[23:09:18] [main/DEBUG]: Skipping Lnet/minecraft/world/level/levelgen/structure/structures/WoodlandMansionPieces$ThirdFloorRoomCollection;
[23:09:18] [main/DEBUG]: Skipping Lnet/minecraft/world/level/levelgen/structure/structures/WoodlandMansionPieces$SimpleGrid;
[23:09:18] [main/DEBUG]: Skipping Lnet/minecraft/world/level/levelgen/structure/structures/WoodlandMansionPieces$SecondFloorRoomCollection;
[23:09:18] [main/DEBUG]: Skipping Lnet/minecraft/world/level/levelgen/structure/structures/WoodlandMansionPieces$PlacementData;
[23:09:18] [main/DEBUG]: Skipping Lnet/minecraft/world/level/levelgen/structure/structures/WoodlandMansionPieces$MansionPiecePlacer;
[23:09:18] [main/DEBUG]: Skipping Lnet/minecraft/world/level/levelgen/structure/structures/WoodlandMansionPieces$MansionGrid;
[23:09:18] [main/DEBUG]: Skipping Lnet/minecraft/world/level/levelgen/structure/structures/WoodlandMansionPieces$FloorRoomCollection;
[23:09:18] [main/DEBUG]: Skipping Lnet/minecraft/world/level/levelgen/structure/structures/WoodlandMansionPieces$FirstFloorRoomCollection;
[23:09:18] [main/DEBUG]: Skipping Lnet/minecraft/world/level/levelgen/structure/structures/SwampHutStructure;
[23:09:18] [main/DEBUG]: Skipping Lnet/minecraft/world/level/levelgen/structure/structures/SwampHutPiece;
[23:09:18] [main/DEBUG]: Skipping Lnet/minecraft/world/level/levelgen/structure/structures/StrongholdStructure;
[23:09:18] [main/DEBUG]: Skipping Lnet/minecraft/world/level/levelgen/structure/structures/StrongholdPieces;
[23:09:18] [main/DEBUG]: Skipping Lnet/minecraft/world/level/levelgen/structure/structures/StrongholdPieces$Turn;
[23:09:18] [main/DEBUG]: Skipping Lnet/minecraft/world/level/levelgen/structure/structures/StrongholdPieces$StrongholdPiece;
[23:09:18] [main/DEBUG]: Skipping Lnet/minecraft/world/level/levelgen/structure/structures/StrongholdPieces$StrongholdPiece$SmallDoorType;
[23:09:18] [main/DEBUG]: Skipping Lnet/minecraft/world/level/levelgen/structure/structures/StrongholdPieces$StraightStairsDown;
[23:09:18] [main/DEBUG]: Skipping Lnet/minecraft/world/level/levelgen/structure/structures/StrongholdPieces$Straight;
[23:09:18] [main/DEBUG]: Skipping Lnet/minecraft/world/level/levelgen/structure/structures/StrongholdPieces$StartPiece;
[23:09:18] [main/DEBUG]: Skipping Lnet/minecraft/world/level/levelgen/structure/structures/StrongholdPieces$StairsDown;
[23:09:18] [main/DEBUG]: Skipping Lnet/minecraft/world/level/levelgen/structure/structures/StrongholdPieces$SmoothStoneSelector;
[23:09:18] [main/DEBUG]: Skipping Lnet/minecraft/world/level/levelgen/structure/structures/StrongholdPieces$RoomCrossing;
[23:09:18] [main/DEBUG]: Skipping Lnet/minecraft/world/level/levelgen/structure/structures/StrongholdPieces$RightTurn;
[23:09:18] [main/DEBUG]: Skipping Lnet/minecraft/world/level/levelgen/structure/structures/StrongholdPieces$PrisonHall;
[23:09:18] [main/DEBUG]: Skipping Lnet/minecraft/world/level/levelgen/structure/structures/StrongholdPieces$PortalRoom;
[23:09:18] [main/DEBUG]: Skipping Lnet/minecraft/world/level/levelgen/structure/structures/StrongholdPieces$PieceWeight;
[23:09:18] [main/DEBUG]: Skipping Lnet/minecraft/world/level/levelgen/structure/structures/StrongholdPieces$Library;
[23:09:18] [main/DEBUG]: Skipping Lnet/minecraft/world/level/levelgen/structure/structures/StrongholdPieces$LeftTurn;
[23:09:18] [main/DEBUG]: Skipping Lnet/minecraft/world/level/levelgen/structure/structures/StrongholdPieces$FiveCrossing;
[23:09:18] [main/DEBUG]: Skipping Lnet/minecraft/world/level/levelgen/structure/structures/StrongholdPieces$FillerCorridor;
[23:09:18] [main/DEBUG]: Skipping Lnet/minecraft/world/level/levelgen/structure/structures/StrongholdPieces$ChestCorridor;
[23:09:18] [main/DEBUG]: Skipping Lnet/minecraft/world/level/levelgen/structure/structures/StrongholdPieces$3;
[23:09:18] [main/DEBUG]: Skipping Lnet/minecraft/world/level/levelgen/structure/structures/StrongholdPieces$2;
[23:09:18] [main/DEBUG]: Skipping Lnet/minecraft/world/level/levelgen/structure/structures/StrongholdPieces$1;
[23:09:18] [main/DEBUG]: Skipping Lnet/minecraft/world/level/levelgen/structure/structures/ShipwreckStructure;
[23:09:18] [main/DEBUG]: Skipping Lnet/minecraft/world/level/levelgen/structure/structures/ShipwreckPieces;
[23:09:18] [main/DEBUG]: Skipping Lnet/minecraft/world/level/levelgen/structure/structures/ShipwreckPieces$ShipwreckPiece;
[23:09:18] [main/DEBUG]: Skipping Lnet/minecraft/world/level/levelgen/structure/structures/RuinedPortalStructure;
[23:09:18] [main/DEBUG]: Skipping Lnet/minecraft/world/level/levelgen/structure/structures/RuinedPortalStructure$Setup;
[23:09:18] [main/DEBUG]: Skipping Lnet/minecraft/world/level/levelgen/structure/structures/RuinedPortalPiece;
[23:09:18] [main/DEBUG]: Skipping Lnet/minecraft/world/level/levelgen/structure/structures/RuinedPortalPiece$VerticalPlacement;
[23:09:18] [main/DEBUG]: Skipping Lnet/minecraft/world/level/levelgen/structure/structures/RuinedPortalPiece$Properties;
[23:09:18] [main/DEBUG]: Skipping Lnet/minecraft/world/level/levelgen/structure/structures/OceanRuinStructure;
[23:09:18] [main/DEBUG]: Skipping Lnet/minecraft/world/level/levelgen/structure/structures/OceanRuinStructure$Type;
[23:09:18] [main/DEBUG]: Skipping Lnet/minecraft/world/level/levelgen/structure/structures/OceanRuinPieces;
[23:09:18] [main/DEBUG]: Skipping Lnet/minecraft/world/level/levelgen/structure/structures/OceanRuinPieces$OceanRuinPiece;
[23:09:18] [main/DEBUG]: Skipping Lnet/minecraft/world/level/levelgen/structure/structures/OceanRuinPieces$1;
[23:09:18] [main/DEBUG]: Skipping Lnet/minecraft/world/level/levelgen/structure/structures/OceanMonumentStructure;
[23:09:18] [main/DEBUG]: Skipping Lnet/minecraft/world/level/levelgen/structure/structures/OceanMonumentPieces;
[23:09:18] [main/DEBUG]: Skipping Lnet/minecraft/world/level/levelgen/structure/structures/OceanMonumentPieces$RoomDefinition;
[23:09:18] [main/DEBUG]: Skipping Lnet/minecraft/world/level/levelgen/structure/structures/OceanMonumentPieces$OceanMonumentWingRoom;
[23:09:18] [main/DEBUG]: Skipping Lnet/minecraft/world/level/levelgen/structure/structures/OceanMonumentPieces$OceanMonumentSimpleTopRoom;
[23:09:18] [main/DEBUG]: Skipping Lnet/minecraft/world/level/levelgen/structure/structures/OceanMonumentPieces$OceanMonumentSimpleRoom;
[23:09:18] [main/DEBUG]: Skipping Lnet/minecraft/world/level/levelgen/structure/structures/OceanMonumentPieces$OceanMonumentPiece;
[23:09:18] [main/DEBUG]: Skipping Lnet/minecraft/world/level/levelgen/structure/structures/OceanMonumentPieces$OceanMonumentPenthouse;
[23:09:18] [main/DEBUG]: Skipping Lnet/minecraft/world/level/levelgen/structure/structures/OceanMonumentPieces$OceanMonumentEntryRoom;
[23:09:18] [main/DEBUG]: Skipping Lnet/minecraft/world/level/levelgen/structure/structures/OceanMonumentPieces$OceanMonumentDoubleZRoom;
[23:09:18] [main/DEBUG]: Skipping Lnet/minecraft/world/level/levelgen/structure/structures/OceanMonumentPieces$OceanMonumentDoubleYZRoom;
[23:09:18] [main/DEBUG]: Skipping Lnet/minecraft/world/level/levelgen/structure/structures/OceanMonumentPieces$OceanMonumentDoubleYRoom;
[23:09:18] [main/DEBUG]: Skipping Lnet/minecraft/world/level/levelgen/structure/structures/OceanMonumentPieces$OceanMonumentDoubleXYRoom;
[23:09:18] [main/DEBUG]: Skipping Lnet/minecraft/world/level/levelgen/structure/structures/OceanMonumentPieces$OceanMonumentDoubleXRoom;
[23:09:18] [main/DEBUG]: Skipping Lnet/minecraft/world/level/levelgen/structure/structures/OceanMonumentPieces$OceanMonumentCoreRoom;
[23:09:18] [main/DEBUG]: Skipping Lnet/minecraft/world/level/levelgen/structure/structures/OceanMonumentPieces$MonumentRoomFitter;
[23:09:18] [main/DEBUG]: Skipping Lnet/minecraft/world/level/levelgen/structure/structures/OceanMonumentPieces$MonumentBuilding;
[23:09:18] [main/DEBUG]: Skipping Lnet/minecraft/world/level/levelgen/structure/structures/OceanMonumentPieces$FitSimpleTopRoom;
[23:09:18] [main/DEBUG]: Skipping Lnet/minecraft/world/level/levelgen/structure/structures/OceanMonumentPieces$FitSimpleRoom;
[23:09:18] [main/DEBUG]: Skipping Lnet/minecraft/world/level/levelgen/structure/structures/OceanMonumentPieces$FitDoubleZRoom;
[23:09:18] [main/DEBUG]: Skipping Lnet/minecraft/world/level/levelgen/structure/structures/OceanMonumentPieces$FitDoubleYZRoom;
[23:09:18] [main/DEBUG]: Skipping Lnet/minecraft/world/level/levelgen/structure/structures/OceanMonumentPieces$FitDoubleYRoom;
[23:09:18] [main/DEBUG]: Skipping Lnet/minecraft/world/level/levelgen/structure/structures/OceanMonumentPieces$FitDoubleXYRoom;
[23:09:18] [main/DEBUG]: Skipping Lnet/minecraft/world/level/levelgen/structure/structures/OceanMonumentPieces$FitDoubleXRoom;
[23:09:18] [main/DEBUG]: Skipping Lnet/minecraft/world/level/levelgen/structure/structures/OceanMonumentPieces$1;
[23:09:18] [main/DEBUG]: Skipping Lnet/minecraft/world/level/levelgen/structure/structures/NetherFossilStructure;
[23:09:18] [main/DEBUG]: Skipping Lnet/minecraft/world/level/levelgen/structure/structures/NetherFossilPieces;
[23:09:18] [main/DEBUG]: Skipping Lnet/minecraft/world/level/levelgen/structure/structures/NetherFossilPieces$NetherFossilPiece;
[23:09:18] [main/DEBUG]: Skipping Lnet/minecraft/world/level/levelgen/structure/structures/NetherFortressStructure;
[23:09:18] [main/DEBUG]: Skipping Lnet/minecraft/world/level/levelgen/structure/structures/NetherFortressPieces;
[23:09:18] [main/DEBUG]: Skipping Lnet/minecraft/world/level/levelgen/structure/structures/NetherFortressPieces$StartPiece;
[23:09:18] [main/DEBUG]: Skipping Lnet/minecraft/world/level/levelgen/structure/structures/NetherFortressPieces$StairsRoom;
[23:09:18] [main/DEBUG]: Skipping Lnet/minecraft/world/level/levelgen/structure/structures/NetherFortressPieces$RoomCrossing;
[23:09:18] [main/DEBUG]: Skipping Lnet/minecraft/world/level/levelgen/structure/structures/NetherFortressPieces$PieceWeight;
[23:09:18] [main/DEBUG]: Skipping Lnet/minecraft/world/level/levelgen/structure/structures/NetherFortressPieces$NetherBridgePiece;
[23:09:18] [main/DEBUG]: Skipping Lnet/minecraft/world/level/levelgen/structure/structures/NetherFortressPieces$MonsterThrone;
[23:09:18] [main/DEBUG]: Skipping Lnet/minecraft/world/level/levelgen/structure/structures/NetherFortressPieces$CastleStalkRoom;
[23:09:18] [main/DEBUG]: Skipping Lnet/minecraft/world/level/levelgen/structure/structures/NetherFortressPieces$CastleSmallCorridorRightTurnPiece;
[23:09:18] [main/DEBUG]: Skipping Lnet/minecraft/world/level/levelgen/structure/structures/NetherFortressPieces$CastleSmallCorridorPiece;
[23:09:18] [main/DEBUG]: Skipping Lnet/minecraft/world/level/levelgen/structure/structures/NetherFortressPieces$CastleSmallCorridorLeftTurnPiece;
[23:09:18] [main/DEBUG]: Skipping Lnet/minecraft/world/level/levelgen/structure/structures/NetherFortressPieces$CastleSmallCorridorCrossingPiece;
[23:09:18] [main/DEBUG]: Skipping Lnet/minecraft/world/level/levelgen/structure/structures/NetherFortressPieces$CastleEntrance;
[23:09:18] [main/DEBUG]: Skipping Lnet/minecraft/world/level/levelgen/structure/structures/NetherFortressPieces$CastleCorridorTBalconyPiece;
[23:09:18] [main/DEBUG]: Skipping Lnet/minecraft/world/level/levelgen/structure/structures/NetherFortressPieces$CastleCorridorStairsPiece;
[23:09:18] [main/DEBUG]: Skipping Lnet/minecraft/world/level/levelgen/structure/structures/NetherFortressPieces$BridgeStraight;
[23:09:18] [main/DEBUG]: Skipping Lnet/minecraft/world/level/levelgen/structure/structures/NetherFortressPieces$BridgeEndFiller;
[23:09:18] [main/DEBUG]: Skipping Lnet/minecraft/world/level/levelgen/structure/structures/NetherFortressPieces$BridgeCrossing;
[23:09:18] [main/DEBUG]: Skipping Lnet/minecraft/world/level/levelgen/structure/structures/NetherFortressPieces$1;
[23:09:18] [main/DEBUG]: Skipping Lnet/minecraft/world/level/levelgen/structure/structures/MineshaftStructure;
[23:09:18] [main/DEBUG]: Skipping Lnet/minecraft/world/level/levelgen/structure/structures/MineshaftStructure$Type;
[23:09:18] [main/DEBUG]: Skipping Lnet/minecraft/world/level/levelgen/structure/structures/MineshaftPieces;
[23:09:18] [main/DEBUG]: Skipping Lnet/minecraft/world/level/levelgen/structure/structures/MineshaftPieces$MineShaftStairs;
[23:09:18] [main/DEBUG]: Skipping Lnet/minecraft/world/level/levelgen/structure/structures/MineshaftPieces$MineShaftRoom;
[23:09:18] [main/DEBUG]: Skipping Lnet/minecraft/world/level/levelgen/structure/structures/MineshaftPieces$MineShaftPiece;
[23:09:18] [main/DEBUG]: Skipping Lnet/minecraft/world/level/levelgen/structure/structures/MineshaftPieces$MineShaftCrossing;
[23:09:18] [main/DEBUG]: Skipping Lnet/minecraft/world/level/levelgen/structure/structures/MineshaftPieces$MineShaftCorridor;
[23:09:18] [main/DEBUG]: Skipping Lnet/minecraft/world/level/levelgen/structure/structures/MineshaftPieces$1;
[23:09:18] [main/DEBUG]: Skipping Lnet/minecraft/world/level/levelgen/structure/structures/JungleTempleStructure;
[23:09:18] [main/DEBUG]: Skipping Lnet/minecraft/world/level/levelgen/structure/structures/JungleTemplePiece;
[23:09:18] [main/DEBUG]: Skipping Lnet/minecraft/world/level/levelgen/structure/structures/JungleTemplePiece$MossStoneSelector;
[23:09:18] [main/DEBUG]: Skipping Lnet/minecraft/world/level/levelgen/structure/structures/JigsawStructure;
[23:09:18] [main/DEBUG]: Skipping Lnet/minecraft/world/level/levelgen/structure/structures/JigsawStructure$1;
[23:09:18] [main/DEBUG]: Skipping Lnet/minecraft/world/level/levelgen/structure/structures/IglooStructure;
[23:09:18] [main/DEBUG]: Skipping Lnet/minecraft/world/level/levelgen/structure/structures/IglooPieces;
[23:09:18] [main/DEBUG]: Skipping Lnet/minecraft/world/level/levelgen/structure/structures/IglooPieces$IglooPiece;
[23:09:18] [main/DEBUG]: Skipping Lnet/minecraft/world/level/levelgen/structure/structures/EndCityStructure;
[23:09:18] [main/DEBUG]: Skipping Lnet/minecraft/world/level/levelgen/structure/structures/EndCityPieces;
[23:09:18] [main/DEBUG]: Skipping Lnet/minecraft/world/level/levelgen/structure/structures/EndCityPieces$SectionGenerator;
[23:09:18] [main/DEBUG]: Skipping Lnet/minecraft/world/level/levelgen/structure/structures/EndCityPieces$EndCityPiece;
[23:09:18] [main/DEBUG]: Skipping Lnet/minecraft/world/level/levelgen/structure/structures/EndCityPieces$4;
[23:09:18] [main/DEBUG]: Skipping Lnet/minecraft/world/level/levelgen/structure/structures/EndCityPieces$3;
[23:09:18] [main/DEBUG]: Skipping Lnet/minecraft/world/level/levelgen/structure/structures/EndCityPieces$2;
[23:09:18] [main/DEBUG]: Skipping Lnet/minecraft/world/level/levelgen/structure/structures/EndCityPieces$1;
[23:09:18] [main/DEBUG]: Skipping Lnet/minecraft/world/level/levelgen/structure/structures/DesertPyramidStructure;
[23:09:18] [main/DEBUG]: Skipping Lnet/minecraft/world/level/levelgen/structure/structures/DesertPyramidPiece;
[23:09:18] [main/DEBUG]: Skipping Lnet/minecraft/world/level/levelgen/structure/structures/BuriedTreasureStructure;
[23:09:18] [main/DEBUG]: Skipping Lnet/minecraft/world/level/levelgen/structure/structures/BuriedTreasurePieces;
[23:09:18] [main/DEBUG]: Skipping Lnet/minecraft/world/level/levelgen/structure/structures/BuriedTreasurePieces$BuriedTreasurePiece;
[23:09:18] [main/DEBUG]: Skipping Lnet/minecraft/world/level/levelgen/structure/pools/package-info;
[23:09:18] [main/DEBUG]: Skipping Lnet/minecraft/world/level/levelgen/structure/pools/alias/package-info;
[23:09:18] [main/DEBUG]: Skipping Lnet/minecraft/world/level/levelgen/structure/pools/alias/RandomGroup;
[23:09:18] [main/DEBUG]: Skipping Lnet/minecraft/world/level/levelgen/structure/pools/alias/Random;
[23:09:18] [main/DEBUG]: Skipping Lnet/minecraft/world/level/levelgen/structure/pools/alias/PoolAliasLookup;
[23:09:18] [main/DEBUG]: Skipping Lnet/minecraft/world/level/levelgen/structure/pools/alias/PoolAliasBindings;
[23:09:18] [main/DEBUG]: Skipping Lnet/minecraft/world/level/levelgen/structure/pools/alias/PoolAliasBinding;
[23:09:18] [main/DEBUG]: Skipping Lnet/minecraft/world/level/levelgen/structure/pools/alias/Direct;
[23:09:18] [main/DEBUG]: Skipping Lnet/minecraft/world/level/levelgen/structure/pools/StructureTemplatePool;
[23:09:18] [main/DEBUG]: Skipping Lnet/minecraft/world/level/levelgen/structure/pools/StructureTemplatePool$Projection;
[23:09:18] [main/DEBUG]: Skipping Lnet/minecraft/world/level/levelgen/structure/pools/StructurePoolElementType;
[23:09:18] [main/DEBUG]: Skipping Lnet/minecraft/world/level/levelgen/structure/pools/StructurePoolElement;
[23:09:18] [main/DEBUG]: Skipping Lnet/minecraft/world/level/levelgen/structure/pools/SinglePoolElement;
[23:09:18] [main/DEBUG]: Skipping Lnet/minecraft/world/level/levelgen/structure/pools/ListPoolElement;
[23:09:18] [main/DEBUG]: Skipping Lnet/minecraft/world/level/levelgen/structure/pools/LegacySinglePoolElement;
[23:09:18] [main/DEBUG]: Skipping Lnet/minecraft/world/level/levelgen/structure/pools/JigsawPlacement;
[23:09:18] [main/DEBUG]: Skipping Lnet/minecraft/world/level/levelgen/structure/pools/JigsawPlacement$Placer;
[23:09:18] [main/DEBUG]: Skipping Lnet/minecraft/world/level/levelgen/structure/pools/JigsawPlacement$PieceState;
[23:09:18] [main/DEBUG]: Skipping Lnet/minecraft/world/level/levelgen/structure/pools/JigsawJunction;
[23:09:18] [main/DEBUG]: Skipping Lnet/minecraft/world/level/levelgen/structure/pools/FeaturePoolElement;
[23:09:18] [main/DEBUG]: Skipping Lnet/minecraft/world/level/levelgen/structure/pools/EmptyPoolElement;
[23:09:18] [main/DEBUG]: Skipping Lnet/minecraft/world/level/levelgen/structure/pools/DimensionPadding;
[23:09:18] [main/DEBUG]: Skipping Lnet/minecraft/world/level/levelgen/structure/placement/package-info;
[23:09:18] [main/DEBUG]: Skipping Lnet/minecraft/world/level/levelgen/structure/placement/StructurePlacementType;
[23:09:18] [main/DEBUG]: Skipping Lnet/minecraft/world/level/levelgen/structure/placement/StructurePlacement;
[23:09:18] [main/DEBUG]: Skipping Lnet/minecraft/world/level/levelgen/structure/placement/StructurePlacement$FrequencyReductionMethod;
[23:09:18] [main/DEBUG]: Skipping Lnet/minecraft/world/level/levelgen/structure/placement/StructurePlacement$FrequencyReducer;
[23:09:18] [main/DEBUG]: Skipping Lnet/minecraft/world/level/levelgen/structure/placement/StructurePlacement$ExclusionZone;
[23:09:18] [main/DEBUG]: Skipping Lnet/minecraft/world/level/levelgen/structure/placement/RandomSpreadType;
[23:09:18] [main/DEBUG]: Skipping Lnet/minecraft/world/level/levelgen/structure/placement/RandomSpreadStructurePlacement;
[23:09:18] [main/DEBUG]: Skipping Lnet/minecraft/world/level/levelgen/structure/placement/ConcentricRingsStructurePlacement;
[23:09:18] [main/DEBUG]: Skipping Lnet/minecraft/world/level/levelgen/structure/pieces/package-info;
[23:09:18] [main/DEBUG]: Skipping Lnet/minecraft/world/level/levelgen/structure/pieces/StructurePiecesBuilder;
[23:09:18] [main/DEBUG]: Skipping Lnet/minecraft/world/level/levelgen/structure/pieces/StructurePieceType;
[23:09:18] [main/DEBUG]: Skipping Lnet/minecraft/world/level/levelgen/structure/pieces/StructurePieceType$StructureTemplateType;
[23:09:18] [main/DEBUG]: Skipping Lnet/minecraft/world/level/levelgen/structure/pieces/StructurePieceType$ContextlessType;
[23:09:18] [main/DEBUG]: Skipping Lnet/minecraft/world/level/levelgen/structure/pieces/StructurePieceSerializationContext;
[23:09:18] [main/DEBUG]: Skipping Lnet/minecraft/world/level/levelgen/structure/pieces/PiecesContainer;
[23:09:18] [main/DEBUG]: Skipping Lnet/minecraft/world/level/levelgen/structure/pieces/PieceGeneratorSupplier;
[23:09:18] [main/DEBUG]: Skipping Lnet/minecraft/world/level/levelgen/structure/pieces/PieceGeneratorSupplier$Context;
[23:09:18] [main/DEBUG]: Skipping Lnet/minecraft/world/level/levelgen/structure/pieces/PieceGenerator;
[23:09:18] [main/DEBUG]: Skipping Lnet/minecraft/world/level/levelgen/structure/pieces/PieceGenerator$Context;
[23:09:18] [main/DEBUG]: Skipping Lnet/minecraft/world/level/levelgen/structure/package-info;
[23:09:18] [main/DEBUG]: Skipping Lnet/minecraft/world/level/levelgen/structure/TerrainAdjustment;
[23:09:18] [main/DEBUG]: Skipping Lnet/minecraft/world/level/levelgen/structure/TemplateStructurePiece;
[23:09:18] [main/DEBUG]: Skipping Lnet/minecraft/world/level/levelgen/structure/StructureType;
[23:09:18] [main/DEBUG]: Skipping Lnet/minecraft/world/level/levelgen/structure/StructureSpawnOverride;
[23:09:18] [main/DEBUG]: Skipping Lnet/minecraft/world/level/levelgen/structure/StructureSpawnOverride$BoundingBoxType;
[23:09:18] [main/DEBUG]: Skipping Lnet/minecraft/world/level/levelgen/structure/StructureSet;
[23:09:18] [main/DEBUG]: Skipping Lnet/minecraft/world/level/levelgen/structure/StructureSet$StructureSelectionEntry;
[23:09:18] [main/DEBUG]: Skipping Lnet/minecraft/world/level/levelgen/structure/StructurePieceAccessor;
[23:09:18] [main/DEBUG]: Skipping Lnet/minecraft/world/level/levelgen/structure/StructureFeatureIndexSavedData;
[23:09:18] [main/DEBUG]: Skipping Lnet/minecraft/world/level/levelgen/structure/StructureCheckResult;
[23:09:18] [main/DEBUG]: Skipping Lnet/minecraft/world/level/levelgen/structure/StructureCheck;
[23:09:18] [main/DEBUG]: Skipping Lnet/minecraft/world/level/levelgen/structure/SinglePieceStructure;
[23:09:18] [main/DEBUG]: Skipping Lnet/minecraft/world/level/levelgen/structure/SinglePieceStructure$PieceConstructor;
[23:09:18] [main/DEBUG]: Skipping Lnet/minecraft/world/level/levelgen/structure/ScatteredFeaturePiece;
[23:09:18] [main/DEBUG]: Skipping Lnet/minecraft/world/level/levelgen/structure/PostPlacementProcessor;
[23:09:18] [main/DEBUG]: Skipping Lnet/minecraft/world/level/levelgen/structure/PoolElementStructurePiece;
[23:09:18] [main/DEBUG]: Skipping Lnet/minecraft/world/level/levelgen/structure/LegacyStructureDataHandler;
[23:09:18] [main/DEBUG]: Skipping Lnet/minecraft/world/level/levelgen/structure/BuiltinStructures;
[23:09:18] [main/DEBUG]: Skipping Lnet/minecraft/world/level/levelgen/structure/BuiltinStructureSets;
[23:09:18] [main/DEBUG]: Skipping Lnet/minecraft/world/level/levelgen/structure/BoundingBox;
[23:09:18] [main/DEBUG]: Skipping Lnet/minecraft/world/level/levelgen/structure/BoundingBox$1;
[23:09:18] [main/DEBUG]: Skipping Lnet/minecraft/world/level/levelgen/structure/StructureStart;
[23:09:18] [main/DEBUG]: Skipping Lnet/minecraft/world/level/levelgen/structure/StructurePiece;
[23:09:18] [main/DEBUG]: Skipping Lnet/minecraft/world/level/levelgen/structure/StructurePiece$BlockSelector;
[23:09:18] [main/DEBUG]: Skipping Lnet/minecraft/world/level/levelgen/structure/StructurePiece$1;
[23:09:18] [main/DEBUG]: Skipping Lnet/minecraft/world/level/levelgen/structure/Structure;
[23:09:18] [main/DEBUG]: Skipping Lnet/minecraft/world/level/levelgen/structure/Structure$StructureSettings;
[23:09:18] [main/DEBUG]: Skipping Lnet/minecraft/world/level/levelgen/structure/Structure$StructureSettings$Builder;
[23:09:18] [main/DEBUG]: Skipping Lnet/minecraft/world/level/levelgen/structure/Structure$GenerationStub;
[23:09:18] [main/DEBUG]: Skipping Lnet/minecraft/world/level/levelgen/structure/Structure$GenerationContext;
[23:09:18] [main/DEBUG]: Skipping Lnet/minecraft/world/level/levelgen/presets/package-info;
[23:09:18] [main/DEBUG]: Skipping Lnet/minecraft/world/level/levelgen/presets/WorldPresets;
[23:09:18] [main/DEBUG]: Skipping Lnet/minecraft/world/level/levelgen/presets/WorldPresets$Bootstrap;
[23:09:18] [main/DEBUG]: Skipping Lnet/minecraft/world/level/levelgen/presets/WorldPreset;
[23:09:18] [main/DEBUG]: Skipping Lnet/minecraft/world/level/levelgen/placement/package-info;
[23:09:18] [main/DEBUG]: Skipping Lnet/minecraft/world/level/levelgen/placement/SurfaceWaterDepthFilter;
[23:09:18] [main/DEBUG]: Skipping Lnet/minecraft/world/level/levelgen/placement/SurfaceRelativeThresholdFilter;
[23:09:18] [main/DEBUG]: Skipping Lnet/minecraft/world/level/levelgen/placement/RepeatingPlacement;
[23:09:18] [main/DEBUG]: Skipping Lnet/minecraft/world/level/levelgen/placement/RarityFilter;
[23:09:18] [main/DEBUG]: Skipping Lnet/minecraft/world/level/levelgen/placement/RandomOffsetPlacement;
[23:09:18] [main/DEBUG]: Skipping Lnet/minecraft/world/level/levelgen/placement/PlacementModifierType;
[23:09:18] [main/DEBUG]: Skipping Lnet/minecraft/world/level/levelgen/placement/PlacementModifier;
[23:09:18] [main/DEBUG]: Skipping Lnet/minecraft/world/level/levelgen/placement/PlacementFilter;
[23:09:18] [main/DEBUG]: Skipping Lnet/minecraft/world/level/levelgen/placement/PlacementContext;
[23:09:18] [main/DEBUG]: Skipping Lnet/minecraft/world/level/levelgen/placement/PlacedFeature;
[23:09:18] [main/DEBUG]: Skipping Lnet/minecraft/world/level/levelgen/placement/NoiseThresholdCountPlacement;
[23:09:18] [main/DEBUG]: Skipping Lnet/minecraft/world/level/levelgen/placement/NoiseBasedCountPlacement;
[23:09:18] [main/DEBUG]: Skipping Lnet/minecraft/world/level/levelgen/placement/InSquarePlacement;
[23:09:18] [main/DEBUG]: Skipping Lnet/minecraft/world/level/levelgen/placement/HeightmapPlacement;
[23:09:18] [main/DEBUG]: Skipping Lnet/minecraft/world/level/levelgen/placement/HeightRangePlacement;
[23:09:18] [main/DEBUG]: Skipping Lnet/minecraft/world/level/levelgen/placement/FixedPlacement;
[23:09:18] [main/DEBUG]: Skipping Lnet/minecraft/world/level/levelgen/placement/EnvironmentScanPlacement;
[23:09:18] [main/DEBUG]: Skipping Lnet/minecraft/world/level/levelgen/placement/CountPlacement;
[23:09:18] [main/DEBUG]: Skipping Lnet/minecraft/world/level/levelgen/placement/CountOnEveryLayerPlacement;
[23:09:18] [main/DEBUG]: Skipping Lnet/minecraft/world/level/levelgen/placement/CaveSurface;
[23:09:18] [main/DEBUG]: Skipping Lnet/minecraft/world/level/levelgen/placement/CarvingMaskPlacement;
[23:09:18] [main/DEBUG]: Skipping Lnet/minecraft/world/level/levelgen/placement/BlockPredicateFilter;
[23:09:18] [main/DEBUG]: Skipping Lnet/minecraft/world/level/levelgen/placement/BiomeFilter;
[23:09:18] [main/DEBUG]: Skipping Lnet/minecraft/world/level/levelgen/package-info;
[23:09:18] [main/DEBUG]: Skipping Lnet/minecraft/world/level/levelgen/material/package-info;
[23:09:18] [main/DEBUG]: Skipping Lnet/minecraft/world/level/levelgen/material/WorldGenMaterialRule;
[23:09:18] [main/DEBUG]: Skipping Lnet/minecraft/world/level/levelgen/material/MaterialRuleList;
[23:09:18] [main/DEBUG]: Skipping Lnet/minecraft/world/level/levelgen/heightproviders/package-info;
[23:09:18] [main/DEBUG]: Skipping Lnet/minecraft/world/level/levelgen/heightproviders/WeightedListHeight;
[23:09:18] [main/DEBUG]: Skipping Lnet/minecraft/world/level/levelgen/heightproviders/VeryBiasedToBottomHeight;
[23:09:18] [main/DEBUG]: Skipping Lnet/minecraft/world/level/levelgen/heightproviders/UniformHeight;
[23:09:18] [main/DEBUG]: Skipping Lnet/minecraft/world/level/levelgen/heightproviders/TrapezoidHeight;
[23:09:18] [main/DEBUG]: Skipping Lnet/minecraft/world/level/levelgen/heightproviders/HeightProviderType;
[23:09:18] [main/DEBUG]: Skipping Lnet/minecraft/world/level/levelgen/heightproviders/HeightProvider;
[23:09:18] [main/DEBUG]: Skipping Lnet/minecraft/world/level/levelgen/heightproviders/ConstantHeight;
[23:09:18] [main/DEBUG]: Skipping Lnet/minecraft/world/level/levelgen/heightproviders/BiasedToBottomHeight;
[23:09:18] [main/DEBUG]: Skipping Lnet/minecraft/world/level/levelgen/flat/package-info;
[23:09:18] [main/DEBUG]: Skipping Lnet/minecraft/world/level/levelgen/flat/FlatLevelGeneratorSettings;
[23:09:18] [main/DEBUG]: Skipping Lnet/minecraft/world/level/levelgen/flat/FlatLevelGeneratorPresets;
[23:09:18] [main/DEBUG]: Skipping Lnet/minecraft/world/level/levelgen/flat/FlatLevelGeneratorPresets$Bootstrap;
[23:09:18] [main/DEBUG]: Skipping Lnet/minecraft/world/level/levelgen/flat/FlatLevelGeneratorPreset;
[23:09:18] [main/DEBUG]: Skipping Lnet/minecraft/world/level/levelgen/flat/FlatLayerInfo;
[23:09:18] [main/DEBUG]: Skipping Lnet/minecraft/world/level/levelgen/feature/trunkplacers/package-info;
[23:09:18] [main/DEBUG]: Skipping Lnet/minecraft/world/level/levelgen/feature/trunkplacers/UpwardsBranchingTrunkPlacer;
[23:09:18] [main/DEBUG]: Transforming class Lnet/minecraft/world/level/levelgen/feature/trunkplacers/TrunkPlacerType;
[23:09:18] [main/DEBUG]: Transforming net/minecraft/world/level/levelgen/feature/trunkplacers/TrunkPlacerType METHOD <init>(Lcom/mojang/serialization/MapCodec;)V to access PUBLIC and LEAVE
[23:09:18] [main/DEBUG]: Skipping Lnet/minecraft/world/level/levelgen/feature/trunkplacers/StraightTrunkPlacer;
[23:09:18] [main/DEBUG]: Skipping Lnet/minecraft/world/level/levelgen/feature/trunkplacers/MegaJungleTrunkPlacer;
[23:09:18] [main/DEBUG]: Skipping Lnet/minecraft/world/level/levelgen/feature/trunkplacers/GiantTrunkPlacer;
[23:09:18] [main/DEBUG]: Skipping Lnet/minecraft/world/level/levelgen/feature/trunkplacers/ForkingTrunkPlacer;
[23:09:18] [main/DEBUG]: Skipping Lnet/minecraft/world/level/levelgen/feature/trunkplacers/FancyTrunkPlacer;
[23:09:18] [main/DEBUG]: Skipping Lnet/minecraft/world/level/levelgen/feature/trunkplacers/FancyTrunkPlacer$FoliageCoords;
[23:09:18] [main/DEBUG]: Skipping Lnet/minecraft/world/level/levelgen/feature/trunkplacers/DarkOakTrunkPlacer;
[23:09:18] [main/DEBUG]: Skipping Lnet/minecraft/world/level/levelgen/feature/trunkplacers/CherryTrunkPlacer;
[23:09:18] [main/DEBUG]: Skipping Lnet/minecraft/world/level/levelgen/feature/trunkplacers/BendingTrunkPlacer;
[23:09:18] [main/DEBUG]: Skipping Lnet/minecraft/world/level/levelgen/feature/trunkplacers/TrunkPlacer;
[23:09:18] [main/DEBUG]: Skipping Lnet/minecraft/world/level/levelgen/feature/treedecorators/package-info;
[23:09:18] [main/DEBUG]: Skipping Lnet/minecraft/world/level/levelgen/feature/treedecorators/TrunkVineDecorator;
[23:09:18] [main/DEBUG]: Transforming class Lnet/minecraft/world/level/levelgen/feature/treedecorators/TreeDecoratorType;
[23:09:18] [main/DEBUG]: Transforming net/minecraft/world/level/levelgen/feature/treedecorators/TreeDecoratorType METHOD <init>(Lcom/mojang/serialization/MapCodec;)V to access PUBLIC and LEAVE
[23:09:18] [main/DEBUG]: Skipping Lnet/minecraft/world/level/levelgen/feature/treedecorators/TreeDecorator;
[23:09:18] [main/DEBUG]: Skipping Lnet/minecraft/world/level/levelgen/feature/treedecorators/TreeDecorator$Context;
[23:09:18] [main/DEBUG]: Skipping Lnet/minecraft/world/level/levelgen/feature/treedecorators/LeaveVineDecorator;
[23:09:18] [main/DEBUG]: Skipping Lnet/minecraft/world/level/levelgen/feature/treedecorators/CocoaDecorator;
[23:09:18] [main/DEBUG]: Skipping Lnet/minecraft/world/level/levelgen/feature/treedecorators/BeehiveDecorator;
[23:09:18] [main/DEBUG]: Skipping Lnet/minecraft/world/level/levelgen/feature/treedecorators/AttachedToLeavesDecorator;
[23:09:18] [main/DEBUG]: Skipping Lnet/minecraft/world/level/levelgen/feature/treedecorators/AlterGroundDecorator;
[23:09:18] [main/DEBUG]: Skipping Lnet/minecraft/world/level/levelgen/feature/stateproviders/package-info;
[23:09:18] [main/DEBUG]: Skipping Lnet/minecraft/world/level/levelgen/feature/stateproviders/WeightedStateProvider;
[23:09:18] [main/DEBUG]: Skipping Lnet/minecraft/world/level/levelgen/feature/stateproviders/SimpleStateProvider;
[23:09:18] [main/DEBUG]: Skipping Lnet/minecraft/world/level/levelgen/feature/stateproviders/RuleBasedBlockStateProvider;
[23:09:18] [main/DEBUG]: Skipping Lnet/minecraft/world/level/levelgen/feature/stateproviders/RuleBasedBlockStateProvider$Rule;
[23:09:18] [main/DEBUG]: Skipping Lnet/minecraft/world/level/levelgen/feature/stateproviders/RotatedBlockProvider;
[23:09:18] [main/DEBUG]: Skipping Lnet/minecraft/world/level/levelgen/feature/stateproviders/RandomizedIntStateProvider;
[23:09:18] [main/DEBUG]: Skipping Lnet/minecraft/world/level/levelgen/feature/stateproviders/NoiseThresholdProvider;
[23:09:18] [main/DEBUG]: Skipping Lnet/minecraft/world/level/levelgen/feature/stateproviders/NoiseProvider;
[23:09:18] [main/DEBUG]: Skipping Lnet/minecraft/world/level/levelgen/feature/stateproviders/NoiseBasedStateProvider;
[23:09:18] [main/DEBUG]: Skipping Lnet/minecraft/world/level/levelgen/feature/stateproviders/DualNoiseProvider;
[23:09:18] [main/DEBUG]: Transforming class Lnet/minecraft/world/level/levelgen/feature/stateproviders/BlockStateProviderType;
[23:09:18] [main/DEBUG]: Transforming net/minecraft/world/level/levelgen/feature/stateproviders/BlockStateProviderType METHOD <init>(Lcom/mojang/serialization/MapCodec;)V to access PUBLIC and LEAVE
[23:09:18] [main/DEBUG]: Skipping Lnet/minecraft/world/level/levelgen/feature/stateproviders/BlockStateProvider;
[23:09:18] [main/DEBUG]: Skipping Lnet/minecraft/world/level/levelgen/feature/rootplacers/package-info;
[23:09:18] [main/DEBUG]: Transforming class Lnet/minecraft/world/level/levelgen/feature/rootplacers/RootPlacerType;
[23:09:18] [main/DEBUG]: Transforming net/minecraft/world/level/levelgen/feature/rootplacers/RootPlacerType METHOD <init>(Lcom/mojang/serialization/MapCodec;)V to access PUBLIC and LEAVE
[23:09:18] [main/DEBUG]: Skipping Lnet/minecraft/world/level/levelgen/feature/rootplacers/RootPlacer;
[23:09:18] [main/DEBUG]: Skipping Lnet/minecraft/world/level/levelgen/feature/rootplacers/MangroveRootPlacer;
[23:09:18] [main/DEBUG]: Skipping Lnet/minecraft/world/level/levelgen/feature/rootplacers/MangroveRootPlacement;
[23:09:18] [main/DEBUG]: Skipping Lnet/minecraft/world/level/levelgen/feature/rootplacers/AboveRootPlacement;
[23:09:18] [main/DEBUG]: Skipping Lnet/minecraft/world/level/levelgen/feature/package-info;
[23:09:18] [main/DEBUG]: Skipping Lnet/minecraft/world/level/levelgen/feature/foliageplacers/package-info;
[23:09:18] [main/DEBUG]: Skipping Lnet/minecraft/world/level/levelgen/feature/foliageplacers/SpruceFoliagePlacer;
[23:09:18] [main/DEBUG]: Skipping Lnet/minecraft/world/level/levelgen/feature/foliageplacers/RandomSpreadFoliagePlacer;
[23:09:18] [main/DEBUG]: Skipping Lnet/minecraft/world/level/levelgen/feature/foliageplacers/PineFoliagePlacer;
[23:09:18] [main/DEBUG]: Skipping Lnet/minecraft/world/level/levelgen/feature/foliageplacers/MegaPineFoliagePlacer;
[23:09:18] [main/DEBUG]: Skipping Lnet/minecraft/world/level/levelgen/feature/foliageplacers/MegaJungleFoliagePlacer;
[23:09:18] [main/DEBUG]: Transforming class Lnet/minecraft/world/level/levelgen/feature/foliageplacers/FoliagePlacerType;
[23:09:18] [main/DEBUG]: Transforming net/minecraft/world/level/levelgen/feature/foliageplacers/FoliagePlacerType METHOD <init>(Lcom/mojang/serialization/MapCodec;)V to access PUBLIC and LEAVE
[23:09:18] [main/DEBUG]: Skipping Lnet/minecraft/world/level/levelgen/feature/foliageplacers/FoliagePlacer;
[23:09:18] [main/DEBUG]: Skipping Lnet/minecraft/world/level/levelgen/feature/foliageplacers/FoliagePlacer$FoliageSetter;
[23:09:18] [main/DEBUG]: Skipping Lnet/minecraft/world/level/levelgen/feature/foliageplacers/FoliagePlacer$FoliageAttachment;
[23:09:18] [main/DEBUG]: Skipping Lnet/minecraft/world/level/levelgen/feature/foliageplacers/FancyFoliagePlacer;
[23:09:18] [main/DEBUG]: Skipping Lnet/minecraft/world/level/levelgen/feature/foliageplacers/DarkOakFoliagePlacer;
[23:09:18] [main/DEBUG]: Skipping Lnet/minecraft/world/level/levelgen/feature/foliageplacers/CherryFoliagePlacer;
[23:09:18] [main/DEBUG]: Skipping Lnet/minecraft/world/level/levelgen/feature/foliageplacers/BushFoliagePlacer;
[23:09:18] [main/DEBUG]: Skipping Lnet/minecraft/world/level/levelgen/feature/foliageplacers/BlobFoliagePlacer;
[23:09:18] [main/DEBUG]: Skipping Lnet/minecraft/world/level/levelgen/feature/foliageplacers/AcaciaFoliagePlacer;
[23:09:18] [main/DEBUG]: Skipping Lnet/minecraft/world/level/levelgen/feature/featuresize/package-info;
[23:09:18] [main/DEBUG]: Skipping Lnet/minecraft/world/level/levelgen/feature/featuresize/TwoLayersFeatureSize;
[23:09:18] [main/DEBUG]: Skipping Lnet/minecraft/world/level/levelgen/feature/featuresize/ThreeLayersFeatureSize;
[23:09:18] [main/DEBUG]: Transforming class Lnet/minecraft/world/level/levelgen/feature/featuresize/FeatureSizeType;
[23:09:18] [main/DEBUG]: Transforming net/minecraft/world/level/levelgen/feature/featuresize/FeatureSizeType METHOD <init>(Lcom/mojang/serialization/MapCodec;)V to access PUBLIC and LEAVE
[23:09:18] [main/DEBUG]: Skipping Lnet/minecraft/world/level/levelgen/feature/featuresize/FeatureSize;
[23:09:18] [main/DEBUG]: Skipping Lnet/minecraft/world/level/levelgen/feature/configurations/package-info;
[23:09:18] [main/DEBUG]: Skipping Lnet/minecraft/world/level/levelgen/feature/configurations/VegetationPatchConfiguration;
[23:09:18] [main/DEBUG]: Skipping Lnet/minecraft/world/level/levelgen/feature/configurations/UnderwaterMagmaConfiguration;
[23:09:18] [main/DEBUG]: Skipping Lnet/minecraft/world/level/levelgen/feature/configurations/TwistingVinesConfig;
[23:09:18] [main/DEBUG]: Skipping Lnet/minecraft/world/level/levelgen/feature/configurations/TreeConfiguration;
[23:09:18] [main/DEBUG]: Skipping Lnet/minecraft/world/level/levelgen/feature/configurations/TreeConfiguration$TreeConfigurationBuilder;
[23:09:18] [main/DEBUG]: Skipping Lnet/minecraft/world/level/levelgen/feature/configurations/SpringConfiguration;
[23:09:18] [main/DEBUG]: Skipping Lnet/minecraft/world/level/levelgen/feature/configurations/SpikeConfiguration;
[23:09:18] [main/DEBUG]: Skipping Lnet/minecraft/world/level/levelgen/feature/configurations/SimpleRandomFeatureConfiguration;
[23:09:18] [main/DEBUG]: Skipping Lnet/minecraft/world/level/levelgen/feature/configurations/SimpleBlockConfiguration;
[23:09:18] [main/DEBUG]: Skipping Lnet/minecraft/world/level/levelgen/feature/configurations/SculkPatchConfiguration;
[23:09:18] [main/DEBUG]: Skipping Lnet/minecraft/world/level/levelgen/feature/configurations/RootSystemConfiguration;
[23:09:18] [main/DEBUG]: Skipping Lnet/minecraft/world/level/levelgen/feature/configurations/ReplaceSphereConfiguration;
[23:09:18] [main/DEBUG]: Skipping Lnet/minecraft/world/level/levelgen/feature/configurations/ReplaceBlockConfiguration;
[23:09:18] [main/DEBUG]: Skipping Lnet/minecraft/world/level/levelgen/feature/configurations/RandomPatchConfiguration;
[23:09:18] [main/DEBUG]: Skipping Lnet/minecraft/world/level/levelgen/feature/configurations/RandomFeatureConfiguration;
[23:09:18] [main/DEBUG]: Skipping Lnet/minecraft/world/level/levelgen/feature/configurations/RandomBooleanFeatureConfiguration;
[23:09:18] [main/DEBUG]: Skipping Lnet/minecraft/world/level/levelgen/feature/configurations/ProbabilityFeatureConfiguration;
[23:09:18] [main/DEBUG]: Skipping Lnet/minecraft/world/level/levelgen/feature/configurations/PointedDripstoneConfiguration;
[23:09:18] [main/DEBUG]: Skipping Lnet/minecraft/world/level/levelgen/feature/configurations/OreConfiguration;
[23:09:18] [main/DEBUG]: Skipping Lnet/minecraft/world/level/levelgen/feature/configurations/OreConfiguration$TargetBlockState;
[23:09:18] [main/DEBUG]: Skipping Lnet/minecraft/world/level/levelgen/feature/configurations/NoneFeatureConfiguration;
[23:09:18] [main/DEBUG]: Skipping Lnet/minecraft/world/level/levelgen/feature/configurations/NetherForestVegetationConfig;
[23:09:18] [main/DEBUG]: Skipping Lnet/minecraft/world/level/levelgen/feature/configurations/MultifaceGrowthConfiguration;
[23:09:18] [main/DEBUG]: Skipping Lnet/minecraft/world/level/levelgen/feature/configurations/LayerConfiguration;
[23:09:18] [main/DEBUG]: Skipping Lnet/minecraft/world/level/levelgen/feature/configurations/LargeDripstoneConfiguration;
[23:09:18] [main/DEBUG]: Skipping Lnet/minecraft/world/level/levelgen/feature/configurations/HugeMushroomFeatureConfiguration;
[23:09:18] [main/DEBUG]: Skipping Lnet/minecraft/world/level/levelgen/feature/configurations/GeodeConfiguration;
[23:09:18] [main/DEBUG]: Skipping Lnet/minecraft/world/level/levelgen/feature/configurations/FeatureConfiguration;
[23:09:18] [main/DEBUG]: Skipping Lnet/minecraft/world/level/levelgen/feature/configurations/EndGatewayConfiguration;
[23:09:18] [main/DEBUG]: Skipping Lnet/minecraft/world/level/levelgen/feature/configurations/DripstoneClusterConfiguration;
[23:09:18] [main/DEBUG]: Skipping Lnet/minecraft/world/level/levelgen/feature/configurations/DiskConfiguration;
[23:09:18] [main/DEBUG]: Skipping Lnet/minecraft/world/level/levelgen/feature/configurations/DeltaFeatureConfiguration;
[23:09:18] [main/DEBUG]: Skipping Lnet/minecraft/world/level/levelgen/feature/configurations/CountConfiguration;
[23:09:18] [main/DEBUG]: Skipping Lnet/minecraft/world/level/levelgen/feature/configurations/ColumnFeatureConfiguration;
[23:09:18] [main/DEBUG]: Skipping Lnet/minecraft/world/level/levelgen/feature/configurations/BlockStateConfiguration;
[23:09:18] [main/DEBUG]: Skipping Lnet/minecraft/world/level/levelgen/feature/configurations/BlockPileConfiguration;
[23:09:18] [main/DEBUG]: Skipping Lnet/minecraft/world/level/levelgen/feature/configurations/BlockColumnConfiguration;
[23:09:18] [main/DEBUG]: Skipping Lnet/minecraft/world/level/levelgen/feature/configurations/BlockColumnConfiguration$Layer;
[23:09:18] [main/DEBUG]: Skipping Lnet/minecraft/world/level/levelgen/feature/WeightedPlacedFeature;
[23:09:18] [main/DEBUG]: Skipping Lnet/minecraft/world/level/levelgen/feature/WeepingVinesFeature;
[23:09:18] [main/DEBUG]: Skipping Lnet/minecraft/world/level/levelgen/feature/WaterloggedVegetationPatchFeature;
[23:09:18] [main/DEBUG]: Skipping Lnet/minecraft/world/level/levelgen/feature/VoidStartPlatformFeature;
[23:09:18] [main/DEBUG]: Skipping Lnet/minecraft/world/level/levelgen/feature/VinesFeature;
[23:09:18] [main/DEBUG]: Skipping Lnet/minecraft/world/level/levelgen/feature/VegetationPatchFeature;
[23:09:18] [main/DEBUG]: Skipping Lnet/minecraft/world/level/levelgen/feature/UnderwaterMagmaFeature;
[23:09:18] [main/DEBUG]: Skipping Lnet/minecraft/world/level/levelgen/feature/TwistingVinesFeature;
[23:09:18] [main/DEBUG]: Skipping Lnet/minecraft/world/level/levelgen/feature/TreeFeature;
[23:09:18] [main/DEBUG]: Skipping Lnet/minecraft/world/level/levelgen/feature/TreeFeature$1;
[23:09:18] [main/DEBUG]: Skipping Lnet/minecraft/world/level/levelgen/feature/SpringFeature;
[23:09:18] [main/DEBUG]: Skipping Lnet/minecraft/world/level/levelgen/feature/SpikeFeature;
[23:09:18] [main/DEBUG]: Skipping Lnet/minecraft/world/level/levelgen/feature/SpikeFeature$SpikeCacheLoader;
[23:09:18] [main/DEBUG]: Skipping Lnet/minecraft/world/level/levelgen/feature/SpikeFeature$EndSpike;
[23:09:18] [main/DEBUG]: Skipping Lnet/minecraft/world/level/levelgen/feature/SnowAndFreezeFeature;
[23:09:18] [main/DEBUG]: Skipping Lnet/minecraft/world/level/levelgen/feature/SimpleRandomSelectorFeature;
[23:09:18] [main/DEBUG]: Skipping Lnet/minecraft/world/level/levelgen/feature/SimpleBlockFeature;
[23:09:18] [main/DEBUG]: Skipping Lnet/minecraft/world/level/levelgen/feature/SeagrassFeature;
[23:09:18] [main/DEBUG]: Skipping Lnet/minecraft/world/level/levelgen/feature/SeaPickleFeature;
[23:09:18] [main/DEBUG]: Skipping Lnet/minecraft/world/level/levelgen/feature/SculkPatchFeature;
[23:09:18] [main/DEBUG]: Skipping Lnet/minecraft/world/level/levelgen/feature/ScatteredOreFeature;
[23:09:18] [main/DEBUG]: Skipping Lnet/minecraft/world/level/levelgen/feature/RootSystemFeature;
[23:09:18] [main/DEBUG]: Skipping Lnet/minecraft/world/level/levelgen/feature/ReplaceBlockFeature;
[23:09:18] [main/DEBUG]: Skipping Lnet/minecraft/world/level/levelgen/feature/ReplaceBlobsFeature;
[23:09:18] [main/DEBUG]: Skipping Lnet/minecraft/world/level/levelgen/feature/RandomSelectorFeature;
[23:09:18] [main/DEBUG]: Skipping Lnet/minecraft/world/level/levelgen/feature/RandomPatchFeature;
[23:09:18] [main/DEBUG]: Skipping Lnet/minecraft/world/level/levelgen/feature/RandomBooleanSelectorFeature;
[23:09:18] [main/DEBUG]: Skipping Lnet/minecraft/world/level/levelgen/feature/PointedDripstoneFeature;
[23:09:18] [main/DEBUG]: Skipping Lnet/minecraft/world/level/levelgen/feature/OreFeature;
[23:09:18] [main/DEBUG]: Skipping Lnet/minecraft/world/level/levelgen/feature/NoOpFeature;
[23:09:18] [main/DEBUG]: Skipping Lnet/minecraft/world/level/levelgen/feature/NetherForestVegetationFeature;
[23:09:18] [main/DEBUG]: Skipping Lnet/minecraft/world/level/levelgen/feature/MultifaceGrowthFeature;
[23:09:18] [main/DEBUG]: Skipping Lnet/minecraft/world/level/levelgen/feature/LargeDripstoneFeature;
[23:09:18] [main/DEBUG]: Skipping Lnet/minecraft/world/level/levelgen/feature/LargeDripstoneFeature$WindOffsetter;
[23:09:18] [main/DEBUG]: Skipping Lnet/minecraft/world/level/levelgen/feature/LargeDripstoneFeature$LargeDripstone;
[23:09:18] [main/DEBUG]: Skipping Lnet/minecraft/world/level/levelgen/feature/LakeFeature;
[23:09:18] [main/DEBUG]: Skipping Lnet/minecraft/world/level/levelgen/feature/LakeFeature$Configuration;
[23:09:18] [main/DEBUG]: Skipping Lnet/minecraft/world/level/levelgen/feature/KelpFeature;
[23:09:18] [main/DEBUG]: Skipping Lnet/minecraft/world/level/levelgen/feature/IcebergFeature;
[23:09:18] [main/DEBUG]: Skipping Lnet/minecraft/world/level/levelgen/feature/IceSpikeFeature;
[23:09:18] [main/DEBUG]: Skipping Lnet/minecraft/world/level/levelgen/feature/HugeRedMushroomFeature;
[23:09:18] [main/DEBUG]: Skipping Lnet/minecraft/world/level/levelgen/feature/HugeFungusFeature;
[23:09:18] [main/DEBUG]: Skipping Lnet/minecraft/world/level/levelgen/feature/HugeFungusConfiguration;
[23:09:18] [main/DEBUG]: Skipping Lnet/minecraft/world/level/levelgen/feature/HugeBrownMushroomFeature;
[23:09:18] [main/DEBUG]: Skipping Lnet/minecraft/world/level/levelgen/feature/GlowstoneFeature;
[23:09:18] [main/DEBUG]: Skipping Lnet/minecraft/world/level/levelgen/feature/GeodeFeature;
[23:09:18] [main/DEBUG]: Skipping Lnet/minecraft/world/level/levelgen/feature/FossilFeatureConfiguration;
[23:09:18] [main/DEBUG]: Skipping Lnet/minecraft/world/level/levelgen/feature/FossilFeature;
[23:09:18] [main/DEBUG]: Skipping Lnet/minecraft/world/level/levelgen/feature/FillLayerFeature;
[23:09:18] [main/DEBUG]: Skipping Lnet/minecraft/world/level/levelgen/feature/FeaturePlaceContext;
[23:09:18] [main/DEBUG]: Skipping Lnet/minecraft/world/level/levelgen/feature/FeatureCountTracker;
[23:09:18] [main/DEBUG]: Skipping Lnet/minecraft/world/level/levelgen/feature/FeatureCountTracker$LevelData;
[23:09:18] [main/DEBUG]: Skipping Lnet/minecraft/world/level/levelgen/feature/FeatureCountTracker$FeatureData;
[23:09:18] [main/DEBUG]: Skipping Lnet/minecraft/world/level/levelgen/feature/FeatureCountTracker$1;
[23:09:18] [main/DEBUG]: Skipping Lnet/minecraft/world/level/levelgen/feature/EndPodiumFeature;
[23:09:18] [main/DEBUG]: Skipping Lnet/minecraft/world/level/levelgen/feature/EndPlatformFeature;
[23:09:18] [main/DEBUG]: Skipping Lnet/minecraft/world/level/levelgen/feature/EndIslandFeature;
[23:09:18] [main/DEBUG]: Skipping Lnet/minecraft/world/level/levelgen/feature/EndGatewayFeature;
[23:09:18] [main/DEBUG]: Skipping Lnet/minecraft/world/level/levelgen/feature/DripstoneUtils;
[23:09:18] [main/DEBUG]: Skipping Lnet/minecraft/world/level/levelgen/feature/DripstoneClusterFeature;
[23:09:18] [main/DEBUG]: Skipping Lnet/minecraft/world/level/levelgen/feature/DiskFeature;
[23:09:18] [main/DEBUG]: Skipping Lnet/minecraft/world/level/levelgen/feature/DesertWellFeature;
[23:09:18] [main/DEBUG]: Skipping Lnet/minecraft/world/level/levelgen/feature/DeltaFeature;
[23:09:18] [main/DEBUG]: Skipping Lnet/minecraft/world/level/levelgen/feature/CoralTreeFeature;
[23:09:18] [main/DEBUG]: Skipping Lnet/minecraft/world/level/levelgen/feature/CoralMushroomFeature;
[23:09:18] [main/DEBUG]: Skipping Lnet/minecraft/world/level/levelgen/feature/CoralFeature;
[23:09:18] [main/DEBUG]: Skipping Lnet/minecraft/world/level/levelgen/feature/CoralClawFeature;
[23:09:18] [main/DEBUG]: Skipping Lnet/minecraft/world/level/levelgen/feature/ConfiguredFeature;
[23:09:18] [main/DEBUG]: Skipping Lnet/minecraft/world/level/levelgen/feature/ChorusPlantFeature;
[23:09:18] [main/DEBUG]: Skipping Lnet/minecraft/world/level/levelgen/feature/BonusChestFeature;
[23:09:18] [main/DEBUG]: Skipping Lnet/minecraft/world/level/levelgen/feature/BlueIceFeature;
[23:09:18] [main/DEBUG]: Skipping Lnet/minecraft/world/level/levelgen/feature/BlockPileFeature;
[23:09:18] [main/DEBUG]: Skipping Lnet/minecraft/world/level/levelgen/feature/BlockColumnFeature;
[23:09:18] [main/DEBUG]: Skipping Lnet/minecraft/world/level/levelgen/feature/BlockBlobFeature;
[23:09:18] [main/DEBUG]: Skipping Lnet/minecraft/world/level/levelgen/feature/BasaltPillarFeature;
[23:09:18] [main/DEBUG]: Skipping Lnet/minecraft/world/level/levelgen/feature/BasaltColumnsFeature;
[23:09:18] [main/DEBUG]: Skipping Lnet/minecraft/world/level/levelgen/feature/BambooFeature;
[23:09:18] [main/DEBUG]: Skipping Lnet/minecraft/world/level/levelgen/feature/AbstractHugeMushroomFeature;
[23:09:18] [main/DEBUG]: Skipping Lnet/minecraft/world/level/levelgen/feature/MonsterRoomFeature;
[23:09:18] [main/DEBUG]: Skipping Lnet/minecraft/world/level/levelgen/feature/Feature;
[23:09:18] [main/DEBUG]: Skipping Lnet/minecraft/world/level/levelgen/carver/package-info;
[23:09:18] [main/DEBUG]: Skipping Lnet/minecraft/world/level/levelgen/carver/WorldCarver;
[23:09:18] [main/DEBUG]: Skipping Lnet/minecraft/world/level/levelgen/carver/WorldCarver$CarveSkipChecker;
[23:09:18] [main/DEBUG]: Skipping Lnet/minecraft/world/level/levelgen/carver/NetherWorldCarver;
[23:09:18] [main/DEBUG]: Skipping Lnet/minecraft/world/level/levelgen/carver/ConfiguredWorldCarver;
[23:09:18] [main/DEBUG]: Skipping Lnet/minecraft/world/level/levelgen/carver/CaveWorldCarver;
[23:09:18] [main/DEBUG]: Skipping Lnet/minecraft/world/level/levelgen/carver/CaveCarverConfiguration;
[23:09:18] [main/DEBUG]: Skipping Lnet/minecraft/world/level/levelgen/carver/CarvingContext;
[23:09:18] [main/DEBUG]: Skipping Lnet/minecraft/world/level/levelgen/carver/CarverDebugSettings;
[23:09:18] [main/DEBUG]: Skipping Lnet/minecraft/world/level/levelgen/carver/CarverConfiguration;
[23:09:18] [main/DEBUG]: Skipping Lnet/minecraft/world/level/levelgen/carver/CanyonWorldCarver;
[23:09:18] [main/DEBUG]: Skipping Lnet/minecraft/world/level/levelgen/carver/CanyonCarverConfiguration;
[23:09:18] [main/DEBUG]: Skipping Lnet/minecraft/world/level/levelgen/carver/CanyonCarverConfiguration$CanyonShapeConfiguration;
[23:09:18] [main/DEBUG]: Skipping Lnet/minecraft/world/level/levelgen/blockpredicates/package-info;
[23:09:18] [main/DEBUG]: Skipping Lnet/minecraft/world/level/levelgen/blockpredicates/WouldSurvivePredicate;
[23:09:18] [main/DEBUG]: Skipping Lnet/minecraft/world/level/levelgen/blockpredicates/UnobstructedPredicate;
[23:09:18] [main/DEBUG]: Skipping Lnet/minecraft/world/level/levelgen/blockpredicates/TrueBlockPredicate;
[23:09:18] [main/DEBUG]: Skipping Lnet/minecraft/world/level/levelgen/blockpredicates/StateTestingPredicate;
[23:09:18] [main/DEBUG]: Skipping Lnet/minecraft/world/level/levelgen/blockpredicates/SolidPredicate;
[23:09:18] [main/DEBUG]: Skipping Lnet/minecraft/world/level/levelgen/blockpredicates/ReplaceablePredicate;
[23:09:18] [main/DEBUG]: Skipping Lnet/minecraft/world/level/levelgen/blockpredicates/NotPredicate;
[23:09:18] [main/DEBUG]: Skipping Lnet/minecraft/world/level/levelgen/blockpredicates/MatchingFluidsPredicate;
[23:09:18] [main/DEBUG]: Skipping Lnet/minecraft/world/level/levelgen/blockpredicates/MatchingBlocksPredicate;
[23:09:18] [main/DEBUG]: Skipping Lnet/minecraft/world/level/levelgen/blockpredicates/MatchingBlockTagPredicate;
[23:09:18] [main/DEBUG]: Skipping Lnet/minecraft/world/level/levelgen/blockpredicates/InsideWorldBoundsPredicate;
[23:09:18] [main/DEBUG]: Skipping Lnet/minecraft/world/level/levelgen/blockpredicates/HasSturdyFacePredicate;
[23:09:18] [main/DEBUG]: Skipping Lnet/minecraft/world/level/levelgen/blockpredicates/CombiningPredicate;
[23:09:18] [main/DEBUG]: Skipping Lnet/minecraft/world/level/levelgen/blockpredicates/BlockPredicateType;
[23:09:18] [main/DEBUG]: Skipping Lnet/minecraft/world/level/levelgen/blockpredicates/BlockPredicate;
[23:09:18] [main/DEBUG]: Skipping Lnet/minecraft/world/level/levelgen/blockpredicates/AnyOfPredicate;
[23:09:18] [main/DEBUG]: Skipping Lnet/minecraft/world/level/levelgen/blockpredicates/AllOfPredicate;
[23:09:18] [main/DEBUG]: Skipping Lnet/minecraft/world/level/levelgen/blending/package-info;
[23:09:18] [main/DEBUG]: Skipping Lnet/minecraft/world/level/levelgen/blending/BlendingData;
[23:09:18] [main/DEBUG]: Skipping Lnet/minecraft/world/level/levelgen/blending/BlendingData$HeightConsumer;
[23:09:18] [main/DEBUG]: Skipping Lnet/minecraft/world/level/levelgen/blending/BlendingData$DensityConsumer;
[23:09:18] [main/DEBUG]: Skipping Lnet/minecraft/world/level/levelgen/blending/BlendingData$BiomeConsumer;
[23:09:18] [main/DEBUG]: Skipping Lnet/minecraft/world/level/levelgen/blending/Blender;
[23:09:18] [main/DEBUG]: Skipping Lnet/minecraft/world/level/levelgen/blending/Blender$DistanceGetter;
[23:09:18] [main/DEBUG]: Skipping Lnet/minecraft/world/level/levelgen/blending/Blender$CellValueGetter;
[23:09:18] [main/DEBUG]: Skipping Lnet/minecraft/world/level/levelgen/blending/Blender$BlendingOutput;
[23:09:18] [main/DEBUG]: Skipping Lnet/minecraft/world/level/levelgen/blending/Blender$1;
[23:09:18] [main/DEBUG]: Skipping Lnet/minecraft/world/level/levelgen/XoroshiroRandomSource;
[23:09:18] [main/DEBUG]: Skipping Lnet/minecraft/world/level/levelgen/XoroshiroRandomSource$XoroshiroPositionalRandomFactory;
[23:09:18] [main/DEBUG]: Skipping Lnet/minecraft/world/level/levelgen/Xoroshiro128PlusPlus;
[23:09:18] [main/DEBUG]: Skipping Lnet/minecraft/world/level/levelgen/WorldgenRandom;
[23:09:18] [main/DEBUG]: Skipping Lnet/minecraft/world/level/levelgen/WorldgenRandom$Algorithm;
[23:09:18] [main/DEBUG]: Skipping Lnet/minecraft/world/level/levelgen/WorldOptions;
[23:09:18] [main/DEBUG]: Skipping Lnet/minecraft/world/level/levelgen/WorldGenerationContext;
[23:09:18] [main/DEBUG]: Skipping Lnet/minecraft/world/level/levelgen/WorldGenSettings;
[23:09:18] [main/DEBUG]: Skipping Lnet/minecraft/world/level/levelgen/VerticalAnchor;
[23:09:18] [main/DEBUG]: Skipping Lnet/minecraft/world/level/levelgen/VerticalAnchor$BelowTop;
[23:09:18] [main/DEBUG]: Skipping Lnet/minecraft/world/level/levelgen/VerticalAnchor$Absolute;
[23:09:18] [main/DEBUG]: Skipping Lnet/minecraft/world/level/levelgen/VerticalAnchor$AboveBottom;
[23:09:18] [main/DEBUG]: Skipping Lnet/minecraft/world/level/levelgen/ThreadSafeLegacyRandomSource;
[23:09:18] [main/DEBUG]: Skipping Lnet/minecraft/world/level/levelgen/SurfaceSystem;
[23:09:18] [main/DEBUG]: Skipping Lnet/minecraft/world/level/levelgen/SurfaceSystem$1;
[23:09:18] [main/DEBUG]: Skipping Lnet/minecraft/world/level/levelgen/SurfaceRules;
[23:09:18] [main/DEBUG]: Skipping Lnet/minecraft/world/level/levelgen/SurfaceRules$YConditionSource;
[23:09:18] [main/DEBUG]: Skipping Lnet/minecraft/world/level/levelgen/SurfaceRules$YConditionSource$1YCondition;
[23:09:18] [main/DEBUG]: Skipping Lnet/minecraft/world/level/levelgen/SurfaceRules$WaterConditionSource;
[23:09:18] [main/DEBUG]: Skipping Lnet/minecraft/world/level/levelgen/SurfaceRules$WaterConditionSource$1WaterCondition;
[23:09:18] [main/DEBUG]: Skipping Lnet/minecraft/world/level/levelgen/SurfaceRules$VerticalGradientConditionSource;
[23:09:18] [main/DEBUG]: Skipping Lnet/minecraft/world/level/levelgen/SurfaceRules$VerticalGradientConditionSource$1VerticalGradientCondition;
[23:09:18] [main/DEBUG]: Skipping Lnet/minecraft/world/level/levelgen/SurfaceRules$TestRuleSource;
[23:09:18] [main/DEBUG]: Skipping Lnet/minecraft/world/level/levelgen/SurfaceRules$TestRule;
[23:09:18] [main/DEBUG]: Skipping Lnet/minecraft/world/level/levelgen/SurfaceRules$Temperature;
[23:09:18] [main/DEBUG]: Skipping Lnet/minecraft/world/level/levelgen/SurfaceRules$SurfaceRule;
[23:09:18] [main/DEBUG]: Skipping Lnet/minecraft/world/level/levelgen/SurfaceRules$StoneDepthCheck;
[23:09:18] [main/DEBUG]: Skipping Lnet/minecraft/world/level/levelgen/SurfaceRules$StoneDepthCheck$1StoneDepthCondition;
[23:09:18] [main/DEBUG]: Skipping Lnet/minecraft/world/level/levelgen/SurfaceRules$Steep;
[23:09:18] [main/DEBUG]: Skipping Lnet/minecraft/world/level/levelgen/SurfaceRules$StateRule;
[23:09:18] [main/DEBUG]: Skipping Lnet/minecraft/world/level/levelgen/SurfaceRules$SequenceRuleSource;
[23:09:18] [main/DEBUG]: Skipping Lnet/minecraft/world/level/levelgen/SurfaceRules$SequenceRule;
[23:09:18] [main/DEBUG]: Skipping Lnet/minecraft/world/level/levelgen/SurfaceRules$RuleSource;
[23:09:18] [main/DEBUG]: Skipping Lnet/minecraft/world/level/levelgen/SurfaceRules$NotConditionSource;
[23:09:18] [main/DEBUG]: Skipping Lnet/minecraft/world/level/levelgen/SurfaceRules$NotCondition;
[23:09:18] [main/DEBUG]: Skipping Lnet/minecraft/world/level/levelgen/SurfaceRules$NoiseThresholdConditionSource;
[23:09:18] [main/DEBUG]: Skipping Lnet/minecraft/world/level/levelgen/SurfaceRules$NoiseThresholdConditionSource$1NoiseThresholdCondition;
[23:09:18] [main/DEBUG]: Skipping Lnet/minecraft/world/level/levelgen/SurfaceRules$LazyYCondition;
[23:09:18] [main/DEBUG]: Skipping Lnet/minecraft/world/level/levelgen/SurfaceRules$LazyXZCondition;
[23:09:18] [main/DEBUG]: Skipping Lnet/minecraft/world/level/levelgen/SurfaceRules$LazyCondition;
[23:09:18] [main/DEBUG]: Skipping Lnet/minecraft/world/level/levelgen/SurfaceRules$Hole;
[23:09:18] [main/DEBUG]: Skipping Lnet/minecraft/world/level/levelgen/SurfaceRules$Context;
[23:09:18] [main/DEBUG]: Skipping Lnet/minecraft/world/level/levelgen/SurfaceRules$Context$TemperatureHelperCondition;
[23:09:18] [main/DEBUG]: Skipping Lnet/minecraft/world/level/levelgen/SurfaceRules$Context$SteepMaterialCondition;
[23:09:18] [main/DEBUG]: Skipping Lnet/minecraft/world/level/levelgen/SurfaceRules$Context$HoleCondition;
[23:09:18] [main/DEBUG]: Skipping Lnet/minecraft/world/level/levelgen/SurfaceRules$Context$AbovePreliminarySurfaceCondition;
[23:09:18] [main/DEBUG]: Skipping Lnet/minecraft/world/level/levelgen/SurfaceRules$ConditionSource;
[23:09:18] [main/DEBUG]: Skipping Lnet/minecraft/world/level/levelgen/SurfaceRules$Condition;
[23:09:18] [main/DEBUG]: Skipping Lnet/minecraft/world/level/levelgen/SurfaceRules$BlockRuleSource;
[23:09:18] [main/DEBUG]: Skipping Lnet/minecraft/world/level/levelgen/SurfaceRules$BiomeConditionSource;
[23:09:18] [main/DEBUG]: Skipping Lnet/minecraft/world/level/levelgen/SurfaceRules$BiomeConditionSource$1BiomeCondition;
[23:09:18] [main/DEBUG]: Skipping Lnet/minecraft/world/level/levelgen/SurfaceRules$Bandlands;
[23:09:18] [main/DEBUG]: Skipping Lnet/minecraft/world/level/levelgen/SurfaceRules$AbovePreliminarySurface;
[23:09:18] [main/DEBUG]: Skipping Lnet/minecraft/world/level/levelgen/SingleThreadedRandomSource;
[23:09:18] [main/DEBUG]: Skipping Lnet/minecraft/world/level/levelgen/RandomSupport;
[23:09:18] [main/DEBUG]: Skipping Lnet/minecraft/world/level/levelgen/RandomSupport$Seed128bit;
[23:09:18] [main/DEBUG]: Skipping Lnet/minecraft/world/level/levelgen/RandomState;
[23:09:18] [main/DEBUG]: Skipping Lnet/minecraft/world/level/levelgen/RandomState$1NoiseWiringHelper;
[23:09:18] [main/DEBUG]: Skipping Lnet/minecraft/world/level/levelgen/RandomState$1;
[23:09:18] [main/DEBUG]: Skipping Lnet/minecraft/world/level/levelgen/PositionalRandomFactory;
[23:09:18] [main/DEBUG]: Skipping Lnet/minecraft/world/level/levelgen/PatrolSpawner;
[23:09:18] [main/DEBUG]: Skipping Lnet/minecraft/world/level/levelgen/OreVeinifier;
[23:09:18] [main/DEBUG]: Skipping Lnet/minecraft/world/level/levelgen/OreVeinifier$VeinType;
[23:09:18] [main/DEBUG]: Skipping Lnet/minecraft/world/level/levelgen/Noises;
[23:09:18] [main/DEBUG]: Skipping Lnet/minecraft/world/level/levelgen/NoiseSettings;
[23:09:18] [main/DEBUG]: Skipping Lnet/minecraft/world/level/levelgen/NoiseRouterData;
[23:09:18] [main/DEBUG]: Skipping Lnet/minecraft/world/level/levelgen/NoiseRouterData$QuantizedSpaghettiRarity;
[23:09:18] [main/DEBUG]: Skipping Lnet/minecraft/world/level/levelgen/NoiseRouter;
[23:09:18] [main/DEBUG]: Transforming class Lnet/minecraft/world/level/levelgen/NoiseGeneratorSettings;
[23:09:18] [main/DEBUG]: Transforming net/minecraft/world/level/levelgen/NoiseGeneratorSettings METHOD m_255186_(Lnet/minecraft/data/worldgen/BootstrapContext;)Lnet/minecraft/world/level/levelgen/NoiseGeneratorSettings; to access PUBLIC and LEAVE
[23:09:18] [main/DEBUG]: Transforming net/minecraft/world/level/levelgen/NoiseGeneratorSettings METHOD m_255410_(Lnet/minecraft/data/worldgen/BootstrapContext;)Lnet/minecraft/world/level/levelgen/NoiseGeneratorSettings; to access PUBLIC and LEAVE
[23:09:18] [main/DEBUG]: Transforming net/minecraft/world/level/levelgen/NoiseGeneratorSettings METHOD m_255226_(Lnet/minecraft/data/worldgen/BootstrapContext;ZZ)Lnet/minecraft/world/level/levelgen/NoiseGeneratorSettings; to access PUBLIC and LEAVE
[23:09:18] [main/DEBUG]: Transforming net/minecraft/world/level/levelgen/NoiseGeneratorSettings METHOD m_255038_(Lnet/minecraft/data/worldgen/BootstrapContext;)Lnet/minecraft/world/level/levelgen/NoiseGeneratorSettings; to access PUBLIC and LEAVE
[23:09:18] [main/DEBUG]: Transforming net/minecraft/world/level/levelgen/NoiseGeneratorSettings METHOD m_255230_(Lnet/minecraft/data/worldgen/BootstrapContext;)Lnet/minecraft/world/level/levelgen/NoiseGeneratorSettings; to access PUBLIC and LEAVE
[23:09:18] [main/DEBUG]: Transforming net/minecraft/world/level/levelgen/NoiseGeneratorSettings METHOD m_64474_(Lcom/mojang/serialization/codecs/RecordCodecBuilder$Instance;)Lcom/mojang/datafixers/kinds/App; to access PUBLIC and LEAVE
[23:09:18] [main/DEBUG]: Skipping Lnet/minecraft/world/level/levelgen/NoiseChunk;
[23:09:18] [main/DEBUG]: Skipping Lnet/minecraft/world/level/levelgen/NoiseChunk$NoiseInterpolator;
[23:09:18] [main/DEBUG]: Skipping Lnet/minecraft/world/level/levelgen/NoiseChunk$NoiseChunkDensityFunction;
[23:09:18] [main/DEBUG]: Skipping Lnet/minecraft/world/level/levelgen/NoiseChunk$FlatCache;
[23:09:18] [main/DEBUG]: Skipping Lnet/minecraft/world/level/levelgen/NoiseChunk$CacheOnce;
[23:09:18] [main/DEBUG]: Skipping Lnet/minecraft/world/level/levelgen/NoiseChunk$CacheAllInCell;
[23:09:18] [main/DEBUG]: Skipping Lnet/minecraft/world/level/levelgen/NoiseChunk$Cache2D;
[23:09:18] [main/DEBUG]: Skipping Lnet/minecraft/world/level/levelgen/NoiseChunk$BlockStateFiller;
[23:09:18] [main/DEBUG]: Skipping Lnet/minecraft/world/level/levelgen/NoiseChunk$BlendOffset;
[23:09:18] [main/DEBUG]: Skipping Lnet/minecraft/world/level/levelgen/NoiseChunk$BlendAlpha;
[23:09:18] [main/DEBUG]: Skipping Lnet/minecraft/world/level/levelgen/NoiseChunk$2;
[23:09:18] [main/DEBUG]: Skipping Lnet/minecraft/world/level/levelgen/NoiseChunk$1;
[23:09:18] [main/DEBUG]: Transforming class Lnet/minecraft/world/level/levelgen/NoiseBasedChunkGenerator;
[23:09:18] [main/DEBUG]: Transforming net/minecraft/world/level/levelgen/NoiseBasedChunkGenerator CLASS to access PUBLIC and REMOVEFINAL
[23:09:18] [main/DEBUG]: Transforming net/minecraft/world/level/levelgen/NoiseBasedChunkGenerator METHOD m_224239_(Lnet/minecraft/world/level/LevelHeightAccessor;Lnet/minecraft/world/level/levelgen/RandomState;IILorg/apache/commons/lang3/mutable/MutableObject;Ljava/util/function/Predicate;)Ljava/util/OptionalInt; to access PROTECTED and LEAVE
[23:09:18] [main/DEBUG]: Skipping Lnet/minecraft/world/level/levelgen/MarsagliaPolarGaussian;
[23:09:18] [main/DEBUG]: Skipping Lnet/minecraft/world/level/levelgen/LegacyRandomSource;
[23:09:18] [main/DEBUG]: Skipping Lnet/minecraft/world/level/levelgen/LegacyRandomSource$LegacyPositionalRandomFactory;
[23:09:18] [main/DEBUG]: Skipping Lnet/minecraft/world/level/levelgen/Heightmap;
[23:09:18] [main/DEBUG]: Skipping Lnet/minecraft/world/level/levelgen/Heightmap$Usage;
[23:09:18] [main/DEBUG]: Skipping Lnet/minecraft/world/level/levelgen/Heightmap$Types;
[23:09:18] [main/DEBUG]: Skipping Lnet/minecraft/world/level/levelgen/GeodeLayerSettings;
[23:09:18] [main/DEBUG]: Skipping Lnet/minecraft/world/level/levelgen/GeodeCrackSettings;
[23:09:18] [main/DEBUG]: Skipping Lnet/minecraft/world/level/levelgen/GeodeBlockSettings;
[23:09:18] [main/DEBUG]: Skipping Lnet/minecraft/world/level/levelgen/GenerationStep;
[23:09:18] [main/DEBUG]: Skipping Lnet/minecraft/world/level/levelgen/GenerationStep$Decoration;
[23:09:18] [main/DEBUG]: Skipping Lnet/minecraft/world/level/levelgen/GenerationStep$Carving;
[23:09:18] [main/DEBUG]: Skipping Lnet/minecraft/world/level/levelgen/FlatLevelSource;
[23:09:18] [main/DEBUG]: Skipping Lnet/minecraft/world/level/levelgen/DensityFunctions;
[23:09:18] [main/DEBUG]: Skipping Lnet/minecraft/world/level/levelgen/DensityFunctions$YClampedGradient;
[23:09:18] [main/DEBUG]: Skipping Lnet/minecraft/world/level/levelgen/DensityFunctions$WeirdScaledSampler;
[23:09:18] [main/DEBUG]: Skipping Lnet/minecraft/world/level/levelgen/DensityFunctions$WeirdScaledSampler$RarityValueMapper;
[23:09:18] [main/DEBUG]: Skipping Lnet/minecraft/world/level/levelgen/DensityFunctions$TwoArgumentSimpleFunction;
[23:09:18] [main/DEBUG]: Skipping Lnet/minecraft/world/level/levelgen/DensityFunctions$TwoArgumentSimpleFunction$Type;
[23:09:18] [main/DEBUG]: Skipping Lnet/minecraft/world/level/levelgen/DensityFunctions$TransformerWithContext;
[23:09:18] [main/DEBUG]: Skipping Lnet/minecraft/world/level/levelgen/DensityFunctions$Spline;
[23:09:18] [main/DEBUG]: Skipping Lnet/minecraft/world/level/levelgen/DensityFunctions$Spline$Point;
[23:09:18] [main/DEBUG]: Skipping Lnet/minecraft/world/level/levelgen/DensityFunctions$Spline$Coordinate;
[23:09:18] [main/DEBUG]: Skipping Lnet/minecraft/world/level/levelgen/DensityFunctions$ShiftedNoise;
[23:09:18] [main/DEBUG]: Skipping Lnet/minecraft/world/level/levelgen/DensityFunctions$ShiftNoise;
[23:09:18] [main/DEBUG]: Skipping Lnet/minecraft/world/level/levelgen/DensityFunctions$ShiftB;
[23:09:18] [main/DEBUG]: Skipping Lnet/minecraft/world/level/levelgen/DensityFunctions$ShiftA;
[23:09:18] [main/DEBUG]: Skipping Lnet/minecraft/world/level/levelgen/DensityFunctions$Shift;
[23:09:18] [main/DEBUG]: Skipping Lnet/minecraft/world/level/levelgen/DensityFunctions$RangeChoice;
[23:09:18] [main/DEBUG]: Skipping Lnet/minecraft/world/level/levelgen/DensityFunctions$PureTransformer;
[23:09:18] [main/DEBUG]: Skipping Lnet/minecraft/world/level/levelgen/DensityFunctions$Noise;
[23:09:18] [main/DEBUG]: Skipping Lnet/minecraft/world/level/levelgen/DensityFunctions$MulOrAdd;
[23:09:18] [main/DEBUG]: Skipping Lnet/minecraft/world/level/levelgen/DensityFunctions$MulOrAdd$Type;
[23:09:18] [main/DEBUG]: Skipping Lnet/minecraft/world/level/levelgen/DensityFunctions$MarkerOrMarked;
[23:09:18] [main/DEBUG]: Skipping Lnet/minecraft/world/level/levelgen/DensityFunctions$Marker;
[23:09:18] [main/DEBUG]: Skipping Lnet/minecraft/world/level/levelgen/DensityFunctions$Marker$Type;
[23:09:18] [main/DEBUG]: Skipping Lnet/minecraft/world/level/levelgen/DensityFunctions$Mapped;
[23:09:18] [main/DEBUG]: Skipping Lnet/minecraft/world/level/levelgen/DensityFunctions$Mapped$Type;
[23:09:18] [main/DEBUG]: Skipping Lnet/minecraft/world/level/levelgen/DensityFunctions$HolderHolder;
[23:09:18] [main/DEBUG]: Skipping Lnet/minecraft/world/level/levelgen/DensityFunctions$EndIslandDensityFunction;
[23:09:18] [main/DEBUG]: Skipping Lnet/minecraft/world/level/levelgen/DensityFunctions$Constant;
[23:09:18] [main/DEBUG]: Skipping Lnet/minecraft/world/level/levelgen/DensityFunctions$Clamp;
[23:09:18] [main/DEBUG]: Skipping Lnet/minecraft/world/level/levelgen/DensityFunctions$BlendOffset;
[23:09:18] [main/DEBUG]: Skipping Lnet/minecraft/world/level/levelgen/DensityFunctions$BlendDensity;
[23:09:18] [main/DEBUG]: Skipping Lnet/minecraft/world/level/levelgen/DensityFunctions$BlendAlpha;
[23:09:18] [main/DEBUG]: Skipping Lnet/minecraft/world/level/levelgen/DensityFunctions$BeardifierOrMarker;
[23:09:18] [main/DEBUG]: Skipping Lnet/minecraft/world/level/levelgen/DensityFunctions$BeardifierMarker;
[23:09:18] [main/DEBUG]: Skipping Lnet/minecraft/world/level/levelgen/DensityFunctions$Ap2;
[23:09:18] [main/DEBUG]: Skipping Lnet/minecraft/world/level/levelgen/DensityFunction;
[23:09:18] [main/DEBUG]: Skipping Lnet/minecraft/world/level/levelgen/DensityFunction$Visitor;
[23:09:18] [main/DEBUG]: Skipping Lnet/minecraft/world/level/levelgen/DensityFunction$SinglePointContext;
[23:09:18] [main/DEBUG]: Skipping Lnet/minecraft/world/level/levelgen/DensityFunction$SimpleFunction;
[23:09:18] [main/DEBUG]: Skipping Lnet/minecraft/world/level/levelgen/DensityFunction$NoiseHolder;
[23:09:18] [main/DEBUG]: Skipping Lnet/minecraft/world/level/levelgen/DensityFunction$FunctionContext;
[23:09:18] [main/DEBUG]: Skipping Lnet/minecraft/world/level/levelgen/DensityFunction$ContextProvider;
[23:09:18] [main/DEBUG]: Skipping Lnet/minecraft/world/level/levelgen/Density;
[23:09:18] [main/DEBUG]: Skipping Lnet/minecraft/world/level/levelgen/Column;
[23:09:18] [main/DEBUG]: Skipping Lnet/minecraft/world/level/levelgen/Column$Ray;
[23:09:18] [main/DEBUG]: Skipping Lnet/minecraft/world/level/levelgen/Column$Range;
[23:09:18] [main/DEBUG]: Skipping Lnet/minecraft/world/level/levelgen/Column$Line;
[23:09:18] [main/DEBUG]: Skipping Lnet/minecraft/world/level/levelgen/BitRandomSource;
[23:09:18] [main/DEBUG]: Skipping Lnet/minecraft/world/level/levelgen/BelowZeroRetrogen;
[23:09:18] [main/DEBUG]: Skipping Lnet/minecraft/world/level/levelgen/BelowZeroRetrogen$1;
[23:09:18] [main/DEBUG]: Skipping Lnet/minecraft/world/level/levelgen/Aquifer;
[23:09:18] [main/DEBUG]: Transforming class Lnet/minecraft/world/level/levelgen/Aquifer$NoiseBasedAquifer;
[23:09:18] [main/DEBUG]: Transforming net/minecraft/world/level/levelgen/Aquifer$NoiseBasedAquifer FIELD f_157994_ to access PROTECTED and LEAVE
[23:09:18] [main/DEBUG]: Transforming net/minecraft/world/level/levelgen/Aquifer$NoiseBasedAquifer FIELD f_157996_ to access PROTECTED and LEAVE
[23:09:18] [main/DEBUG]: Transforming net/minecraft/world/level/levelgen/Aquifer$NoiseBasedAquifer FIELD f_157998_ to access PROTECTED and LEAVE
[23:09:18] [main/DEBUG]: Transforming net/minecraft/world/level/levelgen/Aquifer$NoiseBasedAquifer FIELD f_157999_ to access PROTECTED and LEAVE
[23:09:18] [main/DEBUG]: Transforming net/minecraft/world/level/levelgen/Aquifer$NoiseBasedAquifer FIELD f_158000_ to access PROTECTED and LEAVE
[23:09:18] [main/DEBUG]: Transforming net/minecraft/world/level/levelgen/Aquifer$NoiseBasedAquifer FIELD f_158002_ to access PROTECTED and LEAVE
[23:09:18] [main/DEBUG]: Transforming net/minecraft/world/level/levelgen/Aquifer$NoiseBasedAquifer FIELD f_158003_ to access PROTECTED and LEAVE
[23:09:18] [main/DEBUG]: Transforming net/minecraft/world/level/levelgen/Aquifer$NoiseBasedAquifer FIELD f_158004_ to access PROTECTED and LEAVE
[23:09:18] [main/DEBUG]: Transforming net/minecraft/world/level/levelgen/Aquifer$NoiseBasedAquifer FIELD f_158005_ to access PROTECTED and LEAVE
[23:09:18] [main/DEBUG]: Transforming net/minecraft/world/level/levelgen/Aquifer$NoiseBasedAquifer FIELD f_158006_ to access PROTECTED and LEAVE
[23:09:18] [main/DEBUG]: Transforming net/minecraft/world/level/levelgen/Aquifer$NoiseBasedAquifer METHOD m_158027_(III)I to access PROTECTED and LEAVE
[23:09:18] [main/DEBUG]: Transforming net/minecraft/world/level/levelgen/Aquifer$NoiseBasedAquifer METHOD m_158024_(II)D to access PROTECTED and LEAVE
[23:09:18] [main/DEBUG]: Transforming net/minecraft/world/level/levelgen/Aquifer$NoiseBasedAquifer METHOD m_158039_(I)I to access PROTECTED and LEAVE
[23:09:18] [main/DEBUG]: Transforming net/minecraft/world/level/levelgen/Aquifer$NoiseBasedAquifer METHOD m_158045_(I)I to access PROTECTED and LEAVE
[23:09:18] [main/DEBUG]: Transforming net/minecraft/world/level/levelgen/Aquifer$NoiseBasedAquifer METHOD m_158047_(I)I to access PROTECTED and LEAVE
[23:09:18] [main/DEBUG]: Skipping Lnet/minecraft/world/level/levelgen/Aquifer$FluidStatus;
[23:09:18] [main/DEBUG]: Skipping Lnet/minecraft/world/level/levelgen/Aquifer$FluidPicker;
[23:09:18] [main/DEBUG]: Skipping Lnet/minecraft/world/level/levelgen/Aquifer$1;
[23:09:18] [main/DEBUG]: Skipping Lnet/minecraft/world/level/levelgen/WorldDimensions;
[23:09:18] [main/DEBUG]: Skipping Lnet/minecraft/world/level/levelgen/WorldDimensions$Complete;
[23:09:18] [main/DEBUG]: Skipping Lnet/minecraft/world/level/levelgen/WorldDimensions$1Entry;
[23:09:18] [main/DEBUG]: Skipping Lnet/minecraft/world/level/levelgen/PhantomSpawner;
[23:09:18] [main/DEBUG]: Transforming class Lnet/minecraft/world/level/levelgen/DebugLevelSource;
[23:09:18] [main/DEBUG]: Transforming net/minecraft/world/level/levelgen/DebugLevelSource FIELD f_64114_ to access PRIVATE and REMOVEFINAL
[23:09:18] [main/DEBUG]: Transforming net/minecraft/world/level/levelgen/DebugLevelSource FIELD f_64115_ to access PRIVATE and REMOVEFINAL
[23:09:18] [main/DEBUG]: Transforming net/minecraft/world/level/levelgen/DebugLevelSource FIELD f_64116_ to access PRIVATE and REMOVEFINAL
[23:09:18] [main/DEBUG]: Transforming class Lnet/minecraft/world/level/levelgen/Beardifier;
[23:09:18] [main/DEBUG]: Transforming net/minecraft/world/level/levelgen/Beardifier FIELD f_158065_ to access PROTECTED and LEAVE
[23:09:18] [main/DEBUG]: Transforming net/minecraft/world/level/levelgen/Beardifier FIELD f_158066_ to access PROTECTED and LEAVE
[23:09:18] [main/DEBUG]: Transforming net/minecraft/world/level/levelgen/Beardifier METHOD m_223925_(IIII)D to access PROTECTED and LEAVE
[23:09:18] [main/DEBUG]: Skipping Lnet/minecraft/world/level/levelgen/Beardifier$Rigid;
[23:09:18] [main/DEBUG]: Skipping Lnet/minecraft/world/level/levelgen/Beardifier$1;
[23:09:18] [main/DEBUG]: Skipping Lnet/minecraft/world/level/gameevent/vibrations/package-info;
[23:09:18] [main/DEBUG]: Skipping Lnet/minecraft/world/level/gameevent/vibrations/VibrationSystem;
[23:09:18] [main/DEBUG]: Skipping Lnet/minecraft/world/level/gameevent/vibrations/VibrationSystem$User;
[23:09:18] [main/DEBUG]: Skipping Lnet/minecraft/world/level/gameevent/vibrations/VibrationSystem$Ticker;
[23:09:18] [main/DEBUG]: Skipping Lnet/minecraft/world/level/gameevent/vibrations/VibrationSystem$Listener;
[23:09:19] [main/DEBUG]: Skipping Lnet/minecraft/world/level/gameevent/vibrations/VibrationSystem$Data;
[23:09:19] [main/DEBUG]: Skipping Lnet/minecraft/world/level/gameevent/vibrations/VibrationSelector;
[23:09:19] [main/DEBUG]: Skipping Lnet/minecraft/world/level/gameevent/vibrations/VibrationInfo;
[23:09:19] [main/DEBUG]: Skipping Lnet/minecraft/world/level/gameevent/package-info;
[23:09:19] [main/DEBUG]: Skipping Lnet/minecraft/world/level/gameevent/PositionSourceType;
[23:09:19] [main/DEBUG]: Skipping Lnet/minecraft/world/level/gameevent/PositionSource;
[23:09:19] [main/DEBUG]: Skipping Lnet/minecraft/world/level/gameevent/GameEventListenerRegistry;
[23:09:19] [main/DEBUG]: Skipping Lnet/minecraft/world/level/gameevent/GameEventListenerRegistry$ListenerVisitor;
[23:09:19] [main/DEBUG]: Skipping Lnet/minecraft/world/level/gameevent/GameEventListenerRegistry$1;
[23:09:19] [main/DEBUG]: Skipping Lnet/minecraft/world/level/gameevent/GameEventListener;
[23:09:19] [main/DEBUG]: Skipping Lnet/minecraft/world/level/gameevent/GameEventListener$Provider;
[23:09:19] [main/DEBUG]: Skipping Lnet/minecraft/world/level/gameevent/GameEventListener$DeliveryMode;
[23:09:19] [main/DEBUG]: Skipping Lnet/minecraft/world/level/gameevent/GameEventDispatcher;
[23:09:19] [main/DEBUG]: Skipping Lnet/minecraft/world/level/gameevent/GameEvent;
[23:09:19] [main/DEBUG]: Skipping Lnet/minecraft/world/level/gameevent/GameEvent$ListenerInfo;
[23:09:19] [main/DEBUG]: Skipping Lnet/minecraft/world/level/gameevent/GameEvent$Context;
[23:09:19] [main/DEBUG]: Skipping Lnet/minecraft/world/level/gameevent/EuclideanGameEventListenerRegistry;
[23:09:19] [main/DEBUG]: Skipping Lnet/minecraft/world/level/gameevent/EuclideanGameEventListenerRegistry$OnEmptyAction;
[23:09:19] [main/DEBUG]: Skipping Lnet/minecraft/world/level/gameevent/EntityPositionSource;
[23:09:19] [main/DEBUG]: Skipping Lnet/minecraft/world/level/gameevent/EntityPositionSource$Type;
[23:09:19] [main/DEBUG]: Skipping Lnet/minecraft/world/level/gameevent/DynamicGameEventListener;
[23:09:19] [main/DEBUG]: Skipping Lnet/minecraft/world/level/gameevent/BlockPositionSource;
[23:09:19] [main/DEBUG]: Skipping Lnet/minecraft/world/level/gameevent/BlockPositionSource$Type;
[23:09:19] [main/DEBUG]: Skipping Lnet/minecraft/world/level/entity/package-info;
[23:09:19] [main/DEBUG]: Skipping Lnet/minecraft/world/level/entity/Visibility;
[23:09:19] [main/DEBUG]: Skipping Lnet/minecraft/world/level/entity/LevelEntityGetterAdapter;
[23:09:19] [main/DEBUG]: Skipping Lnet/minecraft/world/level/entity/LevelEntityGetter;
[23:09:19] [main/DEBUG]: Skipping Lnet/minecraft/world/level/entity/LevelCallback;
[23:09:19] [main/DEBUG]: Skipping Lnet/minecraft/world/level/entity/EntityTypeTest;
[23:09:19] [main/DEBUG]: Skipping Lnet/minecraft/world/level/entity/EntityTypeTest$2;
[23:09:19] [main/DEBUG]: Skipping Lnet/minecraft/world/level/entity/EntityTypeTest$1;
[23:09:19] [main/DEBUG]: Skipping Lnet/minecraft/world/level/entity/EntityTickList;
[23:09:19] [main/DEBUG]: Skipping Lnet/minecraft/world/level/entity/EntitySectionStorage;
[23:09:19] [main/DEBUG]: Skipping Lnet/minecraft/world/level/entity/EntitySection;
[23:09:19] [main/DEBUG]: Skipping Lnet/minecraft/world/level/entity/EntityPersistentStorage;
[23:09:19] [main/DEBUG]: Skipping Lnet/minecraft/world/level/entity/EntityLookup;
[23:09:19] [main/DEBUG]: Skipping Lnet/minecraft/world/level/entity/EntityInLevelCallback;
[23:09:19] [main/DEBUG]: Skipping Lnet/minecraft/world/level/entity/EntityInLevelCallback$1;
[23:09:19] [main/DEBUG]: Skipping Lnet/minecraft/world/level/entity/EntityAccess;
[23:09:19] [main/DEBUG]: Skipping Lnet/minecraft/world/level/entity/ChunkStatusUpdateListener;
[23:09:19] [main/DEBUG]: Skipping Lnet/minecraft/world/level/entity/ChunkEntities;
[23:09:19] [main/DEBUG]: Skipping Lnet/minecraft/world/level/entity/TransientEntitySectionManager;
[23:09:19] [main/DEBUG]: Skipping Lnet/minecraft/world/level/entity/TransientEntitySectionManager$Callback;
[23:09:19] [main/DEBUG]: Skipping Lnet/minecraft/world/level/entity/PersistentEntitySectionManager;
[23:09:19] [main/DEBUG]: Skipping Lnet/minecraft/world/level/entity/PersistentEntitySectionManager$ChunkLoadStatus;
[23:09:19] [main/DEBUG]: Skipping Lnet/minecraft/world/level/entity/PersistentEntitySectionManager$Callback;
[23:09:19] [main/DEBUG]: Skipping Lnet/minecraft/world/level/dimension/package-info;
[23:09:19] [main/DEBUG]: Skipping Lnet/minecraft/world/level/dimension/end/package-info;
[23:09:19] [main/DEBUG]: Skipping Lnet/minecraft/world/level/dimension/end/DragonRespawnAnimation;
[23:09:19] [main/DEBUG]: Skipping Lnet/minecraft/world/level/dimension/end/DragonRespawnAnimation$5;
[23:09:19] [main/DEBUG]: Skipping Lnet/minecraft/world/level/dimension/end/DragonRespawnAnimation$4;
[23:09:19] [main/DEBUG]: Skipping Lnet/minecraft/world/level/dimension/end/DragonRespawnAnimation$3;
[23:09:19] [main/DEBUG]: Skipping Lnet/minecraft/world/level/dimension/end/DragonRespawnAnimation$2;
[23:09:19] [main/DEBUG]: Skipping Lnet/minecraft/world/level/dimension/end/DragonRespawnAnimation$1;
[23:09:19] [main/DEBUG]: Skipping Lnet/minecraft/world/level/dimension/end/EndDragonFight;
[23:09:19] [main/DEBUG]: Skipping Lnet/minecraft/world/level/dimension/end/EndDragonFight$Data;
[23:09:19] [main/DEBUG]: Skipping Lnet/minecraft/world/level/dimension/LevelStem;
[23:09:19] [main/DEBUG]: Skipping Lnet/minecraft/world/level/dimension/DimensionType;
[23:09:19] [main/DEBUG]: Skipping Lnet/minecraft/world/level/dimension/DimensionType$MonsterSettings;
[23:09:19] [main/DEBUG]: Skipping Lnet/minecraft/world/level/dimension/DimensionDefaults;
[23:09:19] [main/DEBUG]: Skipping Lnet/minecraft/world/level/dimension/BuiltinDimensionTypes;
[23:09:19] [main/DEBUG]: Skipping Lnet/minecraft/world/level/chunk/storage/package-info;
[23:09:19] [main/DEBUG]: Skipping Lnet/minecraft/world/level/chunk/storage/SimpleRegionStorage;
[23:09:19] [main/DEBUG]: Skipping Lnet/minecraft/world/level/chunk/storage/SectionStorage;
[23:09:19] [main/DEBUG]: Skipping Lnet/minecraft/world/level/chunk/storage/RegionStorageInfo;
[23:09:19] [main/DEBUG]: Skipping Lnet/minecraft/world/level/chunk/storage/RegionFileVersion;
[23:09:19] [main/DEBUG]: Skipping Lnet/minecraft/world/level/chunk/storage/RegionFileVersion$StreamWrapper;
[23:09:19] [main/DEBUG]: Skipping Lnet/minecraft/world/level/chunk/storage/RegionFileStorage;
[23:09:19] [main/DEBUG]: Skipping Lnet/minecraft/world/level/chunk/storage/RegionFile;
[23:09:19] [main/DEBUG]: Skipping Lnet/minecraft/world/level/chunk/storage/RegionFile$CommitOp;
[23:09:19] [main/DEBUG]: Skipping Lnet/minecraft/world/level/chunk/storage/RegionFile$ChunkBuffer;
[23:09:19] [main/DEBUG]: Skipping Lnet/minecraft/world/level/chunk/storage/RegionBitmap;
[23:09:19] [main/DEBUG]: Skipping Lnet/minecraft/world/level/chunk/storage/RecreatingSimpleRegionStorage;
[23:09:19] [main/DEBUG]: Skipping Lnet/minecraft/world/level/chunk/storage/RecreatingChunkStorage;
[23:09:19] [main/DEBUG]: Skipping Lnet/minecraft/world/level/chunk/storage/IOWorker;
[23:09:19] [main/DEBUG]: Skipping Lnet/minecraft/world/level/chunk/storage/IOWorker$Priority;
[23:09:19] [main/DEBUG]: Skipping Lnet/minecraft/world/level/chunk/storage/IOWorker$PendingStore;
[23:09:19] [main/DEBUG]: Skipping Lnet/minecraft/world/level/chunk/storage/ChunkStorage;
[23:09:19] [main/DEBUG]: Skipping Lnet/minecraft/world/level/chunk/storage/ChunkScanAccess;
[23:09:19] [main/DEBUG]: Skipping Lnet/minecraft/world/level/chunk/storage/ChunkIOErrorReporter;
[23:09:19] [main/DEBUG]: Skipping Lnet/minecraft/world/level/chunk/storage/EntityStorage;
[23:09:19] [main/DEBUG]: Skipping Lnet/minecraft/world/level/chunk/storage/ChunkSerializer;
[23:09:19] [main/DEBUG]: Skipping Lnet/minecraft/world/level/chunk/storage/ChunkSerializer$ChunkReadException;
[23:09:19] [main/DEBUG]: Skipping Lnet/minecraft/world/level/chunk/status/package-info;
[23:09:19] [main/DEBUG]: Skipping Lnet/minecraft/world/level/chunk/status/WorldGenContext;
[23:09:19] [main/DEBUG]: Skipping Lnet/minecraft/world/level/chunk/status/ChunkType;
[23:09:19] [main/DEBUG]: Skipping Lnet/minecraft/world/level/chunk/status/ChunkStep;
[23:09:19] [main/DEBUG]: Skipping Lnet/minecraft/world/level/chunk/status/ChunkStep$Builder;
[23:09:19] [main/DEBUG]: Skipping Lnet/minecraft/world/level/chunk/status/ChunkStatusTask;
[23:09:19] [main/DEBUG]: Transforming class Lnet/minecraft/world/level/chunk/status/ChunkStatus;
[23:09:19] [main/DEBUG]: Transforming net/minecraft/world/level/chunk/status/ChunkStatus METHOD <init>(Lnet/minecraft/world/level/chunk/status/ChunkStatus;Ljava/util/EnumSet;Lnet/minecraft/world/level/chunk/status/ChunkType;)V to access PUBLIC and LEAVE
[23:09:19] [main/DEBUG]: Skipping Lnet/minecraft/world/level/chunk/status/ChunkPyramid;
[23:09:19] [main/DEBUG]: Skipping Lnet/minecraft/world/level/chunk/status/ChunkPyramid$Builder;
[23:09:19] [main/DEBUG]: Skipping Lnet/minecraft/world/level/chunk/status/ChunkDependencies;
[23:09:19] [main/DEBUG]: Skipping Lnet/minecraft/world/level/chunk/status/ChunkStatusTasks;
[23:09:19] [main/DEBUG]: Skipping Lnet/minecraft/world/level/chunk/package-info;
[23:09:19] [main/DEBUG]: Skipping Lnet/minecraft/world/level/chunk/UpgradeData;
[23:09:19] [main/DEBUG]: Skipping Lnet/minecraft/world/level/chunk/UpgradeData$BlockFixers;
[23:09:19] [main/DEBUG]: Skipping Lnet/minecraft/world/level/chunk/UpgradeData$BlockFixers$5;
[23:09:19] [main/DEBUG]: Skipping Lnet/minecraft/world/level/chunk/UpgradeData$BlockFixers$4;
[23:09:19] [main/DEBUG]: Skipping Lnet/minecraft/world/level/chunk/UpgradeData$BlockFixers$3;
[23:09:19] [main/DEBUG]: Skipping Lnet/minecraft/world/level/chunk/UpgradeData$BlockFixers$2;
[23:09:19] [main/DEBUG]: Skipping Lnet/minecraft/world/level/chunk/UpgradeData$BlockFixers$1;
[23:09:19] [main/DEBUG]: Skipping Lnet/minecraft/world/level/chunk/UpgradeData$BlockFixer;
[23:09:19] [main/DEBUG]: Skipping Lnet/minecraft/world/level/chunk/StructureAccess;
[23:09:19] [main/DEBUG]: Skipping Lnet/minecraft/world/level/chunk/SingleValuePalette;
[23:09:19] [main/DEBUG]: Skipping Lnet/minecraft/world/level/chunk/ProtoChunk;
[23:09:19] [main/DEBUG]: Skipping Lnet/minecraft/world/level/chunk/PalettedContainerRO;
[23:09:19] [main/DEBUG]: Skipping Lnet/minecraft/world/level/chunk/PalettedContainerRO$Unpacker;
[23:09:19] [main/DEBUG]: Skipping Lnet/minecraft/world/level/chunk/PalettedContainerRO$PackedData;
[23:09:19] [main/DEBUG]: Skipping Lnet/minecraft/world/level/chunk/PalettedContainer;
[23:09:19] [main/DEBUG]: Skipping Lnet/minecraft/world/level/chunk/PalettedContainer$Strategy;
[23:09:19] [main/DEBUG]: Skipping Lnet/minecraft/world/level/chunk/PalettedContainer$Strategy$2;
[23:09:19] [main/DEBUG]: Skipping Lnet/minecraft/world/level/chunk/PalettedContainer$Strategy$1;
[23:09:19] [main/DEBUG]: Skipping Lnet/minecraft/world/level/chunk/PalettedContainer$Data;
[23:09:19] [main/DEBUG]: Skipping Lnet/minecraft/world/level/chunk/PalettedContainer$CountConsumer;
[23:09:19] [main/DEBUG]: Skipping Lnet/minecraft/world/level/chunk/PalettedContainer$Configuration;
[23:09:19] [main/DEBUG]: Skipping Lnet/minecraft/world/level/chunk/PaletteResize;
[23:09:19] [main/DEBUG]: Skipping Lnet/minecraft/world/level/chunk/Palette;
[23:09:19] [main/DEBUG]: Skipping Lnet/minecraft/world/level/chunk/Palette$Factory;
[23:09:19] [main/DEBUG]: Skipping Lnet/minecraft/world/level/chunk/MissingPaletteEntryException;
[23:09:19] [main/DEBUG]: Skipping Lnet/minecraft/world/level/chunk/LinearPalette;
[23:09:19] [main/DEBUG]: Skipping Lnet/minecraft/world/level/chunk/LightChunkGetter;
[23:09:19] [main/DEBUG]: Skipping Lnet/minecraft/world/level/chunk/LightChunk;
[23:09:19] [main/DEBUG]: Skipping Lnet/minecraft/world/level/chunk/LevelChunkSection;
[23:09:19] [main/DEBUG]: Skipping Lnet/minecraft/world/level/chunk/LevelChunkSection$1BlockCounter;
[23:09:19] [main/DEBUG]: Skipping Lnet/minecraft/world/level/chunk/HashMapPalette;
[23:09:19] [main/DEBUG]: Skipping Lnet/minecraft/world/level/chunk/GlobalPalette;
[23:09:19] [main/DEBUG]: Skipping Lnet/minecraft/world/level/chunk/EmptyLevelChunk;
[23:09:19] [main/DEBUG]: Skipping Lnet/minecraft/world/level/chunk/DataLayer;
[23:09:19] [main/DEBUG]: Skipping Lnet/minecraft/world/level/chunk/ChunkSource;
[23:09:19] [main/DEBUG]: Skipping Lnet/minecraft/world/level/chunk/ChunkGenerators;
[23:09:19] [main/DEBUG]: Skipping Lnet/minecraft/world/level/chunk/ChunkGeneratorStructureState;
[23:09:19] [main/DEBUG]: Skipping Lnet/minecraft/world/level/chunk/CarvingMask;
[23:09:19] [main/DEBUG]: Skipping Lnet/minecraft/world/level/chunk/CarvingMask$Mask;
[23:09:19] [main/DEBUG]: Skipping Lnet/minecraft/world/level/chunk/BulkSectionAccess;
[23:09:19] [main/DEBUG]: Skipping Lnet/minecraft/world/level/chunk/BlockColumn;
[23:09:19] [main/DEBUG]: Skipping Lnet/minecraft/world/level/chunk/LevelChunk;
[23:09:19] [main/DEBUG]: Skipping Lnet/minecraft/world/level/chunk/LevelChunk$RebindableTickingBlockEntityWrapper;
[23:09:19] [main/DEBUG]: Skipping Lnet/minecraft/world/level/chunk/LevelChunk$PostLoadProcessor;
[23:09:19] [main/DEBUG]: Skipping Lnet/minecraft/world/level/chunk/LevelChunk$EntityCreationType;
[23:09:19] [main/DEBUG]: Skipping Lnet/minecraft/world/level/chunk/LevelChunk$BoundTickingBlockEntity;
[23:09:19] [main/DEBUG]: Skipping Lnet/minecraft/world/level/chunk/LevelChunk$1;
[23:09:19] [main/DEBUG]: Skipping Lnet/minecraft/world/level/chunk/ImposterProtoChunk;
[23:09:19] [main/DEBUG]: Skipping Lnet/minecraft/world/level/chunk/ChunkGenerator;
[23:09:19] [main/DEBUG]: Skipping Lnet/minecraft/world/level/chunk/ChunkAccess;
[23:09:19] [main/DEBUG]: Skipping Lnet/minecraft/world/level/chunk/ChunkAccess$TicksToSave;
[23:09:19] [main/DEBUG]: Skipping Lnet/minecraft/world/level/border/package-info;
[23:09:19] [main/DEBUG]: Skipping Lnet/minecraft/world/level/border/WorldBorder;
[23:09:19] [main/DEBUG]: Skipping Lnet/minecraft/world/level/border/WorldBorder$StaticBorderExtent;
[23:09:19] [main/DEBUG]: Skipping Lnet/minecraft/world/level/border/WorldBorder$Settings;
[23:09:19] [main/DEBUG]: Skipping Lnet/minecraft/world/level/border/WorldBorder$MovingBorderExtent;
[23:09:19] [main/DEBUG]: Skipping Lnet/minecraft/world/level/border/WorldBorder$BorderExtent;
[23:09:19] [main/DEBUG]: Skipping Lnet/minecraft/world/level/border/BorderStatus;
[23:09:19] [main/DEBUG]: Skipping Lnet/minecraft/world/level/border/BorderChangeListener;
[23:09:19] [main/DEBUG]: Skipping Lnet/minecraft/world/level/border/BorderChangeListener$DelegateBorderChangeListener;
[23:09:19] [main/DEBUG]: Skipping Lnet/minecraft/world/level/block/state/properties/package-info;
[23:09:19] [main/DEBUG]: Transforming class Lnet/minecraft/world/level/block/state/properties/WoodType;
[23:09:19] [main/DEBUG]: Transforming net/minecraft/world/level/block/state/properties/WoodType METHOD m_61844_(Lnet/minecraft/world/level/block/state/properties/WoodType;)Lnet/minecraft/world/level/block/state/properties/WoodType; to access PUBLIC and LEAVE
[23:09:19] [main/DEBUG]: Skipping Lnet/minecraft/world/level/block/state/properties/WallSide;
[23:09:19] [main/DEBUG]: Skipping Lnet/minecraft/world/level/block/state/properties/Tilt;
[23:09:19] [main/DEBUG]: Skipping Lnet/minecraft/world/level/block/state/properties/StructureMode;
[23:09:19] [main/DEBUG]: Skipping Lnet/minecraft/world/level/block/state/properties/StairsShape;
[23:09:19] [main/DEBUG]: Skipping Lnet/minecraft/world/level/block/state/properties/SlabType;
[23:09:19] [main/DEBUG]: Skipping Lnet/minecraft/world/level/block/state/properties/SculkSensorPhase;
[23:09:19] [main/DEBUG]: Skipping Lnet/minecraft/world/level/block/state/properties/RotationSegment;
[23:09:19] [main/DEBUG]: Skipping Lnet/minecraft/world/level/block/state/properties/RedstoneSide;
[23:09:19] [main/DEBUG]: Skipping Lnet/minecraft/world/level/block/state/properties/RailShape;
[23:09:19] [main/DEBUG]: Skipping Lnet/minecraft/world/level/block/state/properties/Property;
[23:09:19] [main/DEBUG]: Skipping Lnet/minecraft/world/level/block/state/properties/Property$Value;
[23:09:19] [main/DEBUG]: Skipping Lnet/minecraft/world/level/block/state/properties/PistonType;
[23:09:19] [main/DEBUG]: Skipping Lnet/minecraft/world/level/block/state/properties/NoteBlockInstrument;
[23:09:19] [main/DEBUG]: Skipping Lnet/minecraft/world/level/block/state/properties/NoteBlockInstrument$Type;
[23:09:19] [main/DEBUG]: Skipping Lnet/minecraft/world/level/block/state/properties/IntegerProperty;
[23:09:19] [main/DEBUG]: Skipping Lnet/minecraft/world/level/block/state/properties/Half;
[23:09:19] [main/DEBUG]: Skipping Lnet/minecraft/world/level/block/state/properties/EnumProperty;
[23:09:19] [main/DEBUG]: Skipping Lnet/minecraft/world/level/block/state/properties/DripstoneThickness;
[23:09:19] [main/DEBUG]: Skipping Lnet/minecraft/world/level/block/state/properties/DoubleBlockHalf;
[23:09:19] [main/DEBUG]: Skipping Lnet/minecraft/world/level/block/state/properties/DoorHingeSide;
[23:09:19] [main/DEBUG]: Skipping Lnet/minecraft/world/level/block/state/properties/DirectionProperty;
[23:09:19] [main/DEBUG]: Skipping Lnet/minecraft/world/level/block/state/properties/ComparatorMode;
[23:09:19] [main/DEBUG]: Skipping Lnet/minecraft/world/level/block/state/properties/ChestType;
[23:09:19] [main/DEBUG]: Skipping Lnet/minecraft/world/level/block/state/properties/BooleanProperty;
[23:09:19] [main/DEBUG]: Skipping Lnet/minecraft/world/level/block/state/properties/BlockStateProperties;
[23:09:19] [main/DEBUG]: Transforming class Lnet/minecraft/world/level/block/state/properties/BlockSetType;
[23:09:19] [main/DEBUG]: Transforming net/minecraft/world/level/block/state/properties/BlockSetType METHOD m_272115_(Lnet/minecraft/world/level/block/state/properties/BlockSetType;)Lnet/minecraft/world/level/block/state/properties/BlockSetType; to access PUBLIC and LEAVE
[23:09:19] [main/DEBUG]: Skipping Lnet/minecraft/world/level/block/state/properties/BlockSetType$PressurePlateSensitivity;
[23:09:19] [main/DEBUG]: Skipping Lnet/minecraft/world/level/block/state/properties/BellAttachType;
[23:09:19] [main/DEBUG]: Skipping Lnet/minecraft/world/level/block/state/properties/BedPart;
[23:09:19] [main/DEBUG]: Skipping Lnet/minecraft/world/level/block/state/properties/BambooLeaves;
[23:09:19] [main/DEBUG]: Skipping Lnet/minecraft/world/level/block/state/properties/AttachFace;
[23:09:19] [main/DEBUG]: Skipping Lnet/minecraft/world/level/block/state/predicate/package-info;
[23:09:19] [main/DEBUG]: Skipping Lnet/minecraft/world/level/block/state/predicate/BlockStatePredicate;
[23:09:19] [main/DEBUG]: Skipping Lnet/minecraft/world/level/block/state/predicate/BlockPredicate;
[23:09:19] [main/DEBUG]: Skipping Lnet/minecraft/world/level/block/state/pattern/package-info;
[23:09:19] [main/DEBUG]: Skipping Lnet/minecraft/world/level/block/state/pattern/BlockPatternBuilder;
[23:09:19] [main/DEBUG]: Skipping Lnet/minecraft/world/level/block/state/pattern/BlockPattern;
[23:09:19] [main/DEBUG]: Skipping Lnet/minecraft/world/level/block/state/pattern/BlockPattern$BlockPatternMatch;
[23:09:19] [main/DEBUG]: Skipping Lnet/minecraft/world/level/block/state/pattern/BlockPattern$BlockCacheLoader;
[23:09:19] [main/DEBUG]: Skipping Lnet/minecraft/world/level/block/state/pattern/BlockInWorld;
[23:09:19] [main/DEBUG]: Skipping Lnet/minecraft/world/level/block/state/package-info;
[23:09:19] [main/DEBUG]: Skipping Lnet/minecraft/world/level/block/state/StateHolder;
[23:09:19] [main/DEBUG]: Skipping Lnet/minecraft/world/level/block/state/StateHolder$1;
[23:09:19] [main/DEBUG]: Skipping Lnet/minecraft/world/level/block/state/StateDefinition;
[23:09:19] [main/DEBUG]: Skipping Lnet/minecraft/world/level/block/state/StateDefinition$Factory;
[23:09:19] [main/DEBUG]: Skipping Lnet/minecraft/world/level/block/state/StateDefinition$Builder;
[23:09:19] [main/DEBUG]: Skipping Lnet/minecraft/world/level/block/state/BlockState;
[23:09:19] [main/DEBUG]: Skipping Lnet/minecraft/world/level/block/state/BlockBehaviour;
[23:09:19] [main/DEBUG]: Skipping Lnet/minecraft/world/level/block/state/BlockBehaviour$StatePredicate;
[23:09:19] [main/DEBUG]: Skipping Lnet/minecraft/world/level/block/state/BlockBehaviour$StateArgumentPredicate;
[23:09:19] [main/DEBUG]: Skipping Lnet/minecraft/world/level/block/state/BlockBehaviour$Properties;
[23:09:19] [main/DEBUG]: Skipping Lnet/minecraft/world/level/block/state/BlockBehaviour$OffsetType;
[23:09:19] [main/DEBUG]: Skipping Lnet/minecraft/world/level/block/state/BlockBehaviour$OffsetFunction;
[23:09:19] [main/DEBUG]: Skipping Lnet/minecraft/world/level/block/state/BlockBehaviour$BlockStateBase;
[23:09:19] [main/DEBUG]: Skipping Lnet/minecraft/world/level/block/state/BlockBehaviour$BlockStateBase$Cache;
[23:09:19] [main/DEBUG]: Skipping Lnet/minecraft/world/level/block/state/BlockBehaviour$1;
[23:09:19] [main/DEBUG]: Skipping Lnet/minecraft/world/level/block/piston/package-info;
[23:09:19] [main/DEBUG]: Skipping Lnet/minecraft/world/level/block/piston/PistonMath;
[23:09:19] [main/DEBUG]: Skipping Lnet/minecraft/world/level/block/piston/PistonMath$1;
[23:09:19] [main/DEBUG]: Skipping Lnet/minecraft/world/level/block/piston/PistonHeadBlock;
[23:09:19] [main/DEBUG]: Skipping Lnet/minecraft/world/level/block/piston/PistonHeadBlock$1;
[23:09:19] [main/DEBUG]: Skipping Lnet/minecraft/world/level/block/piston/MovingPistonBlock;
[23:09:19] [main/DEBUG]: Skipping Lnet/minecraft/world/level/block/piston/PistonStructureResolver;
[23:09:19] [main/DEBUG]: Skipping Lnet/minecraft/world/level/block/piston/PistonMovingBlockEntity;
[23:09:19] [main/DEBUG]: Skipping Lnet/minecraft/world/level/block/piston/PistonMovingBlockEntity$1;
[23:09:19] [main/DEBUG]: Skipping Lnet/minecraft/world/level/block/piston/PistonBaseBlock;
[23:09:19] [main/DEBUG]: Skipping Lnet/minecraft/world/level/block/piston/PistonBaseBlock$1;
[23:09:19] [main/DEBUG]: Skipping Lnet/minecraft/world/level/block/package-info;
[23:09:19] [main/DEBUG]: Skipping Lnet/minecraft/world/level/block/grower/package-info;
[23:09:19] [main/DEBUG]: Skipping Lnet/minecraft/world/level/block/grower/TreeGrower;
[23:09:19] [main/DEBUG]: Skipping Lnet/minecraft/world/level/block/entity/vault/package-info;
[23:09:19] [main/DEBUG]: Skipping Lnet/minecraft/world/level/block/entity/vault/VaultState;
[23:09:19] [main/DEBUG]: Skipping Lnet/minecraft/world/level/block/entity/vault/VaultState$LightLevel;
[23:09:19] [main/DEBUG]: Skipping Lnet/minecraft/world/level/block/entity/vault/VaultState$4;
[23:09:19] [main/DEBUG]: Skipping Lnet/minecraft/world/level/block/entity/vault/VaultState$3;
[23:09:19] [main/DEBUG]: Skipping Lnet/minecraft/world/level/block/entity/vault/VaultState$2;
[23:09:19] [main/DEBUG]: Skipping Lnet/minecraft/world/level/block/entity/vault/VaultState$1;
[23:09:19] [main/DEBUG]: Skipping Lnet/minecraft/world/level/block/entity/vault/VaultSharedData;
[23:09:19] [main/DEBUG]: Skipping Lnet/minecraft/world/level/block/entity/vault/VaultServerData;
[23:09:19] [main/DEBUG]: Skipping Lnet/minecraft/world/level/block/entity/vault/VaultConfig;
[23:09:19] [main/DEBUG]: Skipping Lnet/minecraft/world/level/block/entity/vault/VaultClientData;
[23:09:19] [main/DEBUG]: Skipping Lnet/minecraft/world/level/block/entity/vault/VaultBlockEntity;
[23:09:19] [main/DEBUG]: Skipping Lnet/minecraft/world/level/block/entity/vault/VaultBlockEntity$Server;
[23:09:19] [main/DEBUG]: Skipping Lnet/minecraft/world/level/block/entity/vault/VaultBlockEntity$Client;
[23:09:19] [main/DEBUG]: Skipping Lnet/minecraft/world/level/block/entity/trialspawner/package-info;
[23:09:19] [main/DEBUG]: Skipping Lnet/minecraft/world/level/block/entity/trialspawner/TrialSpawnerState;
[23:09:19] [main/DEBUG]: Skipping Lnet/minecraft/world/level/block/entity/trialspawner/TrialSpawnerState$SpinningMob;
[23:09:19] [main/DEBUG]: Skipping Lnet/minecraft/world/level/block/entity/trialspawner/TrialSpawnerState$ParticleEmission;
[23:09:19] [main/DEBUG]: Skipping Lnet/minecraft/world/level/block/entity/trialspawner/TrialSpawnerState$LightLevel;
[23:09:19] [main/DEBUG]: Skipping Lnet/minecraft/world/level/block/entity/trialspawner/TrialSpawnerData;
[23:09:19] [main/DEBUG]: Skipping Lnet/minecraft/world/level/block/entity/trialspawner/TrialSpawnerConfig;
[23:09:19] [main/DEBUG]: Skipping Lnet/minecraft/world/level/block/entity/trialspawner/TrialSpawner;
[23:09:19] [main/DEBUG]: Skipping Lnet/minecraft/world/level/block/entity/trialspawner/TrialSpawner$StateAccessor;
[23:09:19] [main/DEBUG]: Skipping Lnet/minecraft/world/level/block/entity/trialspawner/TrialSpawner$FlameParticle;
[23:09:19] [main/DEBUG]: Skipping Lnet/minecraft/world/level/block/entity/trialspawner/PlayerDetector;
[23:09:19] [main/DEBUG]: Skipping Lnet/minecraft/world/level/block/entity/trialspawner/PlayerDetector$EntitySelector;
[23:09:19] [main/DEBUG]: Skipping Lnet/minecraft/world/level/block/entity/trialspawner/PlayerDetector$EntitySelector$2;
[23:09:19] [main/DEBUG]: Skipping Lnet/minecraft/world/level/block/entity/trialspawner/PlayerDetector$EntitySelector$1;
[23:09:19] [main/DEBUG]: Skipping Lnet/minecraft/world/level/block/entity/package-info;
[23:09:19] [main/DEBUG]: Skipping Lnet/minecraft/world/level/block/entity/TrialSpawnerBlockEntity;
[23:09:19] [main/DEBUG]: Skipping Lnet/minecraft/world/level/block/entity/TrappedChestBlockEntity;
[23:09:19] [main/DEBUG]: Skipping Lnet/minecraft/world/level/block/entity/TickingBlockEntity;
[23:09:19] [main/DEBUG]: Skipping Lnet/minecraft/world/level/block/entity/TheEndPortalBlockEntity;
[23:09:19] [main/DEBUG]: Skipping Lnet/minecraft/world/level/block/entity/TheEndGatewayBlockEntity;
[23:09:19] [main/DEBUG]: Skipping Lnet/minecraft/world/level/block/entity/StructureBlockEntity;
[23:09:19] [main/DEBUG]: Skipping Lnet/minecraft/world/level/block/entity/StructureBlockEntity$UpdateType;
[23:09:19] [main/DEBUG]: Skipping Lnet/minecraft/world/level/block/entity/SmokerBlockEntity;
[23:09:19] [main/DEBUG]: Skipping Lnet/minecraft/world/level/block/entity/SkullBlockEntity;
[23:09:19] [main/DEBUG]: Skipping Lnet/minecraft/world/level/block/entity/SkullBlockEntity$2;
[23:09:19] [main/DEBUG]: Skipping Lnet/minecraft/world/level/block/entity/SkullBlockEntity$1;
[23:09:19] [main/DEBUG]: Skipping Lnet/minecraft/world/level/block/entity/SignText;
[23:09:19] [main/DEBUG]: Skipping Lnet/minecraft/world/level/block/entity/SculkShriekerBlockEntity;
[23:09:19] [main/DEBUG]: Skipping Lnet/minecraft/world/level/block/entity/SculkShriekerBlockEntity$VibrationUser;
[23:09:19] [main/DEBUG]: Skipping Lnet/minecraft/world/level/block/entity/SculkSensorBlockEntity;
[23:09:19] [main/DEBUG]: Skipping Lnet/minecraft/world/level/block/entity/SculkSensorBlockEntity$VibrationUser;
[23:09:19] [main/DEBUG]: Skipping Lnet/minecraft/world/level/block/entity/SculkCatalystBlockEntity;
[23:09:19] [main/DEBUG]: Skipping Lnet/minecraft/world/level/block/entity/SculkCatalystBlockEntity$CatalystListener;
[23:09:19] [main/DEBUG]: Skipping Lnet/minecraft/world/level/block/entity/RandomizableContainerBlockEntity;
[23:09:19] [main/DEBUG]: Skipping Lnet/minecraft/world/level/block/entity/PotDecorations;
[23:09:19] [main/DEBUG]: Skipping Lnet/minecraft/world/level/block/entity/LidBlockEntity;
[23:09:19] [main/DEBUG]: Skipping Lnet/minecraft/world/level/block/entity/LecternBlockEntity;
[23:09:19] [main/DEBUG]: Skipping Lnet/minecraft/world/level/block/entity/LecternBlockEntity$2;
[23:09:19] [main/DEBUG]: Skipping Lnet/minecraft/world/level/block/entity/LecternBlockEntity$1;
[23:09:19] [main/DEBUG]: Skipping Lnet/minecraft/world/level/block/entity/JukeboxBlockEntity;
[23:09:19] [main/DEBUG]: Skipping Lnet/minecraft/world/level/block/entity/JigsawBlockEntity;
[23:09:19] [main/DEBUG]: Skipping Lnet/minecraft/world/level/block/entity/JigsawBlockEntity$JointType;
[23:09:19] [main/DEBUG]: Skipping Lnet/minecraft/world/level/block/entity/Hopper;
[23:09:19] [main/DEBUG]: Skipping Lnet/minecraft/world/level/block/entity/FurnaceBlockEntity;
[23:09:19] [main/DEBUG]: Skipping Lnet/minecraft/world/level/block/entity/EnderChestBlockEntity;
[23:09:19] [main/DEBUG]: Skipping Lnet/minecraft/world/level/block/entity/EnderChestBlockEntity$1;
[23:09:19] [main/DEBUG]: Skipping Lnet/minecraft/world/level/block/entity/EnchantingTableBlockEntity;
[23:09:19] [main/DEBUG]: Skipping Lnet/minecraft/world/level/block/entity/DropperBlockEntity;
[23:09:19] [main/DEBUG]: Skipping Lnet/minecraft/world/level/block/entity/DispenserBlockEntity;
[23:09:19] [main/DEBUG]: Skipping Lnet/minecraft/world/level/block/entity/DecoratedPotPatterns;
[23:09:19] [main/DEBUG]: Skipping Lnet/minecraft/world/level/block/entity/DecoratedPotPattern;
[23:09:19] [main/DEBUG]: Skipping Lnet/minecraft/world/level/block/entity/DecoratedPotBlockEntity;
[23:09:19] [main/DEBUG]: Skipping Lnet/minecraft/world/level/block/entity/DecoratedPotBlockEntity$WobbleStyle;
[23:09:19] [main/DEBUG]: Skipping Lnet/minecraft/world/level/block/entity/DaylightDetectorBlockEntity;
[23:09:19] [main/DEBUG]: Skipping Lnet/minecraft/world/level/block/entity/CrafterBlockEntity;
[23:09:19] [main/DEBUG]: Skipping Lnet/minecraft/world/level/block/entity/CrafterBlockEntity$1;
[23:09:19] [main/DEBUG]: Skipping Lnet/minecraft/world/level/block/entity/ContainerOpenersCounter;
[23:09:19] [main/DEBUG]: Skipping Lnet/minecraft/world/level/block/entity/ComparatorBlockEntity;
[23:09:19] [main/DEBUG]: Skipping Lnet/minecraft/world/level/block/entity/CommandBlockEntity;
[23:09:19] [main/DEBUG]: Skipping Lnet/minecraft/world/level/block/entity/CommandBlockEntity$Mode;
[23:09:19] [main/DEBUG]: Skipping Lnet/minecraft/world/level/block/entity/CommandBlockEntity$1;
[23:09:19] [main/DEBUG]: Skipping Lnet/minecraft/world/level/block/entity/ChestLidController;
[23:09:19] [main/DEBUG]: Skipping Lnet/minecraft/world/level/block/entity/CampfireBlockEntity;
[23:09:19] [main/DEBUG]: Skipping Lnet/minecraft/world/level/block/entity/CalibratedSculkSensorBlockEntity;
[23:09:19] [main/DEBUG]: Skipping Lnet/minecraft/world/level/block/entity/CalibratedSculkSensorBlockEntity$VibrationUser;
[23:09:19] [main/DEBUG]: Skipping Lnet/minecraft/world/level/block/entity/BrushableBlockEntity;
[23:09:19] [main/DEBUG]: Transforming class Lnet/minecraft/world/level/block/entity/BlockEntityType;
[23:09:19] [main/DEBUG]: Transforming net/minecraft/world/level/block/entity/BlockEntityType INNERCLASS BlockEntitySupplier to access PUBLIC and LEAVE
[23:09:19] [main/DEBUG]: Skipping Lnet/minecraft/world/level/block/entity/BlockEntityType$Builder;
[23:09:19] [main/DEBUG]: Transforming class Lnet/minecraft/world/level/block/entity/BlockEntityType$BlockEntitySupplier;
[23:09:19] [main/DEBUG]: Transforming net/minecraft/world/level/block/entity/BlockEntityType$BlockEntitySupplier CLASS to access PUBLIC and LEAVE
[23:09:19] [main/DEBUG]: Skipping Lnet/minecraft/world/level/block/entity/BlockEntityTicker;
[23:09:19] [main/DEBUG]: Skipping Lnet/minecraft/world/level/block/entity/BlastFurnaceBlockEntity;
[23:09:19] [main/DEBUG]: Skipping Lnet/minecraft/world/level/block/entity/BellBlockEntity;
[23:09:19] [main/DEBUG]: Skipping Lnet/minecraft/world/level/block/entity/BellBlockEntity$ResonationEndAction;
[23:09:19] [main/DEBUG]: Skipping Lnet/minecraft/world/level/block/entity/BeehiveBlockEntity;
[23:09:19] [main/DEBUG]: Skipping Lnet/minecraft/world/level/block/entity/BeehiveBlockEntity$Occupant;
[23:09:19] [main/DEBUG]: Skipping Lnet/minecraft/world/level/block/entity/BeehiveBlockEntity$BeeReleaseStatus;
[23:09:19] [main/DEBUG]: Skipping Lnet/minecraft/world/level/block/entity/BeehiveBlockEntity$BeeData;
[23:09:19] [main/DEBUG]: Skipping Lnet/minecraft/world/level/block/entity/BedBlockEntity;
[23:09:19] [main/DEBUG]: Skipping Lnet/minecraft/world/level/block/entity/BarrelBlockEntity;
[23:09:19] [main/DEBUG]: Skipping Lnet/minecraft/world/level/block/entity/BarrelBlockEntity$1;
[23:09:19] [main/DEBUG]: Skipping Lnet/minecraft/world/level/block/entity/BannerPatterns;
[23:09:19] [main/DEBUG]: Skipping Lnet/minecraft/world/level/block/entity/BannerPatternLayers;
[23:09:19] [main/DEBUG]: Skipping Lnet/minecraft/world/level/block/entity/BannerPatternLayers$Layer;
[23:09:19] [main/DEBUG]: Skipping Lnet/minecraft/world/level/block/entity/BannerPatternLayers$Builder;
[23:09:19] [main/DEBUG]: Skipping Lnet/minecraft/world/level/block/entity/BannerPattern;
[23:09:19] [main/DEBUG]: Skipping Lnet/minecraft/world/level/block/entity/BannerBlockEntity;
[23:09:19] [main/DEBUG]: Skipping Lnet/minecraft/world/level/block/entity/BrewingStandBlockEntity$2;
[23:09:19] [main/DEBUG]: Skipping Lnet/minecraft/world/level/block/entity/AbstractFurnaceBlockEntity$2;
[23:09:19] [main/DEBUG]: Skipping Lnet/minecraft/world/level/block/entity/SpawnerBlockEntity;
[23:09:19] [main/DEBUG]: Skipping Lnet/minecraft/world/level/block/entity/SpawnerBlockEntity$1;
[23:09:19] [main/DEBUG]: Skipping Lnet/minecraft/world/level/block/entity/SignBlockEntity;
[23:09:19] [main/DEBUG]: Skipping Lnet/minecraft/world/level/block/entity/ShulkerBoxBlockEntity;
[23:09:19] [main/DEBUG]: Skipping Lnet/minecraft/world/level/block/entity/ShulkerBoxBlockEntity$AnimationStatus;
[23:09:19] [main/DEBUG]: Transforming class Lnet/minecraft/world/level/block/entity/HopperBlockEntity;
[23:09:19] [main/DEBUG]: Transforming net/minecraft/world/level/block/entity/HopperBlockEntity METHOD m_59395_(I)V to access PUBLIC and LEAVE
[23:09:19] [main/DEBUG]: Transforming net/minecraft/world/level/block/entity/HopperBlockEntity METHOD m_59409_()Z to access PUBLIC and LEAVE
[23:09:19] [main/DEBUG]: Skipping Lnet/minecraft/world/level/block/entity/HangingSignBlockEntity;
[23:09:19] [main/DEBUG]: Skipping Lnet/minecraft/world/level/block/entity/ConduitBlockEntity;
[23:09:19] [main/DEBUG]: Skipping Lnet/minecraft/world/level/block/entity/ChiseledBookShelfBlockEntity;
[23:09:19] [main/DEBUG]: Skipping Lnet/minecraft/world/level/block/entity/ChestBlockEntity;
[23:09:19] [main/DEBUG]: Skipping Lnet/minecraft/world/level/block/entity/ChestBlockEntity$1;
[23:09:19] [main/DEBUG]: Skipping Lnet/minecraft/world/level/block/entity/BrewingStandBlockEntity;
[23:09:19] [main/DEBUG]: Skipping Lnet/minecraft/world/level/block/entity/BrewingStandBlockEntity$1;
[23:09:19] [main/DEBUG]: Skipping Lnet/minecraft/world/level/block/entity/BlockEntity;
[23:09:19] [main/DEBUG]: Skipping Lnet/minecraft/world/level/block/entity/BlockEntity$DataComponentInput;
[23:09:19] [main/DEBUG]: Skipping Lnet/minecraft/world/level/block/entity/BlockEntity$ComponentHelper;
[23:09:19] [main/DEBUG]: Skipping Lnet/minecraft/world/level/block/entity/BlockEntity$1;
[23:09:19] [main/DEBUG]: Skipping Lnet/minecraft/world/level/block/entity/BeaconBlockEntity;
[23:09:19] [main/DEBUG]: Skipping Lnet/minecraft/world/level/block/entity/BeaconBlockEntity$BeaconBeamSection;
[23:09:19] [main/DEBUG]: Skipping Lnet/minecraft/world/level/block/entity/BeaconBlockEntity$1;
[23:09:19] [main/DEBUG]: Skipping Lnet/minecraft/world/level/block/entity/BaseContainerBlockEntity;
[23:09:19] [main/DEBUG]: Skipping Lnet/minecraft/world/level/block/entity/AbstractFurnaceBlockEntity;
[23:09:19] [main/DEBUG]: Skipping Lnet/minecraft/world/level/block/entity/AbstractFurnaceBlockEntity$1;
[23:09:19] [main/DEBUG]: Transforming class Lnet/minecraft/world/level/block/WoolCarpetBlock;
[23:09:19] [main/DEBUG]: Transforming net/minecraft/world/level/block/WoolCarpetBlock METHOD <init>(Lnet/minecraft/world/item/DyeColor;Lnet/minecraft/world/level/block/state/BlockBehaviour$Properties;)V to access PUBLIC and LEAVE
[23:09:19] [main/DEBUG]: Transforming class Lnet/minecraft/world/level/block/WitherWallSkullBlock;
[23:09:19] [main/DEBUG]: Transforming net/minecraft/world/level/block/WitherWallSkullBlock METHOD <init>(Lnet/minecraft/world/level/block/state/BlockBehaviour$Properties;)V to access PUBLIC and LEAVE
[23:09:19] [main/DEBUG]: Transforming class Lnet/minecraft/world/level/block/WitherSkullBlock;
[23:09:19] [main/DEBUG]: Transforming net/minecraft/world/level/block/WitherSkullBlock METHOD <init>(Lnet/minecraft/world/level/block/state/BlockBehaviour$Properties;)V to access PUBLIC and LEAVE
[23:09:19] [main/DEBUG]: Skipping Lnet/minecraft/world/level/block/WitherRoseBlock;
[23:09:19] [main/DEBUG]: Transforming class Lnet/minecraft/world/level/block/WetSpongeBlock;
[23:09:19] [main/DEBUG]: Transforming net/minecraft/world/level/block/WetSpongeBlock METHOD <init>(Lnet/minecraft/world/level/block/state/BlockBehaviour$Properties;)V to access PUBLIC and LEAVE
[23:09:19] [main/DEBUG]: Transforming class Lnet/minecraft/world/level/block/WeightedPressurePlateBlock;
[23:09:19] [main/DEBUG]: Transforming net/minecraft/world/level/block/WeightedPressurePlateBlock METHOD <init>(ILnet/minecraft/world/level/block/state/properties/BlockSetType;Lnet/minecraft/world/level/block/state/BlockBehaviour$Properties;)V to access PUBLIC and LEAVE
[23:09:19] [main/DEBUG]: Skipping Lnet/minecraft/world/level/block/WeepingVinesPlantBlock;
[23:09:19] [main/DEBUG]: Skipping Lnet/minecraft/world/level/block/WeepingVinesBlock;
[23:09:19] [main/DEBUG]: Transforming class Lnet/minecraft/world/level/block/WeatheringCopperTrapDoorBlock;
[23:09:19] [main/DEBUG]: Transforming net/minecraft/world/level/block/WeatheringCopperTrapDoorBlock METHOD <init>(Lnet/minecraft/world/level/block/state/properties/BlockSetType;Lnet/minecraft/world/level/block/WeatheringCopper$WeatherState;Lnet/minecraft/world/level/block/state/BlockBehaviour$Properties;)V to access PUBLIC and LEAVE
[23:09:19] [main/DEBUG]: Skipping Lnet/minecraft/world/level/block/WeatheringCopperStairBlock;
[23:09:19] [main/DEBUG]: Skipping Lnet/minecraft/world/level/block/WeatheringCopperSlabBlock;
[23:09:19] [main/DEBUG]: Transforming class Lnet/minecraft/world/level/block/WeatheringCopperGrateBlock;
[23:09:19] [main/DEBUG]: Transforming net/minecraft/world/level/block/WeatheringCopperGrateBlock METHOD <init>(Lnet/minecraft/world/level/block/WeatheringCopper$WeatherState;Lnet/minecraft/world/level/block/state/BlockBehaviour$Properties;)V to access PUBLIC and LEAVE
[23:09:19] [main/DEBUG]: Skipping Lnet/minecraft/world/level/block/WeatheringCopperFullBlock;
[23:09:19] [main/DEBUG]: Transforming class Lnet/minecraft/world/level/block/WeatheringCopperDoorBlock;
[23:09:19] [main/DEBUG]: Transforming net/minecraft/world/level/block/WeatheringCopperDoorBlock METHOD <init>(Lnet/minecraft/world/level/block/state/properties/BlockSetType;Lnet/minecraft/world/level/block/WeatheringCopper$WeatherState;Lnet/minecraft/world/level/block/state/BlockBehaviour$Properties;)V to access PUBLIC and LEAVE
[23:09:19] [main/DEBUG]: Skipping Lnet/minecraft/world/level/block/WeatheringCopperBulbBlock;
[23:09:19] [main/DEBUG]: Skipping Lnet/minecraft/world/level/block/WeatheringCopper;
[23:09:19] [main/DEBUG]: Skipping Lnet/minecraft/world/level/block/WeatheringCopper$WeatherState;
[23:09:19] [main/DEBUG]: Transforming class Lnet/minecraft/world/level/block/WaterloggedTransparentBlock;
[23:09:19] [main/DEBUG]: Transforming net/minecraft/world/level/block/WaterloggedTransparentBlock METHOD <init>(Lnet/minecraft/world/level/block/state/BlockBehaviour$Properties;)V to access PUBLIC and LEAVE
[23:09:19] [main/DEBUG]: Transforming class Lnet/minecraft/world/level/block/WaterlilyBlock;
[23:09:19] [main/DEBUG]: Transforming net/minecraft/world/level/block/WaterlilyBlock METHOD <init>(Lnet/minecraft/world/level/block/state/BlockBehaviour$Properties;)V to access PUBLIC and LEAVE
[23:09:19] [main/DEBUG]: Transforming class Lnet/minecraft/world/level/block/WallTorchBlock;
[23:09:19] [main/DEBUG]: Transforming net/minecraft/world/level/block/WallTorchBlock METHOD <init>(Lnet/minecraft/core/particles/SimpleParticleType;Lnet/minecraft/world/level/block/state/BlockBehaviour$Properties;)V to access PUBLIC and LEAVE
[23:09:19] [main/DEBUG]: Transforming class Lnet/minecraft/world/level/block/WallSkullBlock;
[23:09:19] [main/DEBUG]: Transforming net/minecraft/world/level/block/WallSkullBlock METHOD <init>(Lnet/minecraft/world/level/block/SkullBlock$Type;Lnet/minecraft/world/level/block/state/BlockBehaviour$Properties;)V to access PUBLIC and LEAVE
[23:09:19] [main/DEBUG]: Skipping Lnet/minecraft/world/level/block/WallSignBlock;
[23:09:19] [main/DEBUG]: Skipping Lnet/minecraft/world/level/block/WallHangingSignBlock;
[23:09:19] [main/DEBUG]: Skipping Lnet/minecraft/world/level/block/WallHangingSignBlock$1;
[23:09:19] [main/DEBUG]: Skipping Lnet/minecraft/world/level/block/WallBlock;
[23:09:19] [main/DEBUG]: Skipping Lnet/minecraft/world/level/block/WallBlock$1;
[23:09:19] [main/DEBUG]: Skipping Lnet/minecraft/world/level/block/WallBannerBlock;
[23:09:19] [main/DEBUG]: Skipping Lnet/minecraft/world/level/block/VaultBlock;
[23:09:19] [main/DEBUG]: Skipping Lnet/minecraft/world/level/block/TwistingVinesPlantBlock;
[23:09:19] [main/DEBUG]: Skipping Lnet/minecraft/world/level/block/TwistingVinesBlock;
[23:09:19] [main/DEBUG]: Skipping Lnet/minecraft/world/level/block/TrialSpawnerBlock;
[23:09:19] [main/DEBUG]: Skipping Lnet/minecraft/world/level/block/TrappedChestBlock;
[23:09:19] [main/DEBUG]: Transforming class Lnet/minecraft/world/level/block/TransparentBlock;
[23:09:19] [main/DEBUG]: Transforming net/minecraft/world/level/block/TransparentBlock METHOD <init>(Lnet/minecraft/world/level/block/state/BlockBehaviour$Properties;)V to access PUBLIC and LEAVE
[23:09:19] [main/DEBUG]: Skipping Lnet/minecraft/world/level/block/TorchflowerCropBlock;
[23:09:19] [main/DEBUG]: Transforming class Lnet/minecraft/world/level/block/TorchBlock;
[23:09:19] [main/DEBUG]: Transforming net/minecraft/world/level/block/TorchBlock METHOD <init>(Lnet/minecraft/core/particles/SimpleParticleType;Lnet/minecraft/world/level/block/state/BlockBehaviour$Properties;)V to access PUBLIC and LEAVE
[23:09:19] [main/DEBUG]: Skipping Lnet/minecraft/world/level/block/TintedGlassBlock;
[23:09:19] [main/DEBUG]: Skipping Lnet/minecraft/world/level/block/TargetBlock;
[23:09:19] [main/DEBUG]: Skipping Lnet/minecraft/world/level/block/TallSeagrassBlock;
[23:09:19] [main/DEBUG]: Skipping Lnet/minecraft/world/level/block/TallFlowerBlock;
[23:09:19] [main/DEBUG]: Skipping Lnet/minecraft/world/level/block/SuspiciousEffectHolder;
[23:09:19] [main/DEBUG]: Skipping Lnet/minecraft/world/level/block/SupportType;
[23:09:19] [main/DEBUG]: Skipping Lnet/minecraft/world/level/block/SupportType$3;
[23:09:19] [main/DEBUG]: Skipping Lnet/minecraft/world/level/block/SupportType$2;
[23:09:19] [main/DEBUG]: Skipping Lnet/minecraft/world/level/block/SupportType$1;
[23:09:19] [main/DEBUG]: Transforming class Lnet/minecraft/world/level/block/StructureVoidBlock;
[23:09:19] [main/DEBUG]: Transforming net/minecraft/world/level/block/StructureVoidBlock METHOD <init>(Lnet/minecraft/world/level/block/state/BlockBehaviour$Properties;)V to access PUBLIC and LEAVE
[23:09:19] [main/DEBUG]: Transforming class Lnet/minecraft/world/level/block/StructureBlock;
[23:09:19] [main/DEBUG]: Transforming net/minecraft/world/level/block/StructureBlock METHOD <init>(Lnet/minecraft/world/level/block/state/BlockBehaviour$Properties;)V to access PUBLIC and LEAVE
[23:09:19] [main/DEBUG]: Skipping Lnet/minecraft/world/level/block/StructureBlock$1;
[23:09:19] [main/DEBUG]: Skipping Lnet/minecraft/world/level/block/StonecutterBlock;
[23:09:19] [main/DEBUG]: Skipping Lnet/minecraft/world/level/block/StandingSignBlock;
[23:09:19] [main/DEBUG]: Transforming class Lnet/minecraft/world/level/block/StairBlock;
[23:09:19] [main/DEBUG]: Transforming net/minecraft/world/level/block/StairBlock METHOD <init>(Lnet/minecraft/world/level/block/state/BlockState;Lnet/minecraft/world/level/block/state/BlockBehaviour$Properties;)V to access PUBLIC and LEAVE
[23:09:19] [main/DEBUG]: Skipping Lnet/minecraft/world/level/block/StairBlock$1;
[23:09:19] [main/DEBUG]: Skipping Lnet/minecraft/world/level/block/StainedGlassPaneBlock;
[23:09:19] [main/DEBUG]: Skipping Lnet/minecraft/world/level/block/StainedGlassBlock;
[23:09:19] [main/DEBUG]: Skipping Lnet/minecraft/world/level/block/SporeBlossomBlock;
[23:09:19] [main/DEBUG]: Skipping Lnet/minecraft/world/level/block/SoulSandBlock;
[23:09:19] [main/DEBUG]: Skipping Lnet/minecraft/world/level/block/SoulFireBlock;
[23:09:19] [main/DEBUG]: Transforming class Lnet/minecraft/world/level/block/SnowyDirtBlock;
[23:09:19] [main/DEBUG]: Transforming net/minecraft/world/level/block/SnowyDirtBlock METHOD <init>(Lnet/minecraft/world/level/block/state/BlockBehaviour$Properties;)V to access PUBLIC and LEAVE
[23:09:19] [main/DEBUG]: Transforming class Lnet/minecraft/world/level/block/SnowLayerBlock;
[23:09:19] [main/DEBUG]: Transforming net/minecraft/world/level/block/SnowLayerBlock METHOD <init>(Lnet/minecraft/world/level/block/state/BlockBehaviour$Properties;)V to access PUBLIC and LEAVE
[23:09:19] [main/DEBUG]: Skipping Lnet/minecraft/world/level/block/SnowLayerBlock$1;
[23:09:19] [main/DEBUG]: Skipping Lnet/minecraft/world/level/block/SnifferEggBlock;
[23:09:19] [main/DEBUG]: Transforming class Lnet/minecraft/world/level/block/SmokerBlock;
[23:09:19] [main/DEBUG]: Transforming net/minecraft/world/level/block/SmokerBlock METHOD <init>(Lnet/minecraft/world/level/block/state/BlockBehaviour$Properties;)V to access PUBLIC and LEAVE
[23:09:19] [main/DEBUG]: Transforming class Lnet/minecraft/world/level/block/SmithingTableBlock;
[23:09:19] [main/DEBUG]: Transforming net/minecraft/world/level/block/SmithingTableBlock METHOD <init>(Lnet/minecraft/world/level/block/state/BlockBehaviour$Properties;)V to access PUBLIC and LEAVE
[23:09:19] [main/DEBUG]: Skipping Lnet/minecraft/world/level/block/SmallDripleafBlock;
[23:09:19] [main/DEBUG]: Skipping Lnet/minecraft/world/level/block/SlimeBlock;
[23:09:19] [main/DEBUG]: Skipping Lnet/minecraft/world/level/block/SlabBlock;
[23:09:19] [main/DEBUG]: Skipping Lnet/minecraft/world/level/block/SlabBlock$1;
[23:09:19] [main/DEBUG]: Transforming class Lnet/minecraft/world/level/block/SkullBlock;
[23:09:19] [main/DEBUG]: Transforming net/minecraft/world/level/block/SkullBlock METHOD <init>(Lnet/minecraft/world/level/block/SkullBlock$Type;Lnet/minecraft/world/level/block/state/BlockBehaviour$Properties;)V to access PUBLIC and LEAVE
[23:09:19] [main/DEBUG]: Skipping Lnet/minecraft/world/level/block/SkullBlock$Types;
[23:09:19] [main/DEBUG]: Skipping Lnet/minecraft/world/level/block/SkullBlock$Type;
[23:09:19] [main/DEBUG]: Skipping Lnet/minecraft/world/level/block/SimpleWaterloggedBlock;
[23:09:19] [main/DEBUG]: Skipping Lnet/minecraft/world/level/block/SignBlock;
[23:09:19] [main/DEBUG]: Skipping Lnet/minecraft/world/level/block/ShulkerBoxBlock;
[23:09:19] [main/DEBUG]: Skipping Lnet/minecraft/world/level/block/ShulkerBoxBlock$1;
[23:09:19] [main/DEBUG]: Transforming class Lnet/minecraft/world/level/block/SeaPickleBlock;
[23:09:19] [main/DEBUG]: Transforming net/minecraft/world/level/block/SeaPickleBlock METHOD <init>(Lnet/minecraft/world/level/block/state/BlockBehaviour$Properties;)V to access PUBLIC and LEAVE
[23:09:19] [main/DEBUG]: Skipping Lnet/minecraft/world/level/block/SculkVeinBlock;
[23:09:19] [main/DEBUG]: Skipping Lnet/minecraft/world/level/block/SculkVeinBlock$SculkVeinSpreaderConfig;
[23:09:19] [main/DEBUG]: Skipping Lnet/minecraft/world/level/block/SculkSpreader;
[23:09:19] [main/DEBUG]: Skipping Lnet/minecraft/world/level/block/SculkSpreader$ChargeCursor;
[23:09:19] [main/DEBUG]: Skipping Lnet/minecraft/world/level/block/SculkBlock;
[23:09:19] [main/DEBUG]: Skipping Lnet/minecraft/world/level/block/SculkBehaviour;
[23:09:19] [main/DEBUG]: Skipping Lnet/minecraft/world/level/block/SculkBehaviour$1;
[23:09:19] [main/DEBUG]: Transforming class Lnet/minecraft/world/level/block/ScaffoldingBlock;
[23:09:19] [main/DEBUG]: Transforming net/minecraft/world/level/block/ScaffoldingBlock METHOD <init>(Lnet/minecraft/world/level/block/state/BlockBehaviour$Properties;)V to access PUBLIC and LEAVE
[23:09:19] [main/DEBUG]: Skipping Lnet/minecraft/world/level/block/Rotation;
[23:09:19] [main/DEBUG]: Skipping Lnet/minecraft/world/level/block/RotatedPillarBlock;
[23:09:19] [main/DEBUG]: Skipping Lnet/minecraft/world/level/block/RotatedPillarBlock$1;
[23:09:19] [main/DEBUG]: Transforming class Lnet/minecraft/world/level/block/RootsBlock;
[23:09:19] [main/DEBUG]: Transforming net/minecraft/world/level/block/RootsBlock METHOD <init>(Lnet/minecraft/world/level/block/state/BlockBehaviour$Properties;)V to access PUBLIC and LEAVE
[23:09:19] [main/DEBUG]: Skipping Lnet/minecraft/world/level/block/RootedDirtBlock;
[23:09:19] [main/DEBUG]: Skipping Lnet/minecraft/world/level/block/RodBlock;
[23:09:19] [main/DEBUG]: Skipping Lnet/minecraft/world/level/block/RodBlock$1;
[23:09:19] [main/DEBUG]: Skipping Lnet/minecraft/world/level/block/RespawnAnchorBlock;
[23:09:19] [main/DEBUG]: Skipping Lnet/minecraft/world/level/block/RespawnAnchorBlock$1;
[23:09:19] [main/DEBUG]: Transforming class Lnet/minecraft/world/level/block/RepeaterBlock;
[23:09:19] [main/DEBUG]: Transforming net/minecraft/world/level/block/RepeaterBlock METHOD <init>(Lnet/minecraft/world/level/block/state/BlockBehaviour$Properties;)V to access PUBLIC and LEAVE
[23:09:19] [main/DEBUG]: Skipping Lnet/minecraft/world/level/block/RenderShape;
[23:09:19] [main/DEBUG]: Transforming class Lnet/minecraft/world/level/block/RedstoneWallTorchBlock;
[23:09:19] [main/DEBUG]: Transforming net/minecraft/world/level/block/RedstoneWallTorchBlock METHOD <init>(Lnet/minecraft/world/level/block/state/BlockBehaviour$Properties;)V to access PUBLIC and LEAVE
[23:09:19] [main/DEBUG]: Transforming class Lnet/minecraft/world/level/block/RedstoneTorchBlock;
[23:09:19] [main/DEBUG]: Transforming net/minecraft/world/level/block/RedstoneTorchBlock METHOD <init>(Lnet/minecraft/world/level/block/state/BlockBehaviour$Properties;)V to access PUBLIC and LEAVE
[23:09:19] [main/DEBUG]: Skipping Lnet/minecraft/world/level/block/RedstoneTorchBlock$Toggle;
[23:09:19] [main/DEBUG]: Skipping Lnet/minecraft/world/level/block/RedstoneLampBlock;
[23:09:19] [main/DEBUG]: Transforming class Lnet/minecraft/world/level/block/RailBlock;
[23:09:19] [main/DEBUG]: Transforming net/minecraft/world/level/block/RailBlock METHOD <init>(Lnet/minecraft/world/level/block/state/BlockBehaviour$Properties;)V to access PUBLIC and LEAVE
[23:09:19] [main/DEBUG]: Skipping Lnet/minecraft/world/level/block/RailBlock$1;
[23:09:19] [main/DEBUG]: Transforming class Lnet/minecraft/world/level/block/PressurePlateBlock;
[23:09:19] [main/DEBUG]: Transforming net/minecraft/world/level/block/PressurePlateBlock METHOD <init>(Lnet/minecraft/world/level/block/state/properties/BlockSetType;Lnet/minecraft/world/level/block/state/BlockBehaviour$Properties;)V to access PUBLIC and LEAVE
[23:09:19] [main/DEBUG]: Skipping Lnet/minecraft/world/level/block/PressurePlateBlock$1;
[23:09:19] [main/DEBUG]: Skipping Lnet/minecraft/world/level/block/PoweredBlock;
[23:09:19] [main/DEBUG]: Skipping Lnet/minecraft/world/level/block/PotatoBlock;
[23:09:19] [main/DEBUG]: Skipping Lnet/minecraft/world/level/block/Portal;
[23:09:19] [main/DEBUG]: Skipping Lnet/minecraft/world/level/block/Portal$Transition;
[23:09:19] [main/DEBUG]: Skipping Lnet/minecraft/world/level/block/PointedDripstoneBlock;
[23:09:19] [main/DEBUG]: Skipping Lnet/minecraft/world/level/block/PointedDripstoneBlock$FluidInfo;
[23:09:19] [main/DEBUG]: Transforming class Lnet/minecraft/world/level/block/PlayerWallHeadBlock;
[23:09:19] [main/DEBUG]: Transforming net/minecraft/world/level/block/PlayerWallHeadBlock METHOD <init>(Lnet/minecraft/world/level/block/state/BlockBehaviour$Properties;)V to access PUBLIC and LEAVE
[23:09:19] [main/DEBUG]: Transforming class Lnet/minecraft/world/level/block/PlayerHeadBlock;
[23:09:19] [main/DEBUG]: Transforming net/minecraft/world/level/block/PlayerHeadBlock METHOD <init>(Lnet/minecraft/world/level/block/state/BlockBehaviour$Properties;)V to access PUBLIC and LEAVE
[23:09:19] [main/DEBUG]: Skipping Lnet/minecraft/world/level/block/PitcherCropBlock;
[23:09:19] [main/DEBUG]: Skipping Lnet/minecraft/world/level/block/PitcherCropBlock$PosAndState;
[23:09:19] [main/DEBUG]: Skipping Lnet/minecraft/world/level/block/PipeBlock;
[23:09:19] [main/DEBUG]: Transforming class Lnet/minecraft/world/level/block/PinkPetalsBlock;
[23:09:19] [main/DEBUG]: Transforming net/minecraft/world/level/block/PinkPetalsBlock METHOD <init>(Lnet/minecraft/world/level/block/state/BlockBehaviour$Properties;)V to access PUBLIC and LEAVE
[23:09:19] [main/DEBUG]: Skipping Lnet/minecraft/world/level/block/PiglinWallSkullBlock;
[23:09:19] [main/DEBUG]: Skipping Lnet/minecraft/world/level/block/ObserverBlock;
[23:09:19] [main/DEBUG]: Transforming class Lnet/minecraft/world/level/block/NyliumBlock;
[23:09:19] [main/DEBUG]: Transforming net/minecraft/world/level/block/NyliumBlock METHOD <init>(Lnet/minecraft/world/level/block/state/BlockBehaviour$Properties;)V to access PUBLIC and LEAVE
[23:09:19] [main/DEBUG]: Skipping Lnet/minecraft/world/level/block/NetherrackBlock;
[23:09:19] [main/DEBUG]: Skipping Lnet/minecraft/world/level/block/NetherVines;
[23:09:19] [main/DEBUG]: Skipping Lnet/minecraft/world/level/block/NetherSproutsBlock;
[23:09:19] [main/DEBUG]: Skipping Lnet/minecraft/world/level/block/NetherPortalBlock;
[23:09:19] [main/DEBUG]: Skipping Lnet/minecraft/world/level/block/NetherPortalBlock$1;
[23:09:19] [main/DEBUG]: Skipping Lnet/minecraft/world/level/block/MyceliumBlock;
[23:09:19] [main/DEBUG]: Skipping Lnet/minecraft/world/level/block/MultifaceSpreader;
[23:09:19] [main/DEBUG]: Skipping Lnet/minecraft/world/level/block/MultifaceSpreader$SpreadType;
[23:09:19] [main/DEBUG]: Skipping Lnet/minecraft/world/level/block/MultifaceSpreader$SpreadType$3;
[23:09:19] [main/DEBUG]: Skipping Lnet/minecraft/world/level/block/MultifaceSpreader$SpreadType$2;
[23:09:19] [main/DEBUG]: Skipping Lnet/minecraft/world/level/block/MultifaceSpreader$SpreadType$1;
[23:09:19] [main/DEBUG]: Skipping Lnet/minecraft/world/level/block/MultifaceSpreader$SpreadPredicate;
[23:09:19] [main/DEBUG]: Skipping Lnet/minecraft/world/level/block/MultifaceSpreader$SpreadPos;
[23:09:19] [main/DEBUG]: Skipping Lnet/minecraft/world/level/block/MultifaceSpreader$SpreadConfig;
[23:09:19] [main/DEBUG]: Skipping Lnet/minecraft/world/level/block/MultifaceSpreader$DefaultSpreaderConfig;
[23:09:19] [main/DEBUG]: Skipping Lnet/minecraft/world/level/block/MultifaceBlock;
[23:09:19] [main/DEBUG]: Skipping Lnet/minecraft/world/level/block/MudBlock;
[23:09:19] [main/DEBUG]: Skipping Lnet/minecraft/world/level/block/MossBlock;
[23:09:19] [main/DEBUG]: Skipping Lnet/minecraft/world/level/block/Mirror;
[23:09:19] [main/DEBUG]: Transforming class Lnet/minecraft/world/level/block/MangroveRootsBlock;
[23:09:19] [main/DEBUG]: Transforming net/minecraft/world/level/block/MangroveRootsBlock METHOD <init>(Lnet/minecraft/world/level/block/state/BlockBehaviour$Properties;)V to access PUBLIC and LEAVE
[23:09:19] [main/DEBUG]: Skipping Lnet/minecraft/world/level/block/MangrovePropaguleBlock;
[23:09:19] [main/DEBUG]: Skipping Lnet/minecraft/world/level/block/MangroveLeavesBlock;
[23:09:19] [main/DEBUG]: Skipping Lnet/minecraft/world/level/block/MagmaBlock;
[23:09:19] [main/DEBUG]: Transforming class Lnet/minecraft/world/level/block/LoomBlock;
[23:09:19] [main/DEBUG]: Transforming net/minecraft/world/level/block/LoomBlock METHOD <init>(Lnet/minecraft/world/level/block/state/BlockBehaviour$Properties;)V to access PUBLIC and LEAVE
[23:09:19] [main/DEBUG]: Skipping Lnet/minecraft/world/level/block/LiquidBlockContainer;
[23:09:19] [main/DEBUG]: Skipping Lnet/minecraft/world/level/block/LightningRodBlock;
[23:09:19] [main/DEBUG]: Skipping Lnet/minecraft/world/level/block/LightBlock;
[23:09:19] [main/DEBUG]: Transforming class Lnet/minecraft/world/level/block/LeverBlock;
[23:09:19] [main/DEBUG]: Transforming net/minecraft/world/level/block/LeverBlock METHOD <init>(Lnet/minecraft/world/level/block/state/BlockBehaviour$Properties;)V to access PUBLIC and LEAVE
[23:09:19] [main/DEBUG]: Skipping Lnet/minecraft/world/level/block/LeverBlock$1;
[23:09:19] [main/DEBUG]: Skipping Lnet/minecraft/world/level/block/LevelEvent;
[23:09:19] [main/DEBUG]: Transforming class Lnet/minecraft/world/level/block/LecternBlock;
[23:09:19] [main/DEBUG]: Transforming net/minecraft/world/level/block/LecternBlock METHOD <init>(Lnet/minecraft/world/level/block/state/BlockBehaviour$Properties;)V to access PUBLIC and LEAVE
[23:09:19] [main/DEBUG]: Skipping Lnet/minecraft/world/level/block/LecternBlock$1;
[23:09:19] [main/DEBUG]: Skipping Lnet/minecraft/world/level/block/LayeredCauldronBlock;
[23:09:19] [main/DEBUG]: Skipping Lnet/minecraft/world/level/block/LavaCauldronBlock;
[23:09:19] [main/DEBUG]: Skipping Lnet/minecraft/world/level/block/LanternBlock;
[23:09:19] [main/DEBUG]: Transforming class Lnet/minecraft/world/level/block/LadderBlock;
[23:09:19] [main/DEBUG]: Transforming net/minecraft/world/level/block/LadderBlock METHOD <init>(Lnet/minecraft/world/level/block/state/BlockBehaviour$Properties;)V to access PUBLIC and LEAVE
[23:09:19] [main/DEBUG]: Skipping Lnet/minecraft/world/level/block/LadderBlock$1;
[23:09:19] [main/DEBUG]: Transforming class Lnet/minecraft/world/level/block/KelpPlantBlock;
[23:09:19] [main/DEBUG]: Transforming net/minecraft/world/level/block/KelpPlantBlock METHOD <init>(Lnet/minecraft/world/level/block/state/BlockBehaviour$Properties;)V to access PUBLIC and LEAVE
[23:09:19] [main/DEBUG]: Transforming class Lnet/minecraft/world/level/block/KelpBlock;
[23:09:19] [main/DEBUG]: Transforming net/minecraft/world/level/block/KelpBlock METHOD <init>(Lnet/minecraft/world/level/block/state/BlockBehaviour$Properties;)V to access PUBLIC and LEAVE
[23:09:19] [main/DEBUG]: Transforming class Lnet/minecraft/world/level/block/JukeboxBlock;
[23:09:19] [main/DEBUG]: Transforming net/minecraft/world/level/block/JukeboxBlock METHOD <init>(Lnet/minecraft/world/level/block/state/BlockBehaviour$Properties;)V to access PUBLIC and LEAVE
[23:09:19] [main/DEBUG]: Transforming class Lnet/minecraft/world/level/block/JigsawBlock;
[23:09:19] [main/DEBUG]: Transforming net/minecraft/world/level/block/JigsawBlock METHOD <init>(Lnet/minecraft/world/level/block/state/BlockBehaviour$Properties;)V to access PUBLIC and LEAVE
[23:09:19] [main/DEBUG]: Transforming class Lnet/minecraft/world/level/block/IronBarsBlock;
[23:09:19] [main/DEBUG]: Transforming net/minecraft/world/level/block/IronBarsBlock METHOD <init>(Lnet/minecraft/world/level/block/state/BlockBehaviour$Properties;)V to access PUBLIC and LEAVE
[23:09:19] [main/DEBUG]: Skipping Lnet/minecraft/world/level/block/InfestedRotatedPillarBlock;
[23:09:19] [main/DEBUG]: Skipping Lnet/minecraft/world/level/block/InfestedBlock;
[23:09:19] [main/DEBUG]: Skipping Lnet/minecraft/world/level/block/IceBlock;
[23:09:19] [main/DEBUG]: Skipping Lnet/minecraft/world/level/block/HugeMushroomBlock;
[23:09:19] [main/DEBUG]: Skipping Lnet/minecraft/world/level/block/HorizontalDirectionalBlock;
[23:09:19] [main/DEBUG]: Skipping Lnet/minecraft/world/level/block/HopperBlock;
[23:09:19] [main/DEBUG]: Skipping Lnet/minecraft/world/level/block/HopperBlock$1;
[23:09:19] [main/DEBUG]: Skipping Lnet/minecraft/world/level/block/HoneyBlock;
[23:09:19] [main/DEBUG]: Skipping Lnet/minecraft/world/level/block/HeavyCoreBlock;
[23:09:19] [main/DEBUG]: Skipping Lnet/minecraft/world/level/block/HayBlock;
[23:09:19] [main/DEBUG]: Transforming class Lnet/minecraft/world/level/block/HangingRootsBlock;
[23:09:19] [main/DEBUG]: Transforming net/minecraft/world/level/block/HangingRootsBlock METHOD <init>(Lnet/minecraft/world/level/block/state/BlockBehaviour$Properties;)V to access PUBLIC and LEAVE
[23:09:19] [main/DEBUG]: Transforming class Lnet/minecraft/world/level/block/HalfTransparentBlock;
[23:09:19] [main/DEBUG]: Transforming net/minecraft/world/level/block/HalfTransparentBlock METHOD <init>(Lnet/minecraft/world/level/block/state/BlockBehaviour$Properties;)V to access PUBLIC and LEAVE
[23:09:19] [main/DEBUG]: Skipping Lnet/minecraft/world/level/block/GrowingPlantBodyBlock;
[23:09:19] [main/DEBUG]: Skipping Lnet/minecraft/world/level/block/GrowingPlantBlock;
[23:09:19] [main/DEBUG]: Transforming class Lnet/minecraft/world/level/block/GrindstoneBlock;
[23:09:19] [main/DEBUG]: Transforming net/minecraft/world/level/block/GrindstoneBlock METHOD <init>(Lnet/minecraft/world/level/block/state/BlockBehaviour$Properties;)V to access PUBLIC and LEAVE
[23:09:19] [main/DEBUG]: Skipping Lnet/minecraft/world/level/block/GrindstoneBlock$1;
[23:09:19] [main/DEBUG]: Skipping Lnet/minecraft/world/level/block/GrassBlock;
[23:09:19] [main/DEBUG]: Skipping Lnet/minecraft/world/level/block/GlowLichenBlock;
[23:09:19] [main/DEBUG]: Skipping Lnet/minecraft/world/level/block/GlazedTerracottaBlock;
[23:09:19] [main/DEBUG]: Skipping Lnet/minecraft/world/level/block/GameMasterBlock;
[23:09:19] [main/DEBUG]: Transforming class Lnet/minecraft/world/level/block/FurnaceBlock;
[23:09:19] [main/DEBUG]: Transforming net/minecraft/world/level/block/FurnaceBlock METHOD <init>(Lnet/minecraft/world/level/block/state/BlockBehaviour$Properties;)V to access PUBLIC and LEAVE
[23:09:19] [main/DEBUG]: Skipping Lnet/minecraft/world/level/block/FrostedIceBlock;
[23:09:19] [main/DEBUG]: Skipping Lnet/minecraft/world/level/block/FrogspawnBlock;
[23:09:19] [main/DEBUG]: Skipping Lnet/minecraft/world/level/block/FlowerBlock;
[23:09:19] [main/DEBUG]: Transforming class Lnet/minecraft/world/level/block/FletchingTableBlock;
[23:09:19] [main/DEBUG]: Transforming net/minecraft/world/level/block/FletchingTableBlock METHOD <init>(Lnet/minecraft/world/level/block/state/BlockBehaviour$Properties;)V to access PUBLIC and LEAVE
[23:09:19] [main/DEBUG]: Skipping Lnet/minecraft/world/level/block/FenceBlock;
[23:09:19] [main/DEBUG]: Skipping Lnet/minecraft/world/level/block/FallingBlock;
[23:09:19] [main/DEBUG]: Skipping Lnet/minecraft/world/level/block/Fallable;
[23:09:19] [main/DEBUG]: Skipping Lnet/minecraft/world/level/block/FaceAttachedHorizontalDirectionalBlock;
[23:09:19] [main/DEBUG]: Skipping Lnet/minecraft/world/level/block/FaceAttachedHorizontalDirectionalBlock$1;
[23:09:19] [main/DEBUG]: Transforming class Lnet/minecraft/world/level/block/EquipableCarvedPumpkinBlock;
[23:09:19] [main/DEBUG]: Transforming net/minecraft/world/level/block/EquipableCarvedPumpkinBlock METHOD <init>(Lnet/minecraft/world/level/block/state/BlockBehaviour$Properties;)V to access PUBLIC and LEAVE
[23:09:19] [main/DEBUG]: Skipping Lnet/minecraft/world/level/block/EntityBlock;
[23:09:19] [main/DEBUG]: Transforming class Lnet/minecraft/world/level/block/EnderChestBlock;
[23:09:19] [main/DEBUG]: Transforming net/minecraft/world/level/block/EnderChestBlock METHOD <init>(Lnet/minecraft/world/level/block/state/BlockBehaviour$Properties;)V to access PUBLIC and LEAVE
[23:09:19] [main/DEBUG]: Transforming class Lnet/minecraft/world/level/block/EndRodBlock;
[23:09:19] [main/DEBUG]: Transforming net/minecraft/world/level/block/EndRodBlock METHOD <init>(Lnet/minecraft/world/level/block/state/BlockBehaviour$Properties;)V to access PUBLIC and LEAVE
[23:09:19] [main/DEBUG]: Skipping Lnet/minecraft/world/level/block/EndPortalFrameBlock;
[23:09:19] [main/DEBUG]: Transforming class Lnet/minecraft/world/level/block/EndPortalBlock;
[23:09:19] [main/DEBUG]: Transforming net/minecraft/world/level/block/EndPortalBlock METHOD <init>(Lnet/minecraft/world/level/block/state/BlockBehaviour$Properties;)V to access PUBLIC and LEAVE
[23:09:19] [main/DEBUG]: Transforming class Lnet/minecraft/world/level/block/EndGatewayBlock;
[23:09:19] [main/DEBUG]: Transforming net/minecraft/world/level/block/EndGatewayBlock METHOD <init>(Lnet/minecraft/world/level/block/state/BlockBehaviour$Properties;)V to access PUBLIC and LEAVE
[23:09:19] [main/DEBUG]: Skipping Lnet/minecraft/world/level/block/DragonEggBlock;
[23:09:19] [main/DEBUG]: Skipping Lnet/minecraft/world/level/block/DoubleBlockCombiner;
[23:09:19] [main/DEBUG]: Skipping Lnet/minecraft/world/level/block/DoubleBlockCombiner$NeighborCombineResult;
[23:09:19] [main/DEBUG]: Skipping Lnet/minecraft/world/level/block/DoubleBlockCombiner$NeighborCombineResult$Single;
[23:09:19] [main/DEBUG]: Skipping Lnet/minecraft/world/level/block/DoubleBlockCombiner$NeighborCombineResult$Double;
[23:09:19] [main/DEBUG]: Skipping Lnet/minecraft/world/level/block/DoubleBlockCombiner$Combiner;
[23:09:19] [main/DEBUG]: Skipping Lnet/minecraft/world/level/block/DoubleBlockCombiner$BlockType;
[23:09:19] [main/DEBUG]: Transforming class Lnet/minecraft/world/level/block/DoorBlock;
[23:09:19] [main/DEBUG]: Transforming net/minecraft/world/level/block/DoorBlock METHOD <init>(Lnet/minecraft/world/level/block/state/properties/BlockSetType;Lnet/minecraft/world/level/block/state/BlockBehaviour$Properties;)V to access PUBLIC and LEAVE
[23:09:19] [main/DEBUG]: Skipping Lnet/minecraft/world/level/block/DoorBlock$1;
[23:09:19] [main/DEBUG]: Transforming class Lnet/minecraft/world/level/block/DispenserBlock;
[23:09:19] [main/DEBUG]: Transforming net/minecraft/world/level/block/DispenserBlock METHOD <init>(Lnet/minecraft/world/level/block/state/BlockBehaviour$Properties;)V to access PUBLIC and LEAVE
[23:09:19] [main/DEBUG]: Transforming class Lnet/minecraft/world/level/block/DirtPathBlock;
[23:09:19] [main/DEBUG]: Transforming net/minecraft/world/level/block/DirtPathBlock METHOD <init>(Lnet/minecraft/world/level/block/state/BlockBehaviour$Properties;)V to access PUBLIC and LEAVE
[23:09:19] [main/DEBUG]: Skipping Lnet/minecraft/world/level/block/DirectionalBlock;
[23:09:19] [main/DEBUG]: Transforming class Lnet/minecraft/world/level/block/DecoratedPotBlock;
[23:09:19] [main/DEBUG]: Transforming net/minecraft/world/level/block/DecoratedPotBlock METHOD <init>(Lnet/minecraft/world/level/block/state/BlockBehaviour$Properties;)V to access PUBLIC and LEAVE
[23:09:19] [main/DEBUG]: Skipping Lnet/minecraft/world/level/block/DaylightDetectorBlock;
[23:09:19] [main/DEBUG]: Skipping Lnet/minecraft/world/level/block/CryingObsidianBlock;
[23:09:19] [main/DEBUG]: Skipping Lnet/minecraft/world/level/block/CrossCollisionBlock;
[23:09:19] [main/DEBUG]: Skipping Lnet/minecraft/world/level/block/CrossCollisionBlock$1;
[23:09:19] [main/DEBUG]: Transforming class Lnet/minecraft/world/level/block/CraftingTableBlock;
[23:09:19] [main/DEBUG]: Transforming net/minecraft/world/level/block/CraftingTableBlock METHOD <init>(Lnet/minecraft/world/level/block/state/BlockBehaviour$Properties;)V to access PUBLIC and LEAVE
[23:09:19] [main/DEBUG]: Transforming class Lnet/minecraft/world/level/block/CoralWallFanBlock;
[23:09:19] [main/DEBUG]: Transforming net/minecraft/world/level/block/CoralWallFanBlock METHOD <init>(Lnet/minecraft/world/level/block/Block;Lnet/minecraft/world/level/block/state/BlockBehaviour$Properties;)V to access PUBLIC and LEAVE
[23:09:19] [main/DEBUG]: Transforming class Lnet/minecraft/world/level/block/CoralPlantBlock;
[23:09:19] [main/DEBUG]: Transforming net/minecraft/world/level/block/CoralPlantBlock METHOD <init>(Lnet/minecraft/world/level/block/Block;Lnet/minecraft/world/level/block/state/BlockBehaviour$Properties;)V to access PUBLIC and LEAVE
[23:09:19] [main/DEBUG]: Transforming class Lnet/minecraft/world/level/block/CoralFanBlock;
[23:09:19] [main/DEBUG]: Transforming net/minecraft/world/level/block/CoralFanBlock METHOD <init>(Lnet/minecraft/world/level/block/Block;Lnet/minecraft/world/level/block/state/BlockBehaviour$Properties;)V to access PUBLIC and LEAVE
[23:09:19] [main/DEBUG]: Skipping Lnet/minecraft/world/level/block/CopperBulbBlock;
[23:09:19] [main/DEBUG]: Skipping Lnet/minecraft/world/level/block/ConduitBlock;
[23:09:19] [main/DEBUG]: Skipping Lnet/minecraft/world/level/block/ComposterBlock;
[23:09:19] [main/DEBUG]: Skipping Lnet/minecraft/world/level/block/ComposterBlock$OutputContainer;
[23:09:19] [main/DEBUG]: Skipping Lnet/minecraft/world/level/block/ComposterBlock$InputContainer;
[23:09:19] [main/DEBUG]: Skipping Lnet/minecraft/world/level/block/ComposterBlock$EmptyContainer;
[23:09:19] [main/DEBUG]: Skipping Lnet/minecraft/world/level/block/CommandBlock;
[23:09:19] [main/DEBUG]: Skipping Lnet/minecraft/world/level/block/ColoredFallingBlock;
[23:09:19] [main/DEBUG]: Skipping Lnet/minecraft/world/level/block/ChiseledBookShelfBlock;
[23:09:19] [main/DEBUG]: Skipping Lnet/minecraft/world/level/block/ChiseledBookShelfBlock$1;
[23:09:19] [main/DEBUG]: Skipping Lnet/minecraft/world/level/block/CherryLeavesBlock;
[23:09:19] [main/DEBUG]: Skipping Lnet/minecraft/world/level/block/ChangeOverTimeBlock;
[23:09:19] [main/DEBUG]: Skipping Lnet/minecraft/world/level/block/ChainBlock;
[23:09:19] [main/DEBUG]: Skipping Lnet/minecraft/world/level/block/ChainBlock$1;
[23:09:19] [main/DEBUG]: Skipping Lnet/minecraft/world/level/block/CeilingHangingSignBlock;
[23:09:19] [main/DEBUG]: Skipping Lnet/minecraft/world/level/block/CaveVinesPlantBlock;
[23:09:19] [main/DEBUG]: Skipping Lnet/minecraft/world/level/block/CaveVinesBlock;
[23:09:19] [main/DEBUG]: Skipping Lnet/minecraft/world/level/block/CaveVines;
[23:09:19] [main/DEBUG]: Skipping Lnet/minecraft/world/level/block/CauldronBlock;
[23:09:19] [main/DEBUG]: Transforming class Lnet/minecraft/world/level/block/CarvedPumpkinBlock;
[23:09:19] [main/DEBUG]: Transforming net/minecraft/world/level/block/CarvedPumpkinBlock METHOD <init>(Lnet/minecraft/world/level/block/state/BlockBehaviour$Properties;)V to access PUBLIC and LEAVE
[23:09:19] [main/DEBUG]: Transforming class Lnet/minecraft/world/level/block/CartographyTableBlock;
[23:09:19] [main/DEBUG]: Transforming net/minecraft/world/level/block/CartographyTableBlock METHOD <init>(Lnet/minecraft/world/level/block/state/BlockBehaviour$Properties;)V to access PUBLIC and LEAVE
[23:09:19] [main/DEBUG]: Skipping Lnet/minecraft/world/level/block/CarrotBlock;
[23:09:19] [main/DEBUG]: Skipping Lnet/minecraft/world/level/block/CarpetBlock;
[23:09:19] [main/DEBUG]: Transforming class Lnet/minecraft/world/level/block/CandleCakeBlock;
[23:09:19] [main/DEBUG]: Transforming net/minecraft/world/level/block/CandleCakeBlock METHOD <init>(Lnet/minecraft/world/level/block/Block;Lnet/minecraft/world/level/block/state/BlockBehaviour$Properties;)V to access PUBLIC and LEAVE
[23:09:19] [main/DEBUG]: Skipping Lnet/minecraft/world/level/block/CandleBlock;
[23:09:19] [main/DEBUG]: Skipping Lnet/minecraft/world/level/block/CalibratedSculkSensorBlock;
[23:09:19] [main/DEBUG]: Transforming class Lnet/minecraft/world/level/block/CakeBlock;
[23:09:19] [main/DEBUG]: Transforming net/minecraft/world/level/block/CakeBlock METHOD <init>(Lnet/minecraft/world/level/block/state/BlockBehaviour$Properties;)V to access PUBLIC and LEAVE
[23:09:19] [main/DEBUG]: Transforming class Lnet/minecraft/world/level/block/ButtonBlock;
[23:09:19] [main/DEBUG]: Transforming net/minecraft/world/level/block/ButtonBlock METHOD <init>(Lnet/minecraft/world/level/block/state/properties/BlockSetType;ILnet/minecraft/world/level/block/state/BlockBehaviour$Properties;)V to access PUBLIC and LEAVE
[23:09:19] [main/DEBUG]: Skipping Lnet/minecraft/world/level/block/ButtonBlock$1;
[23:09:19] [main/DEBUG]: Skipping Lnet/minecraft/world/level/block/BuddingAmethystBlock;
[23:09:19] [main/DEBUG]: Skipping Lnet/minecraft/world/level/block/BubbleColumnBlock;
[23:09:19] [main/DEBUG]: Skipping Lnet/minecraft/world/level/block/BrushableBlock;
[23:09:19] [main/DEBUG]: Skipping Lnet/minecraft/world/level/block/BrewingStandBlock;
[23:09:19] [main/DEBUG]: Skipping Lnet/minecraft/world/level/block/BonemealableBlock;
[23:09:19] [main/DEBUG]: Skipping Lnet/minecraft/world/level/block/BonemealableBlock$Type;
[23:09:19] [main/DEBUG]: Skipping Lnet/minecraft/world/level/block/BlockTypes;
[23:09:19] [main/DEBUG]: Transforming class Lnet/minecraft/world/level/block/BlastFurnaceBlock;
[23:09:19] [main/DEBUG]: Transforming net/minecraft/world/level/block/BlastFurnaceBlock METHOD <init>(Lnet/minecraft/world/level/block/state/BlockBehaviour$Properties;)V to access PUBLIC and LEAVE
[23:09:19] [main/DEBUG]: Transforming class Lnet/minecraft/world/level/block/BigDripleafStemBlock;
[23:09:19] [main/DEBUG]: Transforming net/minecraft/world/level/block/BigDripleafStemBlock METHOD <init>(Lnet/minecraft/world/level/block/state/BlockBehaviour$Properties;)V to access PUBLIC and LEAVE
[23:09:19] [main/DEBUG]: Skipping Lnet/minecraft/world/level/block/BigDripleafStemBlock$1;
[23:09:19] [main/DEBUG]: Transforming class Lnet/minecraft/world/level/block/BigDripleafBlock;
[23:09:19] [main/DEBUG]: Transforming net/minecraft/world/level/block/BigDripleafBlock METHOD <init>(Lnet/minecraft/world/level/block/state/BlockBehaviour$Properties;)V to access PUBLIC and LEAVE
[23:09:19] [main/DEBUG]: Skipping Lnet/minecraft/world/level/block/BellBlock;
[23:09:19] [main/DEBUG]: Skipping Lnet/minecraft/world/level/block/BellBlock$1;
[23:09:19] [main/DEBUG]: Skipping Lnet/minecraft/world/level/block/BeetrootBlock;
[23:09:19] [main/DEBUG]: Skipping Lnet/minecraft/world/level/block/BedBlock;
[23:09:19] [main/DEBUG]: Skipping Lnet/minecraft/world/level/block/BedBlock$1;
[23:09:19] [main/DEBUG]: Skipping Lnet/minecraft/world/level/block/BeaconBlock;
[23:09:19] [main/DEBUG]: Skipping Lnet/minecraft/world/level/block/BeaconBeamBlock;
[23:09:19] [main/DEBUG]: Skipping Lnet/minecraft/world/level/block/BaseTorchBlock;
[23:09:19] [main/DEBUG]: Skipping Lnet/minecraft/world/level/block/BasePressurePlateBlock;
[23:09:19] [main/DEBUG]: Skipping Lnet/minecraft/world/level/block/BaseEntityBlock;
[23:09:19] [main/DEBUG]: Transforming class Lnet/minecraft/world/level/block/BaseCoralWallFanBlock;
[23:09:19] [main/DEBUG]: Transforming net/minecraft/world/level/block/BaseCoralWallFanBlock METHOD <init>(Lnet/minecraft/world/level/block/state/BlockBehaviour$Properties;)V to access PUBLIC and LEAVE
[23:09:19] [main/DEBUG]: Skipping Lnet/minecraft/world/level/block/BaseCoralPlantTypeBlock;
[23:09:19] [main/DEBUG]: Transforming class Lnet/minecraft/world/level/block/BaseCoralPlantBlock;
[23:09:19] [main/DEBUG]: Transforming net/minecraft/world/level/block/BaseCoralPlantBlock METHOD <init>(Lnet/minecraft/world/level/block/state/BlockBehaviour$Properties;)V to access PUBLIC and LEAVE
[23:09:19] [main/DEBUG]: Transforming class Lnet/minecraft/world/level/block/BaseCoralFanBlock;
[23:09:19] [main/DEBUG]: Transforming net/minecraft/world/level/block/BaseCoralFanBlock METHOD <init>(Lnet/minecraft/world/level/block/state/BlockBehaviour$Properties;)V to access PUBLIC and LEAVE
[23:09:19] [main/DEBUG]: Transforming class Lnet/minecraft/world/level/block/BarrierBlock;
[23:09:19] [main/DEBUG]: Transforming net/minecraft/world/level/block/BarrierBlock METHOD <init>(Lnet/minecraft/world/level/block/state/BlockBehaviour$Properties;)V to access PUBLIC and LEAVE
[23:09:19] [main/DEBUG]: Skipping Lnet/minecraft/world/level/block/BarrelBlock;
[23:09:19] [main/DEBUG]: Skipping Lnet/minecraft/world/level/block/BannerBlock;
[23:09:19] [main/DEBUG]: Transforming class Lnet/minecraft/world/level/block/AzaleaBlock;
[23:09:19] [main/DEBUG]: Transforming net/minecraft/world/level/block/AzaleaBlock METHOD <init>(Lnet/minecraft/world/level/block/state/BlockBehaviour$Properties;)V to access PUBLIC and LEAVE
[23:09:19] [main/DEBUG]: Transforming class Lnet/minecraft/world/level/block/AttachedStemBlock;
[23:09:19] [main/DEBUG]: Transforming net/minecraft/world/level/block/AttachedStemBlock METHOD <init>(Lnet/minecraft/resources/ResourceKey;Lnet/minecraft/resources/ResourceKey;Lnet/minecraft/resources/ResourceKey;Lnet/minecraft/world/level/block/state/BlockBehaviour$Properties;)V to access PUBLIC and LEAVE
[23:09:19] [main/DEBUG]: Skipping Lnet/minecraft/world/level/block/AnvilBlock;
[23:09:19] [main/DEBUG]: Skipping Lnet/minecraft/world/level/block/AmethystClusterBlock;
[23:09:19] [main/DEBUG]: Skipping Lnet/minecraft/world/level/block/AmethystClusterBlock$1;
[23:09:19] [main/DEBUG]: Skipping Lnet/minecraft/world/level/block/AmethystBlock;
[23:09:19] [main/DEBUG]: Skipping Lnet/minecraft/world/level/block/AirBlock;
[23:09:19] [main/DEBUG]: Skipping Lnet/minecraft/world/level/block/AbstractSkullBlock;
[23:09:19] [main/DEBUG]: Skipping Lnet/minecraft/world/level/block/AbstractFurnaceBlock;
[23:09:19] [main/DEBUG]: Skipping Lnet/minecraft/world/level/block/AbstractChestBlock;
[23:09:19] [main/DEBUG]: Skipping Lnet/minecraft/world/level/block/AbstractCauldronBlock;
[23:09:19] [main/DEBUG]: Skipping Lnet/minecraft/world/level/block/AbstractCandleBlock;
[23:09:19] [main/DEBUG]: Skipping Lnet/minecraft/world/level/block/AbstractBannerBlock;
[23:09:19] [main/DEBUG]: Skipping Lnet/minecraft/world/level/block/WebBlock;
[23:09:19] [main/DEBUG]: Skipping Lnet/minecraft/world/level/block/VineBlock;
[23:09:19] [main/DEBUG]: Skipping Lnet/minecraft/world/level/block/VineBlock$1;
[23:09:19] [main/DEBUG]: Skipping Lnet/minecraft/world/level/block/TurtleEggBlock;
[23:09:19] [main/DEBUG]: Skipping Lnet/minecraft/world/level/block/TripWireHookBlock;
[23:09:19] [main/DEBUG]: Skipping Lnet/minecraft/world/level/block/TripWireHookBlock$1;
[23:09:19] [main/DEBUG]: Skipping Lnet/minecraft/world/level/block/TripWireBlock;
[23:09:19] [main/DEBUG]: Skipping Lnet/minecraft/world/level/block/TripWireBlock$1;
[23:09:19] [main/DEBUG]: Transforming class Lnet/minecraft/world/level/block/TrapDoorBlock;
[23:09:19] [main/DEBUG]: Transforming net/minecraft/world/level/block/TrapDoorBlock METHOD <init>(Lnet/minecraft/world/level/block/state/properties/BlockSetType;Lnet/minecraft/world/level/block/state/BlockBehaviour$Properties;)V to access PUBLIC and LEAVE
[23:09:19] [main/DEBUG]: Skipping Lnet/minecraft/world/level/block/TrapDoorBlock$1;
[23:09:19] [main/DEBUG]: Skipping Lnet/minecraft/world/level/block/TntBlock;
[23:09:19] [main/DEBUG]: Transforming class Lnet/minecraft/world/level/block/TallGrassBlock;
[23:09:19] [main/DEBUG]: Transforming net/minecraft/world/level/block/TallGrassBlock METHOD <init>(Lnet/minecraft/world/level/block/state/BlockBehaviour$Properties;)V to access PUBLIC and LEAVE
[23:09:19] [main/DEBUG]: Skipping Lnet/minecraft/world/level/block/SweetBerryBushBlock;
[23:09:19] [main/DEBUG]: Transforming class Lnet/minecraft/world/level/block/SugarCaneBlock;
[23:09:19] [main/DEBUG]: Transforming net/minecraft/world/level/block/SugarCaneBlock METHOD <init>(Lnet/minecraft/world/level/block/state/BlockBehaviour$Properties;)V to access PUBLIC and LEAVE
[23:09:19] [main/DEBUG]: Transforming class Lnet/minecraft/world/level/block/StemBlock;
[23:09:19] [main/DEBUG]: Transforming net/minecraft/world/level/block/StemBlock METHOD <init>(Lnet/minecraft/resources/ResourceKey;Lnet/minecraft/resources/ResourceKey;Lnet/minecraft/resources/ResourceKey;Lnet/minecraft/world/level/block/state/BlockBehaviour$Properties;)V to access PUBLIC and LEAVE
[23:09:19] [main/DEBUG]: Skipping Lnet/minecraft/world/level/block/SpreadingSnowyDirtBlock;
[23:09:19] [main/DEBUG]: Transforming class Lnet/minecraft/world/level/block/SpongeBlock;
[23:09:19] [main/DEBUG]: Transforming net/minecraft/world/level/block/SpongeBlock METHOD <init>(Lnet/minecraft/world/level/block/state/BlockBehaviour$Properties;)V to access PUBLIC and LEAVE
[23:09:19] [main/DEBUG]: Transforming class Lnet/minecraft/world/level/block/SpawnerBlock;
[23:09:19] [main/DEBUG]: Transforming net/minecraft/world/level/block/SpawnerBlock METHOD <init>(Lnet/minecraft/world/level/block/state/BlockBehaviour$Properties;)V to access PUBLIC and LEAVE
[23:09:19] [main/DEBUG]: Skipping Lnet/minecraft/world/level/block/SoundType;
[23:09:19] [main/DEBUG]: Transforming class Lnet/minecraft/world/level/block/SeagrassBlock;
[23:09:19] [main/DEBUG]: Transforming net/minecraft/world/level/block/SeagrassBlock METHOD <init>(Lnet/minecraft/world/level/block/state/BlockBehaviour$Properties;)V to access PUBLIC and LEAVE
[23:09:19] [main/DEBUG]: Skipping Lnet/minecraft/world/level/block/SculkShriekerBlock;
[23:09:19] [main/DEBUG]: Skipping Lnet/minecraft/world/level/block/SculkSensorBlock;
[23:09:19] [main/DEBUG]: Skipping Lnet/minecraft/world/level/block/SculkCatalystBlock;
[23:09:19] [main/DEBUG]: Transforming class Lnet/minecraft/world/level/block/SaplingBlock;
[23:09:19] [main/DEBUG]: Transforming net/minecraft/world/level/block/SaplingBlock METHOD <init>(Lnet/minecraft/world/level/block/grower/TreeGrower;Lnet/minecraft/world/level/block/state/BlockBehaviour$Properties;)V to access PUBLIC and LEAVE
[23:09:19] [main/DEBUG]: Skipping Lnet/minecraft/world/level/block/RedStoneWireBlock;
[23:09:19] [main/DEBUG]: Skipping Lnet/minecraft/world/level/block/RedStoneWireBlock$1;
[23:09:19] [main/DEBUG]: Skipping Lnet/minecraft/world/level/block/RedStoneOreBlock;
[23:09:19] [main/DEBUG]: Skipping Lnet/minecraft/world/level/block/RailState;
[23:09:19] [main/DEBUG]: Skipping Lnet/minecraft/world/level/block/RailState$1;
[23:09:19] [main/DEBUG]: Transforming class Lnet/minecraft/world/level/block/PumpkinBlock;
[23:09:19] [main/DEBUG]: Transforming net/minecraft/world/level/block/PumpkinBlock METHOD <init>(Lnet/minecraft/world/level/block/state/BlockBehaviour$Properties;)V to access PUBLIC and LEAVE
[23:09:19] [main/DEBUG]: Transforming class Lnet/minecraft/world/level/block/PoweredRailBlock;
[23:09:19] [main/DEBUG]: Transforming net/minecraft/world/level/block/PoweredRailBlock METHOD <init>(Lnet/minecraft/world/level/block/state/BlockBehaviour$Properties;)V to access PUBLIC and LEAVE
[23:09:19] [main/DEBUG]: Skipping Lnet/minecraft/world/level/block/PoweredRailBlock$1;
[23:09:19] [main/DEBUG]: Skipping Lnet/minecraft/world/level/block/PowderSnowBlock;
[23:09:19] [main/DEBUG]: Skipping Lnet/minecraft/world/level/block/NoteBlock;
[23:09:19] [main/DEBUG]: Transforming class Lnet/minecraft/world/level/block/NetherWartBlock;
[23:09:19] [main/DEBUG]: Transforming net/minecraft/world/level/block/NetherWartBlock METHOD <init>(Lnet/minecraft/world/level/block/state/BlockBehaviour$Properties;)V to access PUBLIC and LEAVE
[23:09:19] [main/DEBUG]: Skipping Lnet/minecraft/world/level/block/MushroomBlock;
[23:09:19] [main/DEBUG]: Transforming class Lnet/minecraft/world/level/block/LiquidBlock;
[23:09:19] [main/DEBUG]: Transforming net/minecraft/world/level/block/LiquidBlock METHOD <init>(Lnet/minecraft/world/level/material/FlowingFluid;Lnet/minecraft/world/level/block/state/BlockBehaviour$Properties;)V to access PUBLIC and LEAVE
[23:09:19] [main/DEBUG]: Skipping Lnet/minecraft/world/level/block/LeavesBlock;
[23:09:19] [main/DEBUG]: Skipping Lnet/minecraft/world/level/block/GrowingPlantHeadBlock;
[23:09:19] [main/DEBUG]: Transforming class Lnet/minecraft/world/level/block/FungusBlock;
[23:09:19] [main/DEBUG]: Transforming net/minecraft/world/level/block/FungusBlock METHOD <init>(Lnet/minecraft/resources/ResourceKey;Lnet/minecraft/world/level/block/Block;Lnet/minecraft/world/level/block/state/BlockBehaviour$Properties;)V to access PUBLIC and LEAVE
[23:09:19] [main/DEBUG]: Skipping Lnet/minecraft/world/level/block/FlowerPotBlock;
[23:09:19] [main/DEBUG]: Transforming class Lnet/minecraft/world/level/block/FireBlock;
[23:09:19] [main/DEBUG]: Transforming net/minecraft/world/level/block/FireBlock METHOD m_221164_(Lnet/minecraft/world/level/block/state/BlockState;)I to access PUBLIC and LEAVE
[23:09:19] [main/DEBUG]: Transforming net/minecraft/world/level/block/FireBlock METHOD m_221166_(Lnet/minecraft/world/level/block/state/BlockState;)I to access PUBLIC and LEAVE
[23:09:19] [main/DEBUG]: Skipping Lnet/minecraft/world/level/block/FenceGateBlock;
[23:09:19] [main/DEBUG]: Skipping Lnet/minecraft/world/level/block/FenceGateBlock$1;
[23:09:19] [main/DEBUG]: Transforming class Lnet/minecraft/world/level/block/FarmBlock;
[23:09:19] [main/DEBUG]: Transforming net/minecraft/world/level/block/FarmBlock METHOD <init>(Lnet/minecraft/world/level/block/state/BlockBehaviour$Properties;)V to access PUBLIC and LEAVE
[23:09:19] [main/DEBUG]: Transforming class Lnet/minecraft/world/level/block/EnchantingTableBlock;
[23:09:19] [main/DEBUG]: Transforming net/minecraft/world/level/block/EnchantingTableBlock METHOD <init>(Lnet/minecraft/world/level/block/state/BlockBehaviour$Properties;)V to access PUBLIC and LEAVE
[23:09:19] [main/DEBUG]: Skipping Lnet/minecraft/world/level/block/DropperBlock;
[23:09:19] [main/DEBUG]: Skipping Lnet/minecraft/world/level/block/DropExperienceBlock;
[23:09:19] [main/DEBUG]: Skipping Lnet/minecraft/world/level/block/DoublePlantBlock;
[23:09:19] [main/DEBUG]: Skipping Lnet/minecraft/world/level/block/DiodeBlock;
[23:09:19] [main/DEBUG]: Skipping Lnet/minecraft/world/level/block/DetectorRailBlock;
[23:09:19] [main/DEBUG]: Skipping Lnet/minecraft/world/level/block/DetectorRailBlock$1;
[23:09:19] [main/DEBUG]: Transforming class Lnet/minecraft/world/level/block/DeadBushBlock;
[23:09:19] [main/DEBUG]: Transforming net/minecraft/world/level/block/DeadBushBlock METHOD <init>(Lnet/minecraft/world/level/block/state/BlockBehaviour$Properties;)V to access PUBLIC and LEAVE
[23:09:19] [main/DEBUG]: Transforming class Lnet/minecraft/world/level/block/CropBlock;
[23:09:19] [main/DEBUG]: Transforming net/minecraft/world/level/block/CropBlock METHOD <init>(Lnet/minecraft/world/level/block/state/BlockBehaviour$Properties;)V to access PUBLIC and LEAVE
[23:09:19] [main/DEBUG]: Skipping Lnet/minecraft/world/level/block/CrafterBlock;
[23:09:19] [main/DEBUG]: Skipping Lnet/minecraft/world/level/block/CrafterBlock$1;
[23:09:19] [main/DEBUG]: Skipping Lnet/minecraft/world/level/block/CoralBlock;
[23:09:19] [main/DEBUG]: Skipping Lnet/minecraft/world/level/block/ConcretePowderBlock;
[23:09:19] [main/DEBUG]: Skipping Lnet/minecraft/world/level/block/ComparatorBlock;
[23:09:19] [main/DEBUG]: Skipping Lnet/minecraft/world/level/block/CocoaBlock;
[23:09:19] [main/DEBUG]: Skipping Lnet/minecraft/world/level/block/CocoaBlock$1;
[23:09:19] [main/DEBUG]: Transforming class Lnet/minecraft/world/level/block/ChorusPlantBlock;
[23:09:19] [main/DEBUG]: Transforming net/minecraft/world/level/block/ChorusPlantBlock METHOD <init>(Lnet/minecraft/world/level/block/state/BlockBehaviour$Properties;)V to access PUBLIC and LEAVE
[23:09:19] [main/DEBUG]: Transforming class Lnet/minecraft/world/level/block/ChorusFlowerBlock;
[23:09:19] [main/DEBUG]: Transforming net/minecraft/world/level/block/ChorusFlowerBlock METHOD <init>(Lnet/minecraft/world/level/block/Block;Lnet/minecraft/world/level/block/state/BlockBehaviour$Properties;)V to access PUBLIC and LEAVE
[23:09:19] [main/DEBUG]: Transforming class Lnet/minecraft/world/level/block/ChestBlock;
[23:09:19] [main/DEBUG]: Transforming net/minecraft/world/level/block/ChestBlock METHOD <init>(Lnet/minecraft/world/level/block/state/BlockBehaviour$Properties;Ljava/util/function/Supplier;)V to access PUBLIC and LEAVE
[23:09:19] [main/DEBUG]: Skipping Lnet/minecraft/world/level/block/ChestBlock$4;
[23:09:19] [main/DEBUG]: Skipping Lnet/minecraft/world/level/block/ChestBlock$3;
[23:09:19] [main/DEBUG]: Skipping Lnet/minecraft/world/level/block/ChestBlock$2;
[23:09:19] [main/DEBUG]: Skipping Lnet/minecraft/world/level/block/ChestBlock$2$1;
[23:09:19] [main/DEBUG]: Skipping Lnet/minecraft/world/level/block/ChestBlock$1;
[23:09:19] [main/DEBUG]: Skipping Lnet/minecraft/world/level/block/CampfireBlock;
[23:09:19] [main/DEBUG]: Transforming class Lnet/minecraft/world/level/block/CactusBlock;
[23:09:19] [main/DEBUG]: Transforming net/minecraft/world/level/block/CactusBlock METHOD <init>(Lnet/minecraft/world/level/block/state/BlockBehaviour$Properties;)V to access PUBLIC and LEAVE
[23:09:19] [main/DEBUG]: Skipping Lnet/minecraft/world/level/block/BushBlock;
[23:09:19] [main/DEBUG]: Skipping Lnet/minecraft/world/level/block/BucketPickup;
[23:09:19] [main/DEBUG]: Skipping Lnet/minecraft/world/level/block/Blocks;
[23:09:19] [main/DEBUG]: Transforming class Lnet/minecraft/world/level/block/Block;
[23:09:19] [main/DEBUG]: Transforming net/minecraft/world/level/block/Block METHOD m_49805_(Lnet/minecraft/server/level/ServerLevel;Lnet/minecraft/core/BlockPos;I)V to access PUBLIC and LEAVE
[23:09:19] [main/DEBUG]: Skipping Lnet/minecraft/world/level/block/Block$BlockStatePairKey;
[23:09:19] [main/DEBUG]: Skipping Lnet/minecraft/world/level/block/Block$2;
[23:09:19] [main/DEBUG]: Skipping Lnet/minecraft/world/level/block/Block$1;
[23:09:19] [main/DEBUG]: Skipping Lnet/minecraft/world/level/block/BeehiveBlock;
[23:09:19] [main/DEBUG]: Skipping Lnet/minecraft/world/level/block/BaseRailBlock;
[23:09:19] [main/DEBUG]: Skipping Lnet/minecraft/world/level/block/BaseRailBlock$1;
[23:09:19] [main/DEBUG]: Skipping Lnet/minecraft/world/level/block/BaseFireBlock;
[23:09:19] [main/DEBUG]: Skipping Lnet/minecraft/world/level/block/BambooStalkBlock;
[23:09:19] [main/DEBUG]: Skipping Lnet/minecraft/world/level/block/BambooSaplingBlock;
[23:09:19] [main/DEBUG]: Skipping Lnet/minecraft/world/level/biome/package-info;
[23:09:19] [main/DEBUG]: Skipping Lnet/minecraft/world/level/biome/TheEndBiomeSource;
[23:09:19] [main/DEBUG]: Skipping Lnet/minecraft/world/level/biome/OverworldBiomeBuilder;
[23:09:19] [main/DEBUG]: Skipping Lnet/minecraft/world/level/biome/MultiNoiseBiomeSourceParameterLists;
[23:09:19] [main/DEBUG]: Skipping Lnet/minecraft/world/level/biome/MultiNoiseBiomeSourceParameterList;
[23:09:19] [main/DEBUG]: Skipping Lnet/minecraft/world/level/biome/MultiNoiseBiomeSourceParameterList$Preset;
[23:09:19] [main/DEBUG]: Skipping Lnet/minecraft/world/level/biome/MultiNoiseBiomeSourceParameterList$Preset$SourceProvider;
[23:09:19] [main/DEBUG]: Skipping Lnet/minecraft/world/level/biome/MultiNoiseBiomeSourceParameterList$Preset$2;
[23:09:19] [main/DEBUG]: Skipping Lnet/minecraft/world/level/biome/MultiNoiseBiomeSourceParameterList$Preset$1;
[23:09:19] [main/DEBUG]: Skipping Lnet/minecraft/world/level/biome/MultiNoiseBiomeSource;
[23:09:19] [main/DEBUG]: Skipping Lnet/minecraft/world/level/biome/FixedBiomeSource;
[23:09:19] [main/DEBUG]: Skipping Lnet/minecraft/world/level/biome/FeatureSorter;
[23:09:19] [main/DEBUG]: Skipping Lnet/minecraft/world/level/biome/FeatureSorter$StepFeatureData;
[23:09:19] [main/DEBUG]: Skipping Lnet/minecraft/world/level/biome/FeatureSorter$1FeatureData;
[23:09:19] [main/DEBUG]: Skipping Lnet/minecraft/world/level/biome/Climate;
[23:09:19] [main/DEBUG]: Skipping Lnet/minecraft/world/level/biome/Climate$TargetPoint;
[23:09:19] [main/DEBUG]: Skipping Lnet/minecraft/world/level/biome/Climate$SpawnFinder;
[23:09:19] [main/DEBUG]: Skipping Lnet/minecraft/world/level/biome/Climate$SpawnFinder$Result;
[23:09:19] [main/DEBUG]: Skipping Lnet/minecraft/world/level/biome/Climate$Sampler;
[23:09:19] [main/DEBUG]: Skipping Lnet/minecraft/world/level/biome/Climate$RTree;
[23:09:19] [main/DEBUG]: Skipping Lnet/minecraft/world/level/biome/Climate$RTree$SubTree;
[23:09:19] [main/DEBUG]: Skipping Lnet/minecraft/world/level/biome/Climate$RTree$Node;
[23:09:19] [main/DEBUG]: Skipping Lnet/minecraft/world/level/biome/Climate$RTree$Leaf;
[23:09:19] [main/DEBUG]: Skipping Lnet/minecraft/world/level/biome/Climate$ParameterPoint;
[23:09:19] [main/DEBUG]: Skipping Lnet/minecraft/world/level/biome/Climate$ParameterList;
[23:09:19] [main/DEBUG]: Skipping Lnet/minecraft/world/level/biome/Climate$Parameter;
[23:09:19] [main/DEBUG]: Skipping Lnet/minecraft/world/level/biome/Climate$DistanceMetric;
[23:09:19] [main/DEBUG]: Skipping Lnet/minecraft/world/level/biome/CheckerboardColumnBiomeSource;
[23:09:19] [main/DEBUG]: Skipping Lnet/minecraft/world/level/biome/Biomes;
[23:09:19] [main/DEBUG]: Skipping Lnet/minecraft/world/level/biome/BiomeSources;
[23:09:19] [main/DEBUG]: Skipping Lnet/minecraft/world/level/biome/BiomeSource;
[23:09:19] [main/DEBUG]: Skipping Lnet/minecraft/world/level/biome/BiomeResolver;
[23:09:19] [main/DEBUG]: Skipping Lnet/minecraft/world/level/biome/BiomeManager;
[23:09:19] [main/DEBUG]: Skipping Lnet/minecraft/world/level/biome/BiomeManager$NoiseBiomeSource;
[23:09:19] [main/DEBUG]: Skipping Lnet/minecraft/world/level/biome/AmbientParticleSettings;
[23:09:19] [main/DEBUG]: Skipping Lnet/minecraft/world/level/biome/AmbientMoodSettings;
[23:09:19] [main/DEBUG]: Skipping Lnet/minecraft/world/level/biome/AmbientAdditionsSettings;
[23:09:19] [main/DEBUG]: Skipping Lnet/minecraft/world/level/biome/BiomeSpecialEffects$GrassColorModifier$ColorModifier;
[23:09:19] [main/DEBUG]: Skipping Lnet/minecraft/world/level/biome/MobSpawnSettings;
[23:09:19] [main/DEBUG]: Skipping Lnet/minecraft/world/level/biome/MobSpawnSettings$SpawnerData;
[23:09:19] [main/DEBUG]: Skipping Lnet/minecraft/world/level/biome/MobSpawnSettings$MobSpawnCost;
[23:09:19] [main/DEBUG]: Transforming class Lnet/minecraft/world/level/biome/MobSpawnSettings$Builder;
[23:09:19] [main/DEBUG]: Transforming net/minecraft/world/level/biome/MobSpawnSettings$Builder FIELD f_48362_ to access PROTECTED and LEAVE
[23:09:19] [main/DEBUG]: Transforming net/minecraft/world/level/biome/MobSpawnSettings$Builder FIELD f_48363_ to access PROTECTED and LEAVE
[23:09:19] [main/DEBUG]: Transforming net/minecraft/world/level/biome/MobSpawnSettings$Builder FIELD f_48364_ to access PROTECTED and LEAVE
[23:09:19] [main/DEBUG]: Skipping Lnet/minecraft/world/level/biome/BiomeSpecialEffects;
[23:09:19] [main/DEBUG]: Skipping Lnet/minecraft/world/level/biome/BiomeSpecialEffects$GrassColorModifier;
[23:09:19] [main/DEBUG]: Skipping Lnet/minecraft/world/level/biome/BiomeSpecialEffects$GrassColorModifier$3;
[23:09:19] [main/DEBUG]: Skipping Lnet/minecraft/world/level/biome/BiomeSpecialEffects$GrassColorModifier$2;
[23:09:19] [main/DEBUG]: Skipping Lnet/minecraft/world/level/biome/BiomeSpecialEffects$GrassColorModifier$1;
[23:09:19] [main/DEBUG]: Transforming class Lnet/minecraft/world/level/biome/BiomeSpecialEffects$Builder;
[23:09:19] [main/DEBUG]: Transforming net/minecraft/world/level/biome/BiomeSpecialEffects$Builder FIELD f_48005_ to access PROTECTED and LEAVE
[23:09:19] [main/DEBUG]: Transforming net/minecraft/world/level/biome/BiomeSpecialEffects$Builder FIELD f_48006_ to access PROTECTED and LEAVE
[23:09:19] [main/DEBUG]: Transforming net/minecraft/world/level/biome/BiomeSpecialEffects$Builder FIELD f_48007_ to access PROTECTED and LEAVE
[23:09:19] [main/DEBUG]: Transforming net/minecraft/world/level/biome/BiomeSpecialEffects$Builder FIELD f_48008_ to access PROTECTED and LEAVE
[23:09:19] [main/DEBUG]: Transforming net/minecraft/world/level/biome/BiomeSpecialEffects$Builder FIELD f_48009_ to access PROTECTED and LEAVE
[23:09:19] [main/DEBUG]: Transforming net/minecraft/world/level/biome/BiomeSpecialEffects$Builder FIELD f_48010_ to access PROTECTED and LEAVE
[23:09:19] [main/DEBUG]: Transforming net/minecraft/world/level/biome/BiomeSpecialEffects$Builder FIELD f_48011_ to access PROTECTED and LEAVE
[23:09:19] [main/DEBUG]: Transforming net/minecraft/world/level/biome/BiomeSpecialEffects$Builder FIELD f_48012_ to access PROTECTED and LEAVE
[23:09:19] [main/DEBUG]: Transforming net/minecraft/world/level/biome/BiomeSpecialEffects$Builder FIELD f_48013_ to access PROTECTED and LEAVE
[23:09:19] [main/DEBUG]: Transforming net/minecraft/world/level/biome/BiomeSpecialEffects$Builder FIELD f_48014_ to access PROTECTED and LEAVE
[23:09:19] [main/DEBUG]: Transforming net/minecraft/world/level/biome/BiomeSpecialEffects$Builder FIELD f_48015_ to access PROTECTED and LEAVE
[23:09:19] [main/DEBUG]: Transforming net/minecraft/world/level/biome/BiomeSpecialEffects$Builder FIELD f_48016_ to access PROTECTED and LEAVE
[23:09:19] [main/DEBUG]: Skipping Lnet/minecraft/world/level/biome/BiomeGenerationSettings;
[23:09:19] [main/DEBUG]: Transforming class Lnet/minecraft/world/level/biome/BiomeGenerationSettings$PlainBuilder;
[23:09:19] [main/DEBUG]: Transforming net/minecraft/world/level/biome/BiomeGenerationSettings$PlainBuilder FIELD f_254678_ to access PROTECTED and LEAVE
[23:09:19] [main/DEBUG]: Transforming net/minecraft/world/level/biome/BiomeGenerationSettings$PlainBuilder FIELD f_254648_ to access PROTECTED and LEAVE
[23:09:19] [main/DEBUG]: Transforming net/minecraft/world/level/biome/BiomeGenerationSettings$PlainBuilder METHOD m_255276_(I)V to access PROTECTED and LEAVE
[23:09:19] [main/DEBUG]: Skipping Lnet/minecraft/world/level/biome/BiomeGenerationSettings$Builder;
[23:09:19] [main/DEBUG]: Transforming class Lnet/minecraft/world/level/biome/Biome;
[23:09:19] [main/DEBUG]: Transforming net/minecraft/world/level/biome/Biome INNERCLASS ClimateSettings to access PUBLIC and LEAVE
[23:09:19] [main/DEBUG]: Skipping Lnet/minecraft/world/level/biome/Biome$TemperatureModifier;
[23:09:19] [main/DEBUG]: Skipping Lnet/minecraft/world/level/biome/Biome$TemperatureModifier$2;
[23:09:19] [main/DEBUG]: Skipping Lnet/minecraft/world/level/biome/Biome$TemperatureModifier$1;
[23:09:19] [main/DEBUG]: Skipping Lnet/minecraft/world/level/biome/Biome$Precipitation;
[23:09:19] [main/DEBUG]: Transforming class Lnet/minecraft/world/level/biome/Biome$ClimateSettings;
[23:09:19] [main/DEBUG]: Transforming net/minecraft/world/level/biome/Biome$ClimateSettings CLASS to access PUBLIC and LEAVE
[23:09:19] [main/DEBUG]: Skipping Lnet/minecraft/world/level/biome/Biome$BiomeBuilder;
[23:09:19] [main/DEBUG]: Skipping Lnet/minecraft/world/level/biome/Biome$1;
[23:09:19] [main/DEBUG]: Skipping Lnet/minecraft/world/level/WorldGenLevel;
[23:09:19] [main/DEBUG]: Skipping Lnet/minecraft/world/level/WorldDataConfiguration;
[23:09:19] [main/DEBUG]: Skipping Lnet/minecraft/world/level/StructureManager;
[23:09:19] [main/DEBUG]: Skipping Lnet/minecraft/world/level/Spawner;
[23:09:19] [main/DEBUG]: Skipping Lnet/minecraft/world/level/SpawnData;
[23:09:19] [main/DEBUG]: Skipping Lnet/minecraft/world/level/SpawnData$CustomSpawnRules;
[23:09:19] [main/DEBUG]: Skipping Lnet/minecraft/world/level/SimpleExplosionDamageCalculator;
[23:09:19] [main/DEBUG]: Skipping Lnet/minecraft/world/level/ServerLevelAccessor;
[23:09:19] [main/DEBUG]: Skipping Lnet/minecraft/world/level/PotentialCalculator;
[23:09:19] [main/DEBUG]: Skipping Lnet/minecraft/world/level/PotentialCalculator$PointCharge;
[23:09:19] [main/DEBUG]: Skipping Lnet/minecraft/world/level/PathNavigationRegion;
[23:09:19] [main/DEBUG]: Skipping Lnet/minecraft/world/level/NoiseColumn;
[23:09:19] [main/DEBUG]: Skipping Lnet/minecraft/world/level/LocalMobCapCalculator;
[23:09:19] [main/DEBUG]: Skipping Lnet/minecraft/world/level/LocalMobCapCalculator$MobCounts;
[23:09:19] [main/DEBUG]: Skipping Lnet/minecraft/world/level/LightLayer;
[23:09:19] [main/DEBUG]: Skipping Lnet/minecraft/world/level/LevelWriter;
[23:09:19] [main/DEBUG]: Skipping Lnet/minecraft/world/level/LevelTimeAccess;
[23:09:19] [main/DEBUG]: Skipping Lnet/minecraft/world/level/LevelSimulatedReader;
[23:09:19] [main/DEBUG]: Skipping Lnet/minecraft/world/level/LevelSimulatedRW;
[23:09:19] [main/DEBUG]: Skipping Lnet/minecraft/world/level/LevelHeightAccessor;
[23:09:19] [main/DEBUG]: Skipping Lnet/minecraft/world/level/LevelHeightAccessor$1;
[23:09:19] [main/DEBUG]: Skipping Lnet/minecraft/world/level/LevelAccessor;
[23:09:19] [main/DEBUG]: Skipping Lnet/minecraft/world/level/ItemLike;
[23:09:19] [main/DEBUG]: Skipping Lnet/minecraft/world/level/GrassColor;
[23:09:19] [main/DEBUG]: Skipping Lnet/minecraft/world/level/GameType;
[23:09:19] [main/DEBUG]: Transforming class Lnet/minecraft/world/level/GameRules;
[23:09:19] [main/DEBUG]: Transforming net/minecraft/world/level/GameRules METHOD m_46189_(Ljava/lang/String;Lnet/minecraft/world/level/GameRules$Category;Lnet/minecraft/world/level/GameRules$Type;)Lnet/minecraft/world/level/GameRules$Key; to access PUBLIC and LEAVE
[23:09:19] [main/DEBUG]: Skipping Lnet/minecraft/world/level/GameRules$VisitorCaller;
[23:09:19] [main/DEBUG]: Skipping Lnet/minecraft/world/level/GameRules$Value;
[23:09:19] [main/DEBUG]: Skipping Lnet/minecraft/world/level/GameRules$Type;
[23:09:19] [main/DEBUG]: Skipping Lnet/minecraft/world/level/GameRules$Key;
[23:09:19] [main/DEBUG]: Transforming class Lnet/minecraft/world/level/GameRules$IntegerValue;
[23:09:19] [main/DEBUG]: Transforming net/minecraft/world/level/GameRules$IntegerValue METHOD m_46294_(ILjava/util/function/BiConsumer;)Lnet/minecraft/world/level/GameRules$Type; to access PUBLIC and LEAVE
[23:09:19] [main/DEBUG]: Transforming net/minecraft/world/level/GameRules$IntegerValue METHOD m_46312_(I)Lnet/minecraft/world/level/GameRules$Type; to access PUBLIC and LEAVE
[23:09:19] [main/DEBUG]: Skipping Lnet/minecraft/world/level/GameRules$GameRuleTypeVisitor;
[23:09:19] [main/DEBUG]: Skipping Lnet/minecraft/world/level/GameRules$Category;
[23:09:20] [main/DEBUG]: Transforming class Lnet/minecraft/world/level/GameRules$BooleanValue;
[23:09:20] [main/DEBUG]: Transforming net/minecraft/world/level/GameRules$BooleanValue METHOD m_46252_(ZLjava/util/function/BiConsumer;)Lnet/minecraft/world/level/GameRules$Type; to access PUBLIC and LEAVE
[23:09:20] [main/DEBUG]: Transforming net/minecraft/world/level/GameRules$BooleanValue METHOD m_46250_(Z)Lnet/minecraft/world/level/GameRules$Type; to access PUBLIC and LEAVE
[23:09:20] [main/DEBUG]: Skipping Lnet/minecraft/world/level/FoliageColor;
[23:09:20] [main/DEBUG]: Skipping Lnet/minecraft/world/level/EntityGetter;
[23:09:20] [main/DEBUG]: Skipping Lnet/minecraft/world/level/EntityBasedExplosionDamageCalculator;
[23:09:20] [main/DEBUG]: Skipping Lnet/minecraft/world/level/EmptyBlockGetter;
[23:09:20] [main/DEBUG]: Skipping Lnet/minecraft/world/level/CustomSpawner;
[23:09:20] [main/DEBUG]: Skipping Lnet/minecraft/world/level/CommonLevelAccessor;
[23:09:20] [main/DEBUG]: Skipping Lnet/minecraft/world/level/ColorResolver;
[23:09:20] [main/DEBUG]: Skipping Lnet/minecraft/world/level/CollisionGetter;
[23:09:20] [main/DEBUG]: Skipping Lnet/minecraft/world/level/ClipContext;
[23:09:20] [main/DEBUG]: Skipping Lnet/minecraft/world/level/ClipContext$ShapeGetter;
[23:09:20] [main/DEBUG]: Skipping Lnet/minecraft/world/level/ClipContext$Fluid;
[23:09:20] [main/DEBUG]: Skipping Lnet/minecraft/world/level/ClipContext$Block;
[23:09:20] [main/DEBUG]: Skipping Lnet/minecraft/world/level/ClipBlockStateContext;
[23:09:20] [main/DEBUG]: Skipping Lnet/minecraft/world/level/ChunkPos;
[23:09:20] [main/DEBUG]: Skipping Lnet/minecraft/world/level/ChunkPos$1;
[23:09:20] [main/DEBUG]: Skipping Lnet/minecraft/world/level/BlockEventData;
[23:09:20] [main/DEBUG]: Skipping Lnet/minecraft/world/level/BlockCollisions;
[23:09:20] [main/DEBUG]: Skipping Lnet/minecraft/world/level/BaseCommandBlock;
[23:09:20] [main/DEBUG]: Skipping Lnet/minecraft/world/level/SignalGetter;
[23:09:20] [main/DEBUG]: Skipping Lnet/minecraft/world/level/NaturalSpawner;
[23:09:20] [main/DEBUG]: Skipping Lnet/minecraft/world/level/NaturalSpawner$SpawnState;
[23:09:20] [main/DEBUG]: Skipping Lnet/minecraft/world/level/NaturalSpawner$SpawnPredicate;
[23:09:20] [main/DEBUG]: Skipping Lnet/minecraft/world/level/NaturalSpawner$ChunkGetter;
[23:09:20] [main/DEBUG]: Skipping Lnet/minecraft/world/level/NaturalSpawner$AfterSpawnCallback;
[23:09:20] [main/DEBUG]: Skipping Lnet/minecraft/world/level/LevelSettings;
[23:09:20] [main/DEBUG]: Skipping Lnet/minecraft/world/level/LevelReader;
[23:09:20] [main/DEBUG]: Transforming class Lnet/minecraft/world/level/Level;
[23:09:20] [main/DEBUG]: Transforming net/minecraft/world/level/Level FIELD f_46437_ to access PUBLIC and LEAVE
[23:09:20] [main/DEBUG]: Transforming net/minecraft/world/level/Level FIELD f_46438_ to access PUBLIC and LEAVE
[23:09:20] [main/DEBUG]: Transforming net/minecraft/world/level/Level FIELD f_46439_ to access PUBLIC and LEAVE
[23:09:20] [main/DEBUG]: Transforming net/minecraft/world/level/Level FIELD f_46440_ to access PUBLIC and LEAVE
[23:09:20] [main/DEBUG]: Skipping Lnet/minecraft/world/level/Level$ExplosionInteraction;
[23:09:20] [main/DEBUG]: Skipping Lnet/minecraft/world/level/Level$1;
[23:09:20] [main/DEBUG]: Skipping Lnet/minecraft/world/level/ForcedChunksSavedData;
[23:09:20] [main/DEBUG]: Skipping Lnet/minecraft/world/level/ExplosionDamageCalculator;
[23:09:20] [main/DEBUG]: Skipping Lnet/minecraft/world/level/Explosion;
[23:09:20] [main/DEBUG]: Skipping Lnet/minecraft/world/level/Explosion$BlockInteraction;
[23:09:20] [main/DEBUG]: Skipping Lnet/minecraft/world/level/DataPackConfig;
[23:09:20] [main/DEBUG]: Skipping Lnet/minecraft/world/level/BlockGetter;
[23:09:20] [main/DEBUG]: Skipping Lnet/minecraft/world/level/BlockAndTintGetter;
[23:09:20] [main/DEBUG]: Skipping Lnet/minecraft/world/level/BaseSpawner;
[23:09:20] [main/DEBUG]: Skipping Lnet/minecraft/world/item/trading/package-info;
[23:09:20] [main/DEBUG]: Skipping Lnet/minecraft/world/item/trading/MerchantOffers;
[23:09:20] [main/DEBUG]: Skipping Lnet/minecraft/world/item/trading/MerchantOffer;
[23:09:20] [main/DEBUG]: Skipping Lnet/minecraft/world/item/trading/Merchant;
[23:09:20] [main/DEBUG]: Skipping Lnet/minecraft/world/item/trading/ItemCost;
[23:09:20] [main/DEBUG]: Skipping Lnet/minecraft/world/item/package-info;
[23:09:20] [main/DEBUG]: Skipping Lnet/minecraft/world/item/enchantment/providers/package-info;
[23:09:20] [main/DEBUG]: Skipping Lnet/minecraft/world/item/enchantment/providers/VanillaEnchantmentProviders;
[23:09:20] [main/DEBUG]: Skipping Lnet/minecraft/world/item/enchantment/providers/TradeRebalanceEnchantmentProviders;
[23:09:20] [main/DEBUG]: Skipping Lnet/minecraft/world/item/enchantment/providers/SingleEnchantment;
[23:09:20] [main/DEBUG]: Skipping Lnet/minecraft/world/item/enchantment/providers/EnchantmentsByCostWithDifficulty;
[23:09:20] [main/DEBUG]: Skipping Lnet/minecraft/world/item/enchantment/providers/EnchantmentsByCost;
[23:09:20] [main/DEBUG]: Skipping Lnet/minecraft/world/item/enchantment/providers/EnchantmentProviderTypes;
[23:09:20] [main/DEBUG]: Skipping Lnet/minecraft/world/item/enchantment/providers/EnchantmentProvider;
[23:09:20] [main/DEBUG]: Skipping Lnet/minecraft/world/item/enchantment/package-info;
[23:09:20] [main/DEBUG]: Skipping Lnet/minecraft/world/item/enchantment/effects/package-info;
[23:09:20] [main/DEBUG]: Skipping Lnet/minecraft/world/item/enchantment/effects/SummonEntityEffect;
[23:09:20] [main/DEBUG]: Skipping Lnet/minecraft/world/item/enchantment/effects/SpawnParticlesEffect;
[23:09:20] [main/DEBUG]: Skipping Lnet/minecraft/world/item/enchantment/effects/SpawnParticlesEffect$VelocitySource;
[23:09:20] [main/DEBUG]: Skipping Lnet/minecraft/world/item/enchantment/effects/SpawnParticlesEffect$PositionSourceType;
[23:09:20] [main/DEBUG]: Skipping Lnet/minecraft/world/item/enchantment/effects/SpawnParticlesEffect$PositionSourceType$CoordinateSource;
[23:09:20] [main/DEBUG]: Skipping Lnet/minecraft/world/item/enchantment/effects/SpawnParticlesEffect$PositionSource;
[23:09:20] [main/DEBUG]: Skipping Lnet/minecraft/world/item/enchantment/effects/SetValue;
[23:09:20] [main/DEBUG]: Skipping Lnet/minecraft/world/item/enchantment/effects/SetBlockProperties;
[23:09:20] [main/DEBUG]: Skipping Lnet/minecraft/world/item/enchantment/effects/RunFunction;
[23:09:20] [main/DEBUG]: Skipping Lnet/minecraft/world/item/enchantment/effects/ReplaceBlock;
[23:09:20] [main/DEBUG]: Skipping Lnet/minecraft/world/item/enchantment/effects/RemoveBinomial;
[23:09:20] [main/DEBUG]: Skipping Lnet/minecraft/world/item/enchantment/effects/PlaySoundEffect;
[23:09:20] [main/DEBUG]: Skipping Lnet/minecraft/world/item/enchantment/effects/MultiplyValue;
[23:09:20] [main/DEBUG]: Skipping Lnet/minecraft/world/item/enchantment/effects/Ignite;
[23:09:20] [main/DEBUG]: Skipping Lnet/minecraft/world/item/enchantment/effects/ExplodeEffect;
[23:09:20] [main/DEBUG]: Skipping Lnet/minecraft/world/item/enchantment/effects/EnchantmentValueEffect;
[23:09:20] [main/DEBUG]: Skipping Lnet/minecraft/world/item/enchantment/effects/EnchantmentLocationBasedEffect;
[23:09:20] [main/DEBUG]: Skipping Lnet/minecraft/world/item/enchantment/effects/EnchantmentEntityEffect;
[23:09:20] [main/DEBUG]: Skipping Lnet/minecraft/world/item/enchantment/effects/EnchantmentAttributeEffect;
[23:09:20] [main/DEBUG]: Skipping Lnet/minecraft/world/item/enchantment/effects/DamageItem;
[23:09:20] [main/DEBUG]: Skipping Lnet/minecraft/world/item/enchantment/effects/DamageImmunity;
[23:09:20] [main/DEBUG]: Skipping Lnet/minecraft/world/item/enchantment/effects/DamageEntity;
[23:09:20] [main/DEBUG]: Skipping Lnet/minecraft/world/item/enchantment/effects/ApplyMobEffect;
[23:09:20] [main/DEBUG]: Skipping Lnet/minecraft/world/item/enchantment/effects/AllOf;
[23:09:20] [main/DEBUG]: Skipping Lnet/minecraft/world/item/enchantment/effects/AllOf$ValueEffects;
[23:09:20] [main/DEBUG]: Skipping Lnet/minecraft/world/item/enchantment/effects/AllOf$LocationBasedEffects;
[23:09:20] [main/DEBUG]: Skipping Lnet/minecraft/world/item/enchantment/effects/AllOf$EntityEffects;
[23:09:20] [main/DEBUG]: Skipping Lnet/minecraft/world/item/enchantment/effects/AddValue;
[23:09:20] [main/DEBUG]: Skipping Lnet/minecraft/world/item/enchantment/effects/ReplaceDisk;
[23:09:20] [main/DEBUG]: Skipping Lnet/minecraft/world/item/enchantment/TargetedConditionalEffect;
[23:09:20] [main/DEBUG]: Skipping Lnet/minecraft/world/item/enchantment/LevelBasedValue;
[23:09:20] [main/DEBUG]: Skipping Lnet/minecraft/world/item/enchantment/LevelBasedValue$Lookup;
[23:09:20] [main/DEBUG]: Skipping Lnet/minecraft/world/item/enchantment/LevelBasedValue$Linear;
[23:09:20] [main/DEBUG]: Skipping Lnet/minecraft/world/item/enchantment/LevelBasedValue$LevelsSquared;
[23:09:20] [main/DEBUG]: Skipping Lnet/minecraft/world/item/enchantment/LevelBasedValue$Fraction;
[23:09:20] [main/DEBUG]: Skipping Lnet/minecraft/world/item/enchantment/LevelBasedValue$Constant;
[23:09:20] [main/DEBUG]: Skipping Lnet/minecraft/world/item/enchantment/LevelBasedValue$Clamped;
[23:09:20] [main/DEBUG]: Skipping Lnet/minecraft/world/item/enchantment/ItemEnchantments;
[23:09:20] [main/DEBUG]: Skipping Lnet/minecraft/world/item/enchantment/ItemEnchantments$Mutable;
[23:09:20] [main/DEBUG]: Skipping Lnet/minecraft/world/item/enchantment/Enchantments;
[23:09:20] [main/DEBUG]: Skipping Lnet/minecraft/world/item/enchantment/EnchantmentTarget;
[23:09:20] [main/DEBUG]: Skipping Lnet/minecraft/world/item/enchantment/EnchantmentInstance;
[23:09:20] [main/DEBUG]: Skipping Lnet/minecraft/world/item/enchantment/EnchantmentEffectComponents;
[23:09:20] [main/DEBUG]: Skipping Lnet/minecraft/world/item/enchantment/Enchantment;
[23:09:20] [main/DEBUG]: Skipping Lnet/minecraft/world/item/enchantment/Enchantment$EnchantmentDefinition;
[23:09:20] [main/DEBUG]: Skipping Lnet/minecraft/world/item/enchantment/Enchantment$Cost;
[23:09:20] [main/DEBUG]: Skipping Lnet/minecraft/world/item/enchantment/Enchantment$Builder;
[23:09:20] [main/DEBUG]: Skipping Lnet/minecraft/world/item/enchantment/Enchantment$1;
[23:09:20] [main/DEBUG]: Skipping Lnet/minecraft/world/item/enchantment/EnchantedItemInUse;
[23:09:20] [main/DEBUG]: Skipping Lnet/minecraft/world/item/enchantment/ConditionalEffect;
[23:09:20] [main/DEBUG]: Skipping Lnet/minecraft/world/item/enchantment/EnchantmentHelper;
[23:09:20] [main/DEBUG]: Skipping Lnet/minecraft/world/item/enchantment/EnchantmentHelper$EnchantmentVisitor;
[23:09:20] [main/DEBUG]: Skipping Lnet/minecraft/world/item/enchantment/EnchantmentHelper$EnchantmentInSlotVisitor;
[23:09:20] [main/DEBUG]: Skipping Lnet/minecraft/world/item/crafting/package-info;
[23:09:20] [main/DEBUG]: Skipping Lnet/minecraft/world/item/crafting/TippedArrowRecipe;
[23:09:20] [main/DEBUG]: Skipping Lnet/minecraft/world/item/crafting/SuspiciousStewRecipe;
[23:09:20] [main/DEBUG]: Skipping Lnet/minecraft/world/item/crafting/StonecutterRecipe;
[23:09:20] [main/DEBUG]: Skipping Lnet/minecraft/world/item/crafting/SmokingRecipe;
[23:09:20] [main/DEBUG]: Skipping Lnet/minecraft/world/item/crafting/SmithingRecipeInput;
[23:09:20] [main/DEBUG]: Skipping Lnet/minecraft/world/item/crafting/SmithingRecipe;
[23:09:20] [main/DEBUG]: Skipping Lnet/minecraft/world/item/crafting/SmeltingRecipe;
[23:09:20] [main/DEBUG]: Skipping Lnet/minecraft/world/item/crafting/SingleRecipeInput;
[23:09:20] [main/DEBUG]: Skipping Lnet/minecraft/world/item/crafting/SingleItemRecipe;
[23:09:20] [main/DEBUG]: Skipping Lnet/minecraft/world/item/crafting/SingleItemRecipe$Serializer;
[23:09:20] [main/DEBUG]: Skipping Lnet/minecraft/world/item/crafting/SingleItemRecipe$Factory;
[23:09:20] [main/DEBUG]: Skipping Lnet/minecraft/world/item/crafting/SimpleCraftingRecipeSerializer;
[23:09:20] [main/DEBUG]: Skipping Lnet/minecraft/world/item/crafting/SimpleCraftingRecipeSerializer$Factory;
[23:09:20] [main/DEBUG]: Skipping Lnet/minecraft/world/item/crafting/SimpleCookingSerializer;
[23:09:20] [main/DEBUG]: Skipping Lnet/minecraft/world/item/crafting/ShieldDecorationRecipe;
[23:09:20] [main/DEBUG]: Skipping Lnet/minecraft/world/item/crafting/RepairItemRecipe;
[23:09:20] [main/DEBUG]: Skipping Lnet/minecraft/world/item/crafting/RecipeSerializer;
[23:09:20] [main/DEBUG]: Skipping Lnet/minecraft/world/item/crafting/RecipeInput;
[23:09:20] [main/DEBUG]: Skipping Lnet/minecraft/world/item/crafting/RecipeHolder;
[23:09:20] [main/DEBUG]: Skipping Lnet/minecraft/world/item/crafting/RecipeCache;
[23:09:20] [main/DEBUG]: Skipping Lnet/minecraft/world/item/crafting/RecipeCache$Entry;
[23:09:20] [main/DEBUG]: Skipping Lnet/minecraft/world/item/crafting/MapExtendingRecipe;
[23:09:20] [main/DEBUG]: Skipping Lnet/minecraft/world/item/crafting/MapCloningRecipe;
[23:09:20] [main/DEBUG]: Skipping Lnet/minecraft/world/item/crafting/FireworkStarRecipe;
[23:09:20] [main/DEBUG]: Skipping Lnet/minecraft/world/item/crafting/FireworkStarFadeRecipe;
[23:09:20] [main/DEBUG]: Skipping Lnet/minecraft/world/item/crafting/FireworkRocketRecipe;
[23:09:20] [main/DEBUG]: Skipping Lnet/minecraft/world/item/crafting/DecoratedPotRecipe;
[23:09:20] [main/DEBUG]: Skipping Lnet/minecraft/world/item/crafting/CustomRecipe;
[23:09:20] [main/DEBUG]: Skipping Lnet/minecraft/world/item/crafting/CraftingRecipe;
[23:09:20] [main/DEBUG]: Skipping Lnet/minecraft/world/item/crafting/CraftingInput;
[23:09:20] [main/DEBUG]: Skipping Lnet/minecraft/world/item/crafting/CraftingInput$Positioned;
[23:09:20] [main/DEBUG]: Skipping Lnet/minecraft/world/item/crafting/CraftingBookCategory;
[23:09:20] [main/DEBUG]: Skipping Lnet/minecraft/world/item/crafting/CookingBookCategory;
[23:09:20] [main/DEBUG]: Skipping Lnet/minecraft/world/item/crafting/CampfireCookingRecipe;
[23:09:20] [main/DEBUG]: Skipping Lnet/minecraft/world/item/crafting/BlastingRecipe;
[23:09:20] [main/DEBUG]: Skipping Lnet/minecraft/world/item/crafting/ArmorDyeRecipe;
[23:09:20] [main/DEBUG]: Skipping Lnet/minecraft/world/item/crafting/AbstractCookingRecipe;
[23:09:20] [main/DEBUG]: Skipping Lnet/minecraft/world/item/crafting/AbstractCookingRecipe$Factory;
[23:09:20] [main/DEBUG]: Skipping Lnet/minecraft/world/item/crafting/RecipeType$2;
[23:09:20] [main/DEBUG]: Skipping Lnet/minecraft/world/item/crafting/SmithingTrimRecipe;
[23:09:20] [main/DEBUG]: Skipping Lnet/minecraft/world/item/crafting/SmithingTrimRecipe$Serializer;
[23:09:20] [main/DEBUG]: Skipping Lnet/minecraft/world/item/crafting/SmithingTransformRecipe;
[23:09:20] [main/DEBUG]: Skipping Lnet/minecraft/world/item/crafting/SmithingTransformRecipe$Serializer;
[23:09:20] [main/DEBUG]: Skipping Lnet/minecraft/world/item/crafting/ShulkerBoxColoring;
[23:09:20] [main/DEBUG]: Skipping Lnet/minecraft/world/item/crafting/ShapelessRecipe;
[23:09:20] [main/DEBUG]: Skipping Lnet/minecraft/world/item/crafting/ShapelessRecipe$Serializer;
[23:09:20] [main/DEBUG]: Skipping Lnet/minecraft/world/item/crafting/ShapedRecipePattern;
[23:09:20] [main/DEBUG]: Skipping Lnet/minecraft/world/item/crafting/ShapedRecipePattern$Data;
[23:09:20] [main/DEBUG]: Skipping Lnet/minecraft/world/item/crafting/ShapedRecipe;
[23:09:20] [main/DEBUG]: Skipping Lnet/minecraft/world/item/crafting/ShapedRecipe$Serializer;
[23:09:20] [main/DEBUG]: Skipping Lnet/minecraft/world/item/crafting/RecipeType;
[23:09:20] [main/DEBUG]: Skipping Lnet/minecraft/world/item/crafting/RecipeType$1;
[23:09:20] [main/DEBUG]: Skipping Lnet/minecraft/world/item/crafting/RecipeManager;
[23:09:20] [main/DEBUG]: Skipping Lnet/minecraft/world/item/crafting/RecipeManager$CachedCheck;
[23:09:20] [main/DEBUG]: Skipping Lnet/minecraft/world/item/crafting/RecipeManager$1;
[23:09:20] [main/DEBUG]: Skipping Lnet/minecraft/world/item/crafting/Recipe;
[23:09:20] [main/DEBUG]: Transforming class Lnet/minecraft/world/item/crafting/Ingredient;
[23:09:20] [main/DEBUG]: Transforming net/minecraft/world/item/crafting/Ingredient INNERCLASS Value to access PUBLIC and LEAVE
[23:09:20] [main/DEBUG]: Transforming net/minecraft/world/item/crafting/Ingredient INNERCLASS TagValue to access PUBLIC and LEAVE
[23:09:20] [main/DEBUG]: Transforming net/minecraft/world/item/crafting/Ingredient INNERCLASS ItemValue to access PUBLIC and LEAVE
[23:09:20] [main/DEBUG]: Transforming net/minecraft/world/item/crafting/Ingredient CLASS to access PUBLIC and REMOVEFINAL
[23:09:20] [main/DEBUG]: Transforming net/minecraft/world/item/crafting/Ingredient METHOD <init>(Ljava/util/stream/Stream;)V to access PROTECTED and LEAVE
[23:09:20] [main/DEBUG]: Transforming net/minecraft/world/item/crafting/Ingredient METHOD m_43938_(Ljava/util/stream/Stream;)Lnet/minecraft/world/item/crafting/Ingredient; to access PUBLIC and LEAVE
[23:09:20] [main/DEBUG]: Transforming class Lnet/minecraft/world/item/crafting/Ingredient$Value;
[23:09:20] [main/DEBUG]: Transforming net/minecraft/world/item/crafting/Ingredient$Value CLASS to access PUBLIC and LEAVE
[23:09:20] [main/DEBUG]: Transforming class Lnet/minecraft/world/item/crafting/Ingredient$TagValue;
[23:09:20] [main/DEBUG]: Transforming net/minecraft/world/item/crafting/Ingredient$TagValue CLASS to access PUBLIC and LEAVE
[23:09:20] [main/DEBUG]: Transforming net/minecraft/world/item/crafting/Ingredient$TagValue METHOD <init>(Lnet/minecraft/tags/TagKey;)V to access PUBLIC and LEAVE
[23:09:20] [main/DEBUG]: Transforming class Lnet/minecraft/world/item/crafting/Ingredient$ItemValue;
[23:09:20] [main/DEBUG]: Transforming net/minecraft/world/item/crafting/Ingredient$ItemValue CLASS to access PUBLIC and LEAVE
[23:09:20] [main/DEBUG]: Transforming net/minecraft/world/item/crafting/Ingredient$ItemValue METHOD <init>(Lnet/minecraft/world/item/ItemStack;)V to access PUBLIC and LEAVE
[23:09:20] [main/DEBUG]: Skipping Lnet/minecraft/world/item/crafting/BookCloningRecipe;
[23:09:20] [main/DEBUG]: Skipping Lnet/minecraft/world/item/crafting/BannerDuplicateRecipe;
[23:09:20] [main/DEBUG]: Skipping Lnet/minecraft/world/item/context/package-info;
[23:09:20] [main/DEBUG]: Transforming class Lnet/minecraft/world/item/context/UseOnContext;
[23:09:20] [main/DEBUG]: Transforming net/minecraft/world/item/context/UseOnContext METHOD <init>(Lnet/minecraft/world/level/Level;Lnet/minecraft/world/entity/player/Player;Lnet/minecraft/world/InteractionHand;Lnet/minecraft/world/item/ItemStack;Lnet/minecraft/world/phys/BlockHitResult;)V to access PUBLIC and LEAVE
[23:09:20] [main/DEBUG]: Skipping Lnet/minecraft/world/item/context/DirectionalPlaceContext;
[23:09:20] [main/DEBUG]: Skipping Lnet/minecraft/world/item/context/DirectionalPlaceContext$1;
[23:09:20] [main/DEBUG]: Transforming class Lnet/minecraft/world/item/context/BlockPlaceContext;
[23:09:20] [main/DEBUG]: Transforming net/minecraft/world/item/context/BlockPlaceContext METHOD <init>(Lnet/minecraft/world/level/Level;Lnet/minecraft/world/entity/player/Player;Lnet/minecraft/world/InteractionHand;Lnet/minecraft/world/item/ItemStack;Lnet/minecraft/world/phys/BlockHitResult;)V to access PUBLIC and LEAVE
[23:09:20] [main/DEBUG]: Skipping Lnet/minecraft/world/item/component/package-info;
[23:09:20] [main/DEBUG]: Skipping Lnet/minecraft/world/item/component/WrittenBookContent;
[23:09:20] [main/DEBUG]: Skipping Lnet/minecraft/world/item/component/WritableBookContent;
[23:09:20] [main/DEBUG]: Skipping Lnet/minecraft/world/item/component/Unbreakable;
[23:09:20] [main/DEBUG]: Skipping Lnet/minecraft/world/item/component/TooltipProvider;
[23:09:20] [main/DEBUG]: Skipping Lnet/minecraft/world/item/component/Tool;
[23:09:20] [main/DEBUG]: Skipping Lnet/minecraft/world/item/component/Tool$Rule;
[23:09:20] [main/DEBUG]: Skipping Lnet/minecraft/world/item/component/SuspiciousStewEffects;
[23:09:20] [main/DEBUG]: Skipping Lnet/minecraft/world/item/component/SuspiciousStewEffects$Entry;
[23:09:20] [main/DEBUG]: Skipping Lnet/minecraft/world/item/component/SeededContainerLoot;
[23:09:20] [main/DEBUG]: Skipping Lnet/minecraft/world/item/component/ResolvableProfile;
[23:09:20] [main/DEBUG]: Skipping Lnet/minecraft/world/item/component/MapPostProcessing;
[23:09:20] [main/DEBUG]: Skipping Lnet/minecraft/world/item/component/MapItemColor;
[23:09:20] [main/DEBUG]: Skipping Lnet/minecraft/world/item/component/MapDecorations;
[23:09:20] [main/DEBUG]: Skipping Lnet/minecraft/world/item/component/MapDecorations$Entry;
[23:09:20] [main/DEBUG]: Skipping Lnet/minecraft/world/item/component/LodestoneTracker;
[23:09:20] [main/DEBUG]: Skipping Lnet/minecraft/world/item/component/ItemLore;
[23:09:20] [main/DEBUG]: Skipping Lnet/minecraft/world/item/component/ItemContainerContents;
[23:09:20] [main/DEBUG]: Skipping Lnet/minecraft/world/item/component/ItemContainerContents$Slot;
[23:09:20] [main/DEBUG]: Skipping Lnet/minecraft/world/item/component/ItemAttributeModifiers;
[23:09:20] [main/DEBUG]: Skipping Lnet/minecraft/world/item/component/ItemAttributeModifiers$Entry;
[23:09:20] [main/DEBUG]: Skipping Lnet/minecraft/world/item/component/ItemAttributeModifiers$Builder;
[23:09:20] [main/DEBUG]: Skipping Lnet/minecraft/world/item/component/ItemAttributeModifiers$1;
[23:09:20] [main/DEBUG]: Skipping Lnet/minecraft/world/item/component/Fireworks;
[23:09:20] [main/DEBUG]: Skipping Lnet/minecraft/world/item/component/FireworkExplosion;
[23:09:20] [main/DEBUG]: Skipping Lnet/minecraft/world/item/component/FireworkExplosion$Shape;
[23:09:20] [main/DEBUG]: Skipping Lnet/minecraft/world/item/component/DyedItemColor;
[23:09:20] [main/DEBUG]: Skipping Lnet/minecraft/world/item/component/DebugStickState;
[23:09:20] [main/DEBUG]: Skipping Lnet/minecraft/world/item/component/CustomModelData;
[23:09:20] [main/DEBUG]: Skipping Lnet/minecraft/world/item/component/CustomData;
[23:09:20] [main/DEBUG]: Skipping Lnet/minecraft/world/item/component/ChargedProjectiles;
[23:09:20] [main/DEBUG]: Skipping Lnet/minecraft/world/item/component/BundleContents;
[23:09:20] [main/DEBUG]: Skipping Lnet/minecraft/world/item/component/BundleContents$Mutable;
[23:09:20] [main/DEBUG]: Skipping Lnet/minecraft/world/item/component/BookContent;
[23:09:20] [main/DEBUG]: Skipping Lnet/minecraft/world/item/component/BlockItemStateProperties;
[23:09:20] [main/DEBUG]: Skipping Lnet/minecraft/world/item/armortrim/package-info;
[23:09:20] [main/DEBUG]: Skipping Lnet/minecraft/world/item/armortrim/TrimPatterns;
[23:09:20] [main/DEBUG]: Skipping Lnet/minecraft/world/item/armortrim/TrimPattern;
[23:09:20] [main/DEBUG]: Skipping Lnet/minecraft/world/item/armortrim/TrimMaterials;
[23:09:20] [main/DEBUG]: Skipping Lnet/minecraft/world/item/armortrim/TrimMaterial;
[23:09:20] [main/DEBUG]: Skipping Lnet/minecraft/world/item/armortrim/ArmorTrim;
[23:09:20] [main/DEBUG]: Skipping Lnet/minecraft/world/item/alchemy/package-info;
[23:09:20] [main/DEBUG]: Skipping Lnet/minecraft/world/item/alchemy/Potions;
[23:09:20] [main/DEBUG]: Skipping Lnet/minecraft/world/item/alchemy/PotionContents;
[23:09:20] [main/DEBUG]: Skipping Lnet/minecraft/world/item/alchemy/Potion;
[23:09:20] [main/DEBUG]: Transforming class Lnet/minecraft/world/item/alchemy/PotionBrewing;
[23:09:20] [main/DEBUG]: Transforming net/minecraft/world/item/alchemy/PotionBrewing INNERCLASS Mix to access PUBLIC and LEAVE
[23:09:20] [main/DEBUG]: Transforming class Lnet/minecraft/world/item/alchemy/PotionBrewing$Mix;
[23:09:20] [main/DEBUG]: Transforming net/minecraft/world/item/alchemy/PotionBrewing$Mix CLASS to access PUBLIC and LEAVE
[23:09:20] [main/DEBUG]: Transforming net/minecraft/world/item/alchemy/PotionBrewing$Mix FIELD f_43533_ to access PUBLIC and LEAVE
[23:09:20] [main/DEBUG]: Skipping Lnet/minecraft/world/item/alchemy/PotionBrewing$Builder;
[23:09:20] [main/DEBUG]: Skipping Lnet/minecraft/world/item/WrittenBookItem;
[23:09:20] [main/DEBUG]: Skipping Lnet/minecraft/world/item/WritableBookItem;
[23:09:20] [main/DEBUG]: Skipping Lnet/minecraft/world/item/WindChargeItem;
[23:09:20] [main/DEBUG]: Skipping Lnet/minecraft/world/item/TridentItem;
[23:09:20] [main/DEBUG]: Skipping Lnet/minecraft/world/item/TooltipFlag;
[23:09:20] [main/DEBUG]: Skipping Lnet/minecraft/world/item/TooltipFlag$Default;
[23:09:20] [main/DEBUG]: Skipping Lnet/minecraft/world/item/TippedArrowItem;
[23:09:20] [main/DEBUG]: Skipping Lnet/minecraft/world/item/Tiers;
[23:09:20] [main/DEBUG]: Skipping Lnet/minecraft/world/item/TieredItem;
[23:09:20] [main/DEBUG]: Skipping Lnet/minecraft/world/item/Tier;
[23:09:20] [main/DEBUG]: Skipping Lnet/minecraft/world/item/ThrowablePotionItem;
[23:09:20] [main/DEBUG]: Skipping Lnet/minecraft/world/item/SuspiciousStewItem;
[23:09:20] [main/DEBUG]: Skipping Lnet/minecraft/world/item/SpyglassItem;
[23:09:20] [main/DEBUG]: Skipping Lnet/minecraft/world/item/SplashPotionItem;
[23:09:20] [main/DEBUG]: Skipping Lnet/minecraft/world/item/SpectralArrowItem;
[23:09:20] [main/DEBUG]: Skipping Lnet/minecraft/world/item/SolidBucketItem;
[23:09:20] [main/DEBUG]: Skipping Lnet/minecraft/world/item/SnowballItem;
[23:09:20] [main/DEBUG]: Skipping Lnet/minecraft/world/item/SmithingTemplateItem;
[23:09:20] [main/DEBUG]: Skipping Lnet/minecraft/world/item/SignItem;
[23:09:20] [main/DEBUG]: Skipping Lnet/minecraft/world/item/SignApplicator;
[23:09:20] [main/DEBUG]: Skipping Lnet/minecraft/world/item/ServerItemCooldowns;
[23:09:20] [main/DEBUG]: Skipping Lnet/minecraft/world/item/ScaffoldingBlockItem;
[23:09:20] [main/DEBUG]: Skipping Lnet/minecraft/world/item/SaddleItem;
[23:09:20] [main/DEBUG]: Skipping Lnet/minecraft/world/item/Rarity;
[23:09:20] [main/DEBUG]: Skipping Lnet/minecraft/world/item/ProjectileItem;
[23:09:20] [main/DEBUG]: Skipping Lnet/minecraft/world/item/ProjectileItem$PositionFunction;
[23:09:20] [main/DEBUG]: Skipping Lnet/minecraft/world/item/ProjectileItem$DispenseConfig;
[23:09:20] [main/DEBUG]: Skipping Lnet/minecraft/world/item/ProjectileItem$DispenseConfig$Builder;
[23:09:20] [main/DEBUG]: Skipping Lnet/minecraft/world/item/PotionItem;
[23:09:20] [main/DEBUG]: Skipping Lnet/minecraft/world/item/PlayerHeadItem;
[23:09:20] [main/DEBUG]: Skipping Lnet/minecraft/world/item/PlaceOnWaterBlockItem;
[23:09:20] [main/DEBUG]: Skipping Lnet/minecraft/world/item/OminousBottleItem;
[23:09:20] [main/DEBUG]: Skipping Lnet/minecraft/world/item/NameTagItem;
[23:09:20] [main/DEBUG]: Skipping Lnet/minecraft/world/item/MilkBucketItem;
[23:09:20] [main/DEBUG]: Skipping Lnet/minecraft/world/item/MapItem;
[23:09:20] [main/DEBUG]: Skipping Lnet/minecraft/world/item/MapItem$1;
[23:09:20] [main/DEBUG]: Skipping Lnet/minecraft/world/item/MaceItem;
[23:09:20] [main/DEBUG]: Skipping Lnet/minecraft/world/item/LingeringPotionItem;
[23:09:20] [main/DEBUG]: Skipping Lnet/minecraft/world/item/LeadItem;
[23:09:20] [main/DEBUG]: Skipping Lnet/minecraft/world/item/KnowledgeBookItem;
[23:09:20] [main/DEBUG]: Skipping Lnet/minecraft/world/item/JukeboxSongs;
[23:09:20] [main/DEBUG]: Skipping Lnet/minecraft/world/item/JukeboxSongPlayer;
[23:09:20] [main/DEBUG]: Skipping Lnet/minecraft/world/item/JukeboxSongPlayer$OnSongChanged;
[23:09:20] [main/DEBUG]: Skipping Lnet/minecraft/world/item/JukeboxSong;
[23:09:20] [main/DEBUG]: Skipping Lnet/minecraft/world/item/JukeboxPlayable;
[23:09:20] [main/DEBUG]: Skipping Lnet/minecraft/world/item/ItemUtils;
[23:09:20] [main/DEBUG]: Transforming class Lnet/minecraft/world/item/ItemStackLinkedSet;
[23:09:20] [main/DEBUG]: Transforming net/minecraft/world/item/ItemStackLinkedSet FIELD f_260558_ to access PUBLIC and LEAVE
[23:09:20] [main/DEBUG]: Skipping Lnet/minecraft/world/item/ItemStackLinkedSet$1;
[23:09:20] [main/DEBUG]: Skipping Lnet/minecraft/world/item/ItemNameBlockItem;
[23:09:20] [main/DEBUG]: Skipping Lnet/minecraft/world/item/ItemFrameItem;
[23:09:20] [main/DEBUG]: Skipping Lnet/minecraft/world/item/ItemCooldowns;
[23:09:20] [main/DEBUG]: Skipping Lnet/minecraft/world/item/ItemCooldowns$CooldownInstance;
[23:09:20] [main/DEBUG]: Skipping Lnet/minecraft/world/item/Instruments;
[23:09:20] [main/DEBUG]: Skipping Lnet/minecraft/world/item/InstrumentItem;
[23:09:20] [main/DEBUG]: Skipping Lnet/minecraft/world/item/Instrument;
[23:09:20] [main/DEBUG]: Skipping Lnet/minecraft/world/item/InkSacItem;
[23:09:20] [main/DEBUG]: Skipping Lnet/minecraft/world/item/HoneycombItem;
[23:09:20] [main/DEBUG]: Skipping Lnet/minecraft/world/item/HoneyBottleItem;
[23:09:20] [main/DEBUG]: Skipping Lnet/minecraft/world/item/HangingSignItem;
[23:09:20] [main/DEBUG]: Skipping Lnet/minecraft/world/item/HangingEntityItem;
[23:09:20] [main/DEBUG]: Skipping Lnet/minecraft/world/item/GlowInkSacItem;
[23:09:20] [main/DEBUG]: Skipping Lnet/minecraft/world/item/GameMasterBlockItem;
[23:09:20] [main/DEBUG]: Skipping Lnet/minecraft/world/item/FoodOnAStickItem;
[23:09:20] [main/DEBUG]: Skipping Lnet/minecraft/world/item/FlintAndSteelItem;
[23:09:20] [main/DEBUG]: Skipping Lnet/minecraft/world/item/FireworkStarItem;
[23:09:20] [main/DEBUG]: Skipping Lnet/minecraft/world/item/FireworkRocketItem;
[23:09:20] [main/DEBUG]: Skipping Lnet/minecraft/world/item/FireChargeItem;
[23:09:20] [main/DEBUG]: Skipping Lnet/minecraft/world/item/ExperienceBottleItem;
[23:09:20] [main/DEBUG]: Skipping Lnet/minecraft/world/item/Equipable;
[23:09:20] [main/DEBUG]: Skipping Lnet/minecraft/world/item/EnderpearlItem;
[23:09:20] [main/DEBUG]: Skipping Lnet/minecraft/world/item/EnderEyeItem;
[23:09:20] [main/DEBUG]: Skipping Lnet/minecraft/world/item/EndCrystalItem;
[23:09:20] [main/DEBUG]: Skipping Lnet/minecraft/world/item/EnchantedBookItem;
[23:09:20] [main/DEBUG]: Skipping Lnet/minecraft/world/item/EmptyMapItem;
[23:09:20] [main/DEBUG]: Skipping Lnet/minecraft/world/item/EitherHolder;
[23:09:20] [main/DEBUG]: Skipping Lnet/minecraft/world/item/EggItem;
[23:09:20] [main/DEBUG]: Skipping Lnet/minecraft/world/item/DyeItem;
[23:09:20] [main/DEBUG]: Skipping Lnet/minecraft/world/item/DoubleHighBlockItem;
[23:09:20] [main/DEBUG]: Skipping Lnet/minecraft/world/item/DiscFragmentItem;
[23:09:20] [main/DEBUG]: Transforming class Lnet/minecraft/world/item/DiggerItem;
[23:09:20] [main/DEBUG]: Transforming net/minecraft/world/item/DiggerItem METHOD <init>(Lnet/minecraft/world/item/Tier;Lnet/minecraft/tags/TagKey;Lnet/minecraft/world/item/Item$Properties;)V to access PUBLIC and LEAVE
[23:09:20] [main/DEBUG]: Skipping Lnet/minecraft/world/item/DebugStickItem;
[23:09:20] [main/DEBUG]: Transforming class Lnet/minecraft/world/item/CreativeModeTabs;
[23:09:20] [main/DEBUG]: Transforming net/minecraft/world/item/CreativeModeTabs FIELD f_256788_ to access PUBLIC and LEAVE
[23:09:20] [main/DEBUG]: Transforming net/minecraft/world/item/CreativeModeTabs FIELD f_256725_ to access PUBLIC and LEAVE
[23:09:20] [main/DEBUG]: Transforming net/minecraft/world/item/CreativeModeTabs FIELD f_256776_ to access PUBLIC and LEAVE
[23:09:20] [main/DEBUG]: Transforming net/minecraft/world/item/CreativeModeTabs FIELD f_256791_ to access PUBLIC and LEAVE
[23:09:20] [main/DEBUG]: Transforming net/minecraft/world/item/CreativeModeTabs FIELD f_257028_ to access PUBLIC and LEAVE
[23:09:20] [main/DEBUG]: Transforming net/minecraft/world/item/CreativeModeTabs FIELD f_256917_ to access PUBLIC and LEAVE
[23:09:20] [main/DEBUG]: Transforming net/minecraft/world/item/CreativeModeTabs FIELD f_256750_ to access PUBLIC and LEAVE
[23:09:20] [main/DEBUG]: Transforming net/minecraft/world/item/CreativeModeTabs FIELD f_256869_ to access PUBLIC and LEAVE
[23:09:20] [main/DEBUG]: Transforming net/minecraft/world/item/CreativeModeTabs FIELD f_256797_ to access PUBLIC and LEAVE
[23:09:20] [main/DEBUG]: Transforming net/minecraft/world/item/CreativeModeTabs FIELD f_256839_ to access PUBLIC and LEAVE
[23:09:20] [main/DEBUG]: Transforming net/minecraft/world/item/CreativeModeTabs FIELD f_256968_ to access PUBLIC and LEAVE
[23:09:20] [main/DEBUG]: Transforming net/minecraft/world/item/CreativeModeTabs FIELD f_256731_ to access PUBLIC and LEAVE
[23:09:20] [main/DEBUG]: Transforming net/minecraft/world/item/CreativeModeTabs FIELD f_256837_ to access PUBLIC and LEAVE
[23:09:20] [main/DEBUG]: Transforming net/minecraft/world/item/CreativeModeTabs FIELD f_257039_ to access PUBLIC and LEAVE
[23:09:20] [main/DEBUG]: Skipping Lnet/minecraft/world/item/ComplexItem;
[23:09:20] [main/DEBUG]: Skipping Lnet/minecraft/world/item/CompassItem;
[23:09:20] [main/DEBUG]: Skipping Lnet/minecraft/world/item/BrushItem;
[23:09:20] [main/DEBUG]: Skipping Lnet/minecraft/world/item/BrushItem$DustParticlesDelta;
[23:09:20] [main/DEBUG]: Skipping Lnet/minecraft/world/item/BrushItem$1;
[23:09:20] [main/DEBUG]: Skipping Lnet/minecraft/world/item/BottleItem;
[23:09:20] [main/DEBUG]: Skipping Lnet/minecraft/world/item/BookItem;
[23:09:20] [main/DEBUG]: Skipping Lnet/minecraft/world/item/BoatItem;
[23:09:20] [main/DEBUG]: Skipping Lnet/minecraft/world/item/BedItem;
[23:09:20] [main/DEBUG]: Skipping Lnet/minecraft/world/item/BannerPatternItem;
[23:09:20] [main/DEBUG]: Skipping Lnet/minecraft/world/item/BannerItem;
[23:09:20] [main/DEBUG]: Skipping Lnet/minecraft/world/item/ArmorStandItem;
[23:09:20] [main/DEBUG]: Skipping Lnet/minecraft/world/item/ArmorMaterials;
[23:09:20] [main/DEBUG]: Skipping Lnet/minecraft/world/item/ArmorItem;
[23:09:20] [main/DEBUG]: Skipping Lnet/minecraft/world/item/ArmorItem$Type;
[23:09:20] [main/DEBUG]: Skipping Lnet/minecraft/world/item/ArmorItem$1;
[23:09:20] [main/DEBUG]: Skipping Lnet/minecraft/world/item/AirItem;
[23:09:20] [main/DEBUG]: Skipping Lnet/minecraft/world/item/AdventureModePredicate;
[23:09:20] [main/DEBUG]: Skipping Lnet/minecraft/world/item/Items$1;
[23:09:20] [main/DEBUG]: Skipping Lnet/minecraft/world/item/UseAnim;
[23:09:20] [main/DEBUG]: Skipping Lnet/minecraft/world/item/SwordItem;
[23:09:20] [main/DEBUG]: Skipping Lnet/minecraft/world/item/StandingAndWallBlockItem;
[23:09:20] [main/DEBUG]: Skipping Lnet/minecraft/world/item/SpawnEggItem;
[23:09:20] [main/DEBUG]: Skipping Lnet/minecraft/world/item/ShovelItem;
[23:09:20] [main/DEBUG]: Skipping Lnet/minecraft/world/item/ShieldItem;
[23:09:20] [main/DEBUG]: Skipping Lnet/minecraft/world/item/ShearsItem;
[23:09:20] [main/DEBUG]: Skipping Lnet/minecraft/world/item/ProjectileWeaponItem;
[23:09:20] [main/DEBUG]: Skipping Lnet/minecraft/world/item/PickaxeItem;
[23:09:20] [main/DEBUG]: Skipping Lnet/minecraft/world/item/MobBucketItem;
[23:09:20] [main/DEBUG]: Skipping Lnet/minecraft/world/item/MinecartItem;
[23:09:20] [main/DEBUG]: Skipping Lnet/minecraft/world/item/MinecartItem$1;
[23:09:20] [main/DEBUG]: Skipping Lnet/minecraft/world/item/Items;
[23:09:20] [main/DEBUG]: Skipping Lnet/minecraft/world/item/ItemStack;
[23:09:20] [main/DEBUG]: Skipping Lnet/minecraft/world/item/ItemStack$4;
[23:09:20] [main/DEBUG]: Skipping Lnet/minecraft/world/item/ItemStack$3;
[23:09:20] [main/DEBUG]: Skipping Lnet/minecraft/world/item/ItemStack$2;
[23:09:20] [main/DEBUG]: Skipping Lnet/minecraft/world/item/ItemStack$1;
[23:09:20] [main/DEBUG]: Transforming class Lnet/minecraft/world/item/ItemDisplayContext;
[23:09:20] [main/DEBUG]: Transforming net/minecraft/world/item/ItemDisplayContext FIELD f_268735_ to access PRIVATE and REMOVEFINAL
[23:09:20] [main/DEBUG]: Skipping Lnet/minecraft/world/item/Item;
[23:09:20] [main/DEBUG]: Skipping Lnet/minecraft/world/item/Item$TooltipContext;
[23:09:20] [main/DEBUG]: Skipping Lnet/minecraft/world/item/Item$TooltipContext$3;
[23:09:20] [main/DEBUG]: Skipping Lnet/minecraft/world/item/Item$TooltipContext$2;
[23:09:20] [main/DEBUG]: Skipping Lnet/minecraft/world/item/Item$TooltipContext$1;
[23:09:20] [main/DEBUG]: Skipping Lnet/minecraft/world/item/Item$Properties;
[23:09:20] [main/DEBUG]: Skipping Lnet/minecraft/world/item/HoeItem;
[23:09:20] [main/DEBUG]: Skipping Lnet/minecraft/world/item/FishingRodItem;
[23:09:20] [main/DEBUG]: Skipping Lnet/minecraft/world/item/ElytraItem;
[23:09:20] [main/DEBUG]: Skipping Lnet/minecraft/world/item/DyeColor;
[23:09:20] [main/DEBUG]: Skipping Lnet/minecraft/world/item/DispensibleContainerItem;
[23:09:20] [main/DEBUG]: Skipping Lnet/minecraft/world/item/CrossbowItem;
[23:09:20] [main/DEBUG]: Skipping Lnet/minecraft/world/item/CrossbowItem$ChargingSounds;
[23:09:20] [main/DEBUG]: Transforming class Lnet/minecraft/world/item/CreativeModeTab;
[23:09:20] [main/DEBUG]: Transforming net/minecraft/world/item/CreativeModeTab INNERCLASS Output to access PUBLIC and LEAVE
[23:09:20] [main/DEBUG]: Transforming net/minecraft/world/item/CreativeModeTab INNERCLASS TabVisibility to access PUBLIC and LEAVE
[23:09:20] [main/DEBUG]: Skipping Lnet/minecraft/world/item/CreativeModeTab$Type;
[23:09:20] [main/DEBUG]: Transforming class Lnet/minecraft/world/item/CreativeModeTab$TabVisibility;
[23:09:20] [main/DEBUG]: Transforming net/minecraft/world/item/CreativeModeTab$TabVisibility CLASS to access PUBLIC and LEAVE
[23:09:20] [main/DEBUG]: Skipping Lnet/minecraft/world/item/CreativeModeTab$Row;
[23:09:20] [main/DEBUG]: Transforming class Lnet/minecraft/world/item/CreativeModeTab$Output;
[23:09:20] [main/DEBUG]: Transforming net/minecraft/world/item/CreativeModeTab$Output CLASS to access PUBLIC and LEAVE
[23:09:20] [main/DEBUG]: Skipping Lnet/minecraft/world/item/CreativeModeTab$ItemDisplayParameters;
[23:09:20] [main/DEBUG]: Skipping Lnet/minecraft/world/item/CreativeModeTab$ItemDisplayBuilder;
[23:09:20] [main/DEBUG]: Skipping Lnet/minecraft/world/item/CreativeModeTab$DisplayItemsGenerator;
[23:09:20] [main/DEBUG]: Skipping Lnet/minecraft/world/item/CreativeModeTab$Builder;
[23:09:20] [main/DEBUG]: Skipping Lnet/minecraft/world/item/ChorusFruitItem;
[23:09:20] [main/DEBUG]: Skipping Lnet/minecraft/world/item/BundleItem;
[23:09:20] [main/DEBUG]: Skipping Lnet/minecraft/world/item/BucketItem;
[23:09:20] [main/DEBUG]: Skipping Lnet/minecraft/world/item/BowItem;
[23:09:20] [main/DEBUG]: Skipping Lnet/minecraft/world/item/BoneMealItem;
[23:09:20] [main/DEBUG]: Skipping Lnet/minecraft/world/item/BoneMealItem$1;
[23:09:20] [main/DEBUG]: Skipping Lnet/minecraft/world/item/BlockItem;
[23:09:20] [main/DEBUG]: Skipping Lnet/minecraft/world/item/AxeItem;
[23:09:20] [main/DEBUG]: Skipping Lnet/minecraft/world/item/ArrowItem;
[23:09:20] [main/DEBUG]: Skipping Lnet/minecraft/world/item/ArmorMaterial;
[23:09:20] [main/DEBUG]: Skipping Lnet/minecraft/world/item/ArmorMaterial$Layer;
[23:09:20] [main/DEBUG]: Skipping Lnet/minecraft/world/item/AnimalArmorItem;
[23:09:20] [main/DEBUG]: Skipping Lnet/minecraft/world/item/AnimalArmorItem$BodyType;
[23:09:20] [main/DEBUG]: Skipping Lnet/minecraft/world/inventory/tooltip/package-info;
[23:09:20] [main/DEBUG]: Skipping Lnet/minecraft/world/inventory/tooltip/TooltipComponent;
[23:09:20] [main/DEBUG]: Skipping Lnet/minecraft/world/inventory/tooltip/BundleTooltip;
[23:09:20] [main/DEBUG]: Skipping Lnet/minecraft/world/inventory/package-info;
[23:09:20] [main/DEBUG]: Skipping Lnet/minecraft/world/inventory/TransientCraftingContainer;
[23:09:20] [main/DEBUG]: Skipping Lnet/minecraft/world/inventory/StonecutterMenu;
[23:09:20] [main/DEBUG]: Skipping Lnet/minecraft/world/inventory/StonecutterMenu$2;
[23:09:20] [main/DEBUG]: Skipping Lnet/minecraft/world/inventory/StonecutterMenu$1;
[23:09:20] [main/DEBUG]: Skipping Lnet/minecraft/world/inventory/StackedContentsCompatible;
[23:09:20] [main/DEBUG]: Skipping Lnet/minecraft/world/inventory/SmokerMenu;
[23:09:20] [main/DEBUG]: Skipping Lnet/minecraft/world/inventory/SmithingMenu;
[23:09:20] [main/DEBUG]: Skipping Lnet/minecraft/world/inventory/SlotRanges;
[23:09:20] [main/DEBUG]: Skipping Lnet/minecraft/world/inventory/SlotRange;
[23:09:20] [main/DEBUG]: Skipping Lnet/minecraft/world/inventory/SlotRange$1;
[23:09:20] [main/DEBUG]: Skipping Lnet/minecraft/world/inventory/SimpleContainerData;
[23:09:20] [main/DEBUG]: Skipping Lnet/minecraft/world/inventory/ShulkerBoxSlot;
[23:09:20] [main/DEBUG]: Skipping Lnet/minecraft/world/inventory/ShulkerBoxMenu;
[23:09:20] [main/DEBUG]: Skipping Lnet/minecraft/world/inventory/ResultContainer;
[23:09:20] [main/DEBUG]: Skipping Lnet/minecraft/world/inventory/RecipeCraftingHolder;
[23:09:20] [main/DEBUG]: Skipping Lnet/minecraft/world/inventory/PlayerEnderChestContainer;
[23:09:20] [main/DEBUG]: Skipping Lnet/minecraft/world/inventory/NonInteractiveResultSlot;
[23:09:20] [main/DEBUG]: Skipping Lnet/minecraft/world/inventory/MerchantResultSlot;
[23:09:20] [main/DEBUG]: Skipping Lnet/minecraft/world/inventory/MerchantMenu;
[23:09:20] [main/DEBUG]: Skipping Lnet/minecraft/world/inventory/MerchantContainer;
[23:09:20] [main/DEBUG]: Skipping Lnet/minecraft/world/inventory/MenuConstructor;
[23:09:20] [main/DEBUG]: Skipping Lnet/minecraft/world/inventory/LoomMenu;
[23:09:20] [main/DEBUG]: Skipping Lnet/minecraft/world/inventory/LoomMenu$6;
[23:09:20] [main/DEBUG]: Skipping Lnet/minecraft/world/inventory/LoomMenu$5;
[23:09:20] [main/DEBUG]: Skipping Lnet/minecraft/world/inventory/LoomMenu$4;
[23:09:20] [main/DEBUG]: Skipping Lnet/minecraft/world/inventory/LoomMenu$3;
[23:09:20] [main/DEBUG]: Skipping Lnet/minecraft/world/inventory/LoomMenu$2;
[23:09:20] [main/DEBUG]: Skipping Lnet/minecraft/world/inventory/LoomMenu$1;
[23:09:20] [main/DEBUG]: Skipping Lnet/minecraft/world/inventory/LecternMenu;
[23:09:20] [main/DEBUG]: Skipping Lnet/minecraft/world/inventory/LecternMenu$1;
[23:09:20] [main/DEBUG]: Skipping Lnet/minecraft/world/inventory/ItemCombinerMenuSlotDefinition;
[23:09:20] [main/DEBUG]: Skipping Lnet/minecraft/world/inventory/ItemCombinerMenuSlotDefinition$SlotDefinition;
[23:09:20] [main/DEBUG]: Skipping Lnet/minecraft/world/inventory/ItemCombinerMenuSlotDefinition$Builder;
[23:09:20] [main/DEBUG]: Skipping Lnet/minecraft/world/inventory/ItemCombinerMenu;
[23:09:20] [main/DEBUG]: Skipping Lnet/minecraft/world/inventory/ItemCombinerMenu$3;
[23:09:20] [main/DEBUG]: Skipping Lnet/minecraft/world/inventory/ItemCombinerMenu$2;
[23:09:20] [main/DEBUG]: Skipping Lnet/minecraft/world/inventory/ItemCombinerMenu$1;
[23:09:20] [main/DEBUG]: Skipping Lnet/minecraft/world/inventory/InventoryMenu;
[23:09:20] [main/DEBUG]: Skipping Lnet/minecraft/world/inventory/InventoryMenu$1;
[23:09:20] [main/DEBUG]: Skipping Lnet/minecraft/world/inventory/HorseInventoryMenu;
[23:09:20] [main/DEBUG]: Skipping Lnet/minecraft/world/inventory/HorseInventoryMenu$2;
[23:09:20] [main/DEBUG]: Skipping Lnet/minecraft/world/inventory/HorseInventoryMenu$1;
[23:09:20] [main/DEBUG]: Skipping Lnet/minecraft/world/inventory/HopperMenu;
[23:09:20] [main/DEBUG]: Skipping Lnet/minecraft/world/inventory/FurnaceMenu;
[23:09:20] [main/DEBUG]: Skipping Lnet/minecraft/world/inventory/FurnaceFuelSlot;
[23:09:20] [main/DEBUG]: Skipping Lnet/minecraft/world/inventory/DispenserMenu;
[23:09:20] [main/DEBUG]: Skipping Lnet/minecraft/world/inventory/DataSlot;
[23:09:20] [main/DEBUG]: Skipping Lnet/minecraft/world/inventory/DataSlot$3;
[23:09:20] [main/DEBUG]: Skipping Lnet/minecraft/world/inventory/DataSlot$2;
[23:09:20] [main/DEBUG]: Skipping Lnet/minecraft/world/inventory/DataSlot$1;
[23:09:20] [main/DEBUG]: Skipping Lnet/minecraft/world/inventory/CraftingMenu;
[23:09:20] [main/DEBUG]: Skipping Lnet/minecraft/world/inventory/CraftingContainer;
[23:09:20] [main/DEBUG]: Skipping Lnet/minecraft/world/inventory/CrafterSlot;
[23:09:20] [main/DEBUG]: Skipping Lnet/minecraft/world/inventory/CrafterMenu;
[23:09:20] [main/DEBUG]: Skipping Lnet/minecraft/world/inventory/ContainerSynchronizer;
[23:09:20] [main/DEBUG]: Skipping Lnet/minecraft/world/inventory/ContainerListener;
[23:09:20] [main/DEBUG]: Skipping Lnet/minecraft/world/inventory/ContainerLevelAccess;
[23:09:20] [main/DEBUG]: Skipping Lnet/minecraft/world/inventory/ContainerLevelAccess$2;
[23:09:20] [main/DEBUG]: Skipping Lnet/minecraft/world/inventory/ContainerLevelAccess$1;
[23:09:20] [main/DEBUG]: Skipping Lnet/minecraft/world/inventory/ContainerData;
[23:09:20] [main/DEBUG]: Skipping Lnet/minecraft/world/inventory/ClickType;
[23:09:20] [main/DEBUG]: Skipping Lnet/minecraft/world/inventory/ClickAction;
[23:09:20] [main/DEBUG]: Skipping Lnet/minecraft/world/inventory/ChestMenu;
[23:09:20] [main/DEBUG]: Skipping Lnet/minecraft/world/inventory/CartographyTableMenu;
[23:09:20] [main/DEBUG]: Skipping Lnet/minecraft/world/inventory/CartographyTableMenu$5;
[23:09:20] [main/DEBUG]: Skipping Lnet/minecraft/world/inventory/CartographyTableMenu$4;
[23:09:20] [main/DEBUG]: Skipping Lnet/minecraft/world/inventory/CartographyTableMenu$3;
[23:09:20] [main/DEBUG]: Skipping Lnet/minecraft/world/inventory/CartographyTableMenu$2;
[23:09:20] [main/DEBUG]: Skipping Lnet/minecraft/world/inventory/CartographyTableMenu$1;
[23:09:20] [main/DEBUG]: Skipping Lnet/minecraft/world/inventory/BlastFurnaceMenu;
[23:09:20] [main/DEBUG]: Skipping Lnet/minecraft/world/inventory/Slot;
[23:09:20] [main/DEBUG]: Skipping Lnet/minecraft/world/inventory/ResultSlot;
[23:09:20] [main/DEBUG]: Skipping Lnet/minecraft/world/inventory/RecipeBookType;
[23:09:20] [main/DEBUG]: Skipping Lnet/minecraft/world/inventory/RecipeBookMenu;
[23:09:20] [main/DEBUG]: Transforming class Lnet/minecraft/world/inventory/MenuType;
[23:09:20] [main/DEBUG]: Transforming net/minecraft/world/inventory/MenuType INNERCLASS MenuSupplier to access PUBLIC and LEAVE
[23:09:20] [main/DEBUG]: Transforming net/minecraft/world/inventory/MenuType METHOD <init>(Lnet/minecraft/world/inventory/MenuType$MenuSupplier;Lnet/minecraft/world/flag/FeatureFlagSet;)V to access PUBLIC and LEAVE
[23:09:20] [main/DEBUG]: Transforming class Lnet/minecraft/world/inventory/MenuType$MenuSupplier;
[23:09:20] [main/DEBUG]: Transforming net/minecraft/world/inventory/MenuType$MenuSupplier CLASS to access PUBLIC and LEAVE
[23:09:20] [main/DEBUG]: Skipping Lnet/minecraft/world/inventory/GrindstoneMenu;
[23:09:20] [main/DEBUG]: Skipping Lnet/minecraft/world/inventory/GrindstoneMenu$4;
[23:09:20] [main/DEBUG]: Skipping Lnet/minecraft/world/inventory/GrindstoneMenu$3;
[23:09:20] [main/DEBUG]: Skipping Lnet/minecraft/world/inventory/GrindstoneMenu$2;
[23:09:20] [main/DEBUG]: Skipping Lnet/minecraft/world/inventory/GrindstoneMenu$1;
[23:09:20] [main/DEBUG]: Skipping Lnet/minecraft/world/inventory/FurnaceResultSlot;
[23:09:20] [main/DEBUG]: Skipping Lnet/minecraft/world/inventory/EnchantmentMenu;
[23:09:20] [main/DEBUG]: Skipping Lnet/minecraft/world/inventory/EnchantmentMenu$3;
[23:09:20] [main/DEBUG]: Skipping Lnet/minecraft/world/inventory/EnchantmentMenu$2;
[23:09:20] [main/DEBUG]: Skipping Lnet/minecraft/world/inventory/EnchantmentMenu$1;
[23:09:20] [main/DEBUG]: Transforming class Lnet/minecraft/world/inventory/BrewingStandMenu;
[23:09:20] [main/DEBUG]: Transforming net/minecraft/world/inventory/BrewingStandMenu INNERCLASS PotionSlot to access PUBLIC and LEAVE
[23:09:20] [main/DEBUG]: Transforming class Lnet/minecraft/world/inventory/BrewingStandMenu$PotionSlot;
[23:09:20] [main/DEBUG]: Transforming net/minecraft/world/inventory/BrewingStandMenu$PotionSlot CLASS to access PUBLIC and LEAVE
[23:09:20] [main/DEBUG]: Skipping Lnet/minecraft/world/inventory/BrewingStandMenu$IngredientsSlot;
[23:09:20] [main/DEBUG]: Skipping Lnet/minecraft/world/inventory/BrewingStandMenu$FuelSlot;
[23:09:20] [main/DEBUG]: Skipping Lnet/minecraft/world/inventory/BeaconMenu;
[23:09:20] [main/DEBUG]: Skipping Lnet/minecraft/world/inventory/BeaconMenu$PaymentSlot;
[23:09:20] [main/DEBUG]: Skipping Lnet/minecraft/world/inventory/BeaconMenu$1;
[23:09:20] [main/DEBUG]: Skipping Lnet/minecraft/world/inventory/ArmorSlot;
[23:09:20] [main/DEBUG]: Transforming class Lnet/minecraft/world/inventory/AnvilMenu;
[23:09:20] [main/DEBUG]: Transforming net/minecraft/world/inventory/AnvilMenu FIELD f_39000_ to access PUBLIC and LEAVE
[23:09:20] [main/DEBUG]: Skipping Lnet/minecraft/world/inventory/AbstractFurnaceMenu;
[23:09:20] [main/DEBUG]: Skipping Lnet/minecraft/world/inventory/AbstractContainerMenu;
[23:09:20] [main/DEBUG]: Skipping Lnet/minecraft/world/inventory/AbstractContainerMenu$1;
[23:09:20] [main/DEBUG]: Skipping Lnet/minecraft/world/food/package-info;
[23:09:20] [main/DEBUG]: Skipping Lnet/minecraft/world/food/Foods;
[23:09:20] [main/DEBUG]: Skipping Lnet/minecraft/world/food/FoodProperties;
[23:09:20] [main/DEBUG]: Skipping Lnet/minecraft/world/food/FoodProperties$PossibleEffect;
[23:09:20] [main/DEBUG]: Skipping Lnet/minecraft/world/food/FoodProperties$Builder;
[23:09:20] [main/DEBUG]: Skipping Lnet/minecraft/world/food/FoodData;
[23:09:20] [main/DEBUG]: Skipping Lnet/minecraft/world/food/FoodConstants;
[23:09:20] [main/DEBUG]: Skipping Lnet/minecraft/world/flag/package-info;
[23:09:20] [main/DEBUG]: Skipping Lnet/minecraft/world/flag/FeatureFlags;
[23:09:20] [main/DEBUG]: Skipping Lnet/minecraft/world/flag/FeatureFlagUniverse;
[23:09:20] [main/DEBUG]: Skipping Lnet/minecraft/world/flag/FeatureFlagSet;
[23:09:20] [main/DEBUG]: Skipping Lnet/minecraft/world/flag/FeatureFlagRegistry;
[23:09:20] [main/DEBUG]: Skipping Lnet/minecraft/world/flag/FeatureFlagRegistry$Builder;
[23:09:20] [main/DEBUG]: Skipping Lnet/minecraft/world/flag/FeatureFlag;
[23:09:20] [main/DEBUG]: Skipping Lnet/minecraft/world/flag/FeatureElement;
[23:09:20] [main/DEBUG]: Skipping Lnet/minecraft/world/entity/vehicle/package-info;
[23:09:20] [main/DEBUG]: Skipping Lnet/minecraft/world/entity/vehicle/VehicleEntity;
[23:09:20] [main/DEBUG]: Skipping Lnet/minecraft/world/entity/vehicle/MinecartTNT;
[23:09:20] [main/DEBUG]: Skipping Lnet/minecraft/world/entity/vehicle/MinecartHopper;
[23:09:20] [main/DEBUG]: Skipping Lnet/minecraft/world/entity/vehicle/MinecartChest;
[23:09:20] [main/DEBUG]: Skipping Lnet/minecraft/world/entity/vehicle/DismountHelper;
[23:09:20] [main/DEBUG]: Skipping Lnet/minecraft/world/entity/vehicle/MinecartSpawner;
[23:09:20] [main/DEBUG]: Skipping Lnet/minecraft/world/entity/vehicle/MinecartSpawner$1;
[23:09:20] [main/DEBUG]: Skipping Lnet/minecraft/world/entity/vehicle/MinecartFurnace;
[23:09:20] [main/DEBUG]: Skipping Lnet/minecraft/world/entity/vehicle/MinecartCommandBlock;
[23:09:20] [main/DEBUG]: Skipping Lnet/minecraft/world/entity/vehicle/MinecartCommandBlock$MinecartCommandBase;
[23:09:20] [main/DEBUG]: Skipping Lnet/minecraft/world/entity/vehicle/Minecart;
[23:09:20] [main/DEBUG]: Skipping Lnet/minecraft/world/entity/vehicle/ContainerEntity;
[23:09:20] [main/DEBUG]: Skipping Lnet/minecraft/world/entity/vehicle/ContainerEntity$1;
[23:09:20] [main/DEBUG]: Skipping Lnet/minecraft/world/entity/vehicle/ChestBoat;
[23:09:20] [main/DEBUG]: Skipping Lnet/minecraft/world/entity/vehicle/ChestBoat$1;
[23:09:20] [main/DEBUG]: Skipping Lnet/minecraft/world/entity/vehicle/Boat;
[23:09:20] [main/DEBUG]: Skipping Lnet/minecraft/world/entity/vehicle/Boat$Type;
[23:09:20] [main/DEBUG]: Skipping Lnet/minecraft/world/entity/vehicle/Boat$Status;
[23:09:20] [main/DEBUG]: Skipping Lnet/minecraft/world/entity/vehicle/AbstractMinecartContainer;
[23:09:20] [main/DEBUG]: Skipping Lnet/minecraft/world/entity/vehicle/AbstractMinecart;
[23:09:20] [main/DEBUG]: Skipping Lnet/minecraft/world/entity/vehicle/AbstractMinecart$Type;
[23:09:20] [main/DEBUG]: Skipping Lnet/minecraft/world/entity/vehicle/AbstractMinecart$1;
[23:09:20] [main/DEBUG]: Skipping Lnet/minecraft/world/entity/schedule/package-info;
[23:09:20] [main/DEBUG]: Skipping Lnet/minecraft/world/entity/schedule/Timeline;
[23:09:20] [main/DEBUG]: Skipping Lnet/minecraft/world/entity/schedule/ScheduleBuilder;
[23:09:20] [main/DEBUG]: Skipping Lnet/minecraft/world/entity/schedule/ScheduleBuilder$ActivityTransition;
[23:09:20] [main/DEBUG]: Skipping Lnet/minecraft/world/entity/schedule/Schedule;
[23:09:20] [main/DEBUG]: Skipping Lnet/minecraft/world/entity/schedule/Keyframe;
[23:09:20] [main/DEBUG]: Transforming class Lnet/minecraft/world/entity/schedule/Activity;
[23:09:20] [main/DEBUG]: Transforming net/minecraft/world/entity/schedule/Activity METHOD <init>(Ljava/lang/String;)V to access PUBLIC and LEAVE
[23:09:20] [main/DEBUG]: Skipping Lnet/minecraft/world/entity/raid/package-info;
[23:09:20] [main/DEBUG]: Skipping Lnet/minecraft/world/entity/raid/Raids;
[23:09:20] [main/DEBUG]: Skipping Lnet/minecraft/world/entity/raid/Raider;
[23:09:20] [main/DEBUG]: Skipping Lnet/minecraft/world/entity/raid/Raider$RaiderMoveThroughVillageGoal;
[23:09:20] [main/DEBUG]: Skipping Lnet/minecraft/world/entity/raid/Raider$RaiderCelebration;
[23:09:20] [main/DEBUG]: Skipping Lnet/minecraft/world/entity/raid/Raider$ObtainRaidLeaderBannerGoal;
[23:09:20] [main/DEBUG]: Skipping Lnet/minecraft/world/entity/raid/Raider$HoldGroundAttackGoal;
[23:09:20] [main/DEBUG]: Skipping Lnet/minecraft/world/entity/raid/Raid;
[23:09:20] [main/DEBUG]: Transforming class Lnet/minecraft/world/entity/raid/Raid$RaiderType;
[23:09:20] [main/DEBUG]: Transforming net/minecraft/world/entity/raid/Raid$RaiderType FIELD f_37813_ to access PRIVATE and REMOVEFINAL
[23:09:20] [main/DEBUG]: Skipping Lnet/minecraft/world/entity/raid/Raid$RaidStatus;
[23:09:20] [main/DEBUG]: Skipping Lnet/minecraft/world/entity/raid/Raid$1;
[23:09:20] [main/DEBUG]: Skipping Lnet/minecraft/world/entity/projectile/windcharge/WindCharge;
[23:09:20] [main/DEBUG]: Skipping Lnet/minecraft/world/entity/projectile/windcharge/BreezeWindCharge;
[23:09:20] [main/DEBUG]: Skipping Lnet/minecraft/world/entity/projectile/windcharge/AbstractWindCharge;
[23:09:20] [main/DEBUG]: Skipping Lnet/minecraft/world/entity/projectile/package-info;
[23:09:20] [main/DEBUG]: Skipping Lnet/minecraft/world/entity/projectile/ThrownTrident;
[23:09:20] [main/DEBUG]: Skipping Lnet/minecraft/world/entity/projectile/ThrownPotion;
[23:09:20] [main/DEBUG]: Skipping Lnet/minecraft/world/entity/projectile/ThrownExperienceBottle;
[23:09:20] [main/DEBUG]: Skipping Lnet/minecraft/world/entity/projectile/ThrownEgg;
[23:09:20] [main/DEBUG]: Skipping Lnet/minecraft/world/entity/projectile/ThrowableItemProjectile;
[23:09:20] [main/DEBUG]: Skipping Lnet/minecraft/world/entity/projectile/SpectralArrow;
[23:09:20] [main/DEBUG]: Skipping Lnet/minecraft/world/entity/projectile/Snowball;
[23:09:20] [main/DEBUG]: Skipping Lnet/minecraft/world/entity/projectile/ProjectileDeflection;
[23:09:20] [main/DEBUG]: Skipping Lnet/minecraft/world/entity/projectile/ItemSupplier;
[23:09:20] [main/DEBUG]: Skipping Lnet/minecraft/world/entity/projectile/Fireball;
[23:09:20] [main/DEBUG]: Skipping Lnet/minecraft/world/entity/projectile/EyeOfEnder;
[23:09:20] [main/DEBUG]: Skipping Lnet/minecraft/world/entity/projectile/EvokerFangs;
[23:09:20] [main/DEBUG]: Skipping Lnet/minecraft/world/entity/projectile/DragonFireball;
[23:09:20] [main/DEBUG]: Skipping Lnet/minecraft/world/entity/projectile/Arrow;
[23:09:20] [main/DEBUG]: Skipping Lnet/minecraft/world/entity/projectile/AbstractArrow$1;
[23:09:20] [main/DEBUG]: Skipping Lnet/minecraft/world/entity/projectile/WitherSkull;
[23:09:20] [main/DEBUG]: Skipping Lnet/minecraft/world/entity/projectile/ThrownEnderpearl;
[23:09:20] [main/DEBUG]: Skipping Lnet/minecraft/world/entity/projectile/ThrowableProjectile;
[23:09:20] [main/DEBUG]: Skipping Lnet/minecraft/world/entity/projectile/SmallFireball;
[23:09:20] [main/DEBUG]: Skipping Lnet/minecraft/world/entity/projectile/ShulkerBullet;
[23:09:20] [main/DEBUG]: Skipping Lnet/minecraft/world/entity/projectile/ProjectileUtil;
[23:09:20] [main/DEBUG]: Transforming class Lnet/minecraft/world/entity/projectile/Projectile;
[23:09:20] [main/DEBUG]: Transforming net/minecraft/world/entity/projectile/Projectile METHOD <init>(Lnet/minecraft/world/entity/EntityType;Lnet/minecraft/world/level/Level;)V to access PROTECTED and LEAVE
[23:09:20] [main/DEBUG]: Skipping Lnet/minecraft/world/entity/projectile/LlamaSpit;
[23:09:20] [main/DEBUG]: Skipping Lnet/minecraft/world/entity/projectile/LargeFireball;
[23:09:20] [main/DEBUG]: Skipping Lnet/minecraft/world/entity/projectile/FishingHook;
[23:09:20] [main/DEBUG]: Skipping Lnet/minecraft/world/entity/projectile/FishingHook$OpenWaterType;
[23:09:20] [main/DEBUG]: Skipping Lnet/minecraft/world/entity/projectile/FishingHook$FishHookState;
[23:09:20] [main/DEBUG]: Skipping Lnet/minecraft/world/entity/projectile/FireworkRocketEntity;
[23:09:20] [main/DEBUG]: Skipping Lnet/minecraft/world/entity/projectile/AbstractHurtingProjectile;
[23:09:20] [main/DEBUG]: Skipping Lnet/minecraft/world/entity/projectile/AbstractArrow;
[23:09:20] [main/DEBUG]: Skipping Lnet/minecraft/world/entity/projectile/AbstractArrow$Pickup;
[23:09:20] [main/DEBUG]: Skipping Lnet/minecraft/world/entity/player/package-info;
[23:09:20] [main/DEBUG]: Skipping Lnet/minecraft/world/entity/player/StackedContents;
[23:09:20] [main/DEBUG]: Skipping Lnet/minecraft/world/entity/player/StackedContents$RecipePicker;
[23:09:20] [main/DEBUG]: Skipping Lnet/minecraft/world/entity/player/ProfilePublicKey;
[23:09:20] [main/DEBUG]: Skipping Lnet/minecraft/world/entity/player/ProfilePublicKey$ValidationException;
[23:09:20] [main/DEBUG]: Skipping Lnet/minecraft/world/entity/player/ProfilePublicKey$Data;
[23:09:20] [main/DEBUG]: Skipping Lnet/minecraft/world/entity/player/ProfileKeyPair;
[23:09:20] [main/DEBUG]: Skipping Lnet/minecraft/world/entity/player/PlayerModelPart;
[23:09:20] [main/DEBUG]: Skipping Lnet/minecraft/world/entity/player/ChatVisiblity;
[23:09:20] [main/DEBUG]: Skipping Lnet/minecraft/world/entity/player/Abilities;
[23:09:20] [main/DEBUG]: Transforming class Lnet/minecraft/world/entity/player/Player;
[23:09:20] [main/DEBUG]: Transforming net/minecraft/world/entity/player/Player METHOD m_6915_()V to access PUBLIC and LEAVE
[23:09:20] [main/DEBUG]: Skipping Lnet/minecraft/world/entity/player/Player$BedSleepingProblem;
[23:09:20] [main/DEBUG]: Skipping Lnet/minecraft/world/entity/player/Player$2;
[23:09:20] [main/DEBUG]: Skipping Lnet/minecraft/world/entity/player/Player$1;
[23:09:20] [main/DEBUG]: Skipping Lnet/minecraft/world/entity/player/Inventory;
[23:09:20] [main/DEBUG]: Skipping Lnet/minecraft/world/entity/package-info;
[23:09:20] [main/DEBUG]: Skipping Lnet/minecraft/world/entity/npc/package-info;
[23:09:20] [main/DEBUG]: Skipping Lnet/minecraft/world/entity/npc/WanderingTraderSpawner;
[23:09:20] [main/DEBUG]: Skipping Lnet/minecraft/world/entity/npc/WanderingTrader;
[23:09:20] [main/DEBUG]: Skipping Lnet/minecraft/world/entity/npc/WanderingTrader$WanderToPositionGoal;
[23:09:20] [main/DEBUG]: Skipping Lnet/minecraft/world/entity/npc/VillagerProfession;
[23:09:20] [main/DEBUG]: Skipping Lnet/minecraft/world/entity/npc/VillagerDataHolder;
[23:09:20] [main/DEBUG]: Skipping Lnet/minecraft/world/entity/npc/VillagerData;
[23:09:20] [main/DEBUG]: Skipping Lnet/minecraft/world/entity/npc/Npc;
[23:09:20] [main/DEBUG]: Skipping Lnet/minecraft/world/entity/npc/InventoryCarrier;
[23:09:20] [main/DEBUG]: Skipping Lnet/minecraft/world/entity/npc/ClientSideMerchant;
[23:09:20] [main/DEBUG]: Transforming class Lnet/minecraft/world/entity/npc/VillagerType;
[23:09:20] [main/DEBUG]: Transforming net/minecraft/world/entity/npc/VillagerType METHOD <init>(Ljava/lang/String;)V to access PUBLIC and LEAVE
[23:09:20] [main/DEBUG]: Transforming class Lnet/minecraft/world/entity/npc/VillagerTrades;
[23:09:20] [main/DEBUG]: Transforming net/minecraft/world/entity/npc/VillagerTrades INNERCLASS ItemsForEmeralds to access PUBLIC and LEAVE
[23:09:20] [main/DEBUG]: Transforming net/minecraft/world/entity/npc/VillagerTrades INNERCLASS FailureItemListing to access PUBLIC and LEAVE
[23:09:20] [main/DEBUG]: Transforming net/minecraft/world/entity/npc/VillagerTrades INNERCLASS DyedArmorForEmeralds to access PUBLIC and LEAVE
[23:09:20] [main/DEBUG]: Transforming net/minecraft/world/entity/npc/VillagerTrades INNERCLASS EmeraldForItems to access PUBLIC and LEAVE
[23:09:20] [main/DEBUG]: Transforming net/minecraft/world/entity/npc/VillagerTrades INNERCLASS EnchantBookForEmeralds to access PUBLIC and LEAVE
[23:09:20] [main/DEBUG]: Transforming net/minecraft/world/entity/npc/VillagerTrades INNERCLASS SuspiciousStewForEmerald to access PUBLIC and LEAVE
[23:09:20] [main/DEBUG]: Transforming net/minecraft/world/entity/npc/VillagerTrades INNERCLASS ItemsAndEmeraldsToItems to access PUBLIC and LEAVE
[23:09:20] [main/DEBUG]: Transforming net/minecraft/world/entity/npc/VillagerTrades INNERCLASS EnchantedItemForEmeralds to access PUBLIC and LEAVE
[23:09:20] [main/DEBUG]: Transforming net/minecraft/world/entity/npc/VillagerTrades INNERCLASS EmeraldsForVillagerTypeItem to access PUBLIC and LEAVE
[23:09:20] [main/DEBUG]: Transforming net/minecraft/world/entity/npc/VillagerTrades INNERCLASS TreasureMapForEmeralds to access PUBLIC and LEAVE
[23:09:20] [main/DEBUG]: Transforming net/minecraft/world/entity/npc/VillagerTrades INNERCLASS TippedArrowForItemsAndEmeralds to access PUBLIC and LEAVE
[23:09:20] [main/DEBUG]: Transforming net/minecraft/world/entity/npc/VillagerTrades INNERCLASS TypeSpecificTrade to access PUBLIC and LEAVE
[23:09:20] [main/DEBUG]: Transforming class Lnet/minecraft/world/entity/npc/VillagerTrades$TypeSpecificTrade;
[23:09:20] [main/DEBUG]: Transforming net/minecraft/world/entity/npc/VillagerTrades$TypeSpecificTrade CLASS to access PUBLIC and LEAVE
[23:09:20] [main/DEBUG]: Transforming class Lnet/minecraft/world/entity/npc/VillagerTrades$TreasureMapForEmeralds;
[23:09:20] [main/DEBUG]: Transforming net/minecraft/world/entity/npc/VillagerTrades$TreasureMapForEmeralds CLASS to access PUBLIC and LEAVE
[23:09:20] [main/DEBUG]: Transforming class Lnet/minecraft/world/entity/npc/VillagerTrades$TippedArrowForItemsAndEmeralds;
[23:09:20] [main/DEBUG]: Transforming net/minecraft/world/entity/npc/VillagerTrades$TippedArrowForItemsAndEmeralds CLASS to access PUBLIC and LEAVE
[23:09:20] [main/DEBUG]: Transforming class Lnet/minecraft/world/entity/npc/VillagerTrades$SuspiciousStewForEmerald;
[23:09:20] [main/DEBUG]: Transforming net/minecraft/world/entity/npc/VillagerTrades$SuspiciousStewForEmerald CLASS to access PUBLIC and LEAVE
[23:09:20] [main/DEBUG]: Transforming class Lnet/minecraft/world/entity/npc/VillagerTrades$ItemsForEmeralds;
[23:09:20] [main/DEBUG]: Transforming net/minecraft/world/entity/npc/VillagerTrades$ItemsForEmeralds CLASS to access PUBLIC and LEAVE
[23:09:20] [main/DEBUG]: Transforming class Lnet/minecraft/world/entity/npc/VillagerTrades$ItemsAndEmeraldsToItems;
[23:09:20] [main/DEBUG]: Transforming net/minecraft/world/entity/npc/VillagerTrades$ItemsAndEmeraldsToItems CLASS to access PUBLIC and LEAVE
[23:09:20] [main/DEBUG]: Skipping Lnet/minecraft/world/entity/npc/VillagerTrades$ItemListing;
[23:09:20] [main/DEBUG]: Transforming class Lnet/minecraft/world/entity/npc/VillagerTrades$FailureItemListing;
[23:09:20] [main/DEBUG]: Transforming net/minecraft/world/entity/npc/VillagerTrades$FailureItemListing CLASS to access PUBLIC and LEAVE
[23:09:20] [main/DEBUG]: Transforming class Lnet/minecraft/world/entity/npc/VillagerTrades$EnchantedItemForEmeralds;
[23:09:20] [main/DEBUG]: Transforming net/minecraft/world/entity/npc/VillagerTrades$EnchantedItemForEmeralds CLASS to access PUBLIC and LEAVE
[23:09:20] [main/DEBUG]: Transforming class Lnet/minecraft/world/entity/npc/VillagerTrades$EnchantBookForEmeralds;
[23:09:20] [main/DEBUG]: Transforming net/minecraft/world/entity/npc/VillagerTrades$EnchantBookForEmeralds CLASS to access PUBLIC and LEAVE
[23:09:20] [main/DEBUG]: Transforming class Lnet/minecraft/world/entity/npc/VillagerTrades$EmeraldsForVillagerTypeItem;
[23:09:20] [main/DEBUG]: Transforming net/minecraft/world/entity/npc/VillagerTrades$EmeraldsForVillagerTypeItem CLASS to access PUBLIC and LEAVE
[23:09:20] [main/DEBUG]: Transforming class Lnet/minecraft/world/entity/npc/VillagerTrades$EmeraldForItems;
[23:09:20] [main/DEBUG]: Transforming net/minecraft/world/entity/npc/VillagerTrades$EmeraldForItems CLASS to access PUBLIC and LEAVE
[23:09:20] [main/DEBUG]: Transforming class Lnet/minecraft/world/entity/npc/VillagerTrades$DyedArmorForEmeralds;
[23:09:20] [main/DEBUG]: Transforming net/minecraft/world/entity/npc/VillagerTrades$DyedArmorForEmeralds CLASS to access PUBLIC and LEAVE
[23:09:20] [main/DEBUG]: Skipping Lnet/minecraft/world/entity/npc/Villager;
[23:09:20] [main/DEBUG]: Skipping Lnet/minecraft/world/entity/npc/CatSpawner;
[23:09:20] [main/DEBUG]: Skipping Lnet/minecraft/world/entity/npc/AbstractVillager;
[23:09:20] [main/DEBUG]: Skipping Lnet/minecraft/world/entity/monster/warden/package-info;
[23:09:20] [main/DEBUG]: Skipping Lnet/minecraft/world/entity/monster/warden/WardenSpawnTracker;
[23:09:20] [main/DEBUG]: Skipping Lnet/minecraft/world/entity/monster/warden/WardenAi;
[23:09:20] [main/DEBUG]: Skipping Lnet/minecraft/world/entity/monster/warden/Warden;
[23:09:20] [main/DEBUG]: Skipping Lnet/minecraft/world/entity/monster/warden/Warden$VibrationUser;
[23:09:20] [main/DEBUG]: Skipping Lnet/minecraft/world/entity/monster/warden/Warden$2;
[23:09:20] [main/DEBUG]: Skipping Lnet/minecraft/world/entity/monster/warden/Warden$1;
[23:09:20] [main/DEBUG]: Skipping Lnet/minecraft/world/entity/monster/warden/Warden$1$1;
[23:09:20] [main/DEBUG]: Skipping Lnet/minecraft/world/entity/monster/warden/AngerManagement;
[23:09:20] [main/DEBUG]: Skipping Lnet/minecraft/world/entity/monster/warden/AngerManagement$Sorter;
[23:09:20] [main/DEBUG]: Skipping Lnet/minecraft/world/entity/monster/warden/AngerManagement$1;
[23:09:20] [main/DEBUG]: Skipping Lnet/minecraft/world/entity/monster/warden/AngerLevel;
[23:09:20] [main/DEBUG]: Skipping Lnet/minecraft/world/entity/monster/piglin/package-info;
[23:09:20] [main/DEBUG]: Skipping Lnet/minecraft/world/entity/monster/piglin/StopAdmiringIfTiredOfTryingToReachItem;
[23:09:20] [main/DEBUG]: Skipping Lnet/minecraft/world/entity/monster/piglin/StopAdmiringIfItemTooFarAway;
[23:09:20] [main/DEBUG]: Skipping Lnet/minecraft/world/entity/monster/piglin/StartHuntingHoglin;
[23:09:20] [main/DEBUG]: Skipping Lnet/minecraft/world/entity/monster/piglin/StartAdmiringItemIfSeen;
[23:09:20] [main/DEBUG]: Skipping Lnet/minecraft/world/entity/monster/piglin/RememberIfHoglinWasKilled;
[23:09:20] [main/DEBUG]: Skipping Lnet/minecraft/world/entity/monster/piglin/PiglinBruteAi;
[23:09:20] [main/DEBUG]: Skipping Lnet/minecraft/world/entity/monster/piglin/PiglinBrute;
[23:09:20] [main/DEBUG]: Skipping Lnet/minecraft/world/entity/monster/piglin/PiglinArmPose;
[23:09:20] [main/DEBUG]: Skipping Lnet/minecraft/world/entity/monster/piglin/StopHoldingItemIfNoLongerAdmiring;
[23:09:20] [main/DEBUG]: Skipping Lnet/minecraft/world/entity/monster/piglin/PiglinAi;
[23:09:20] [main/DEBUG]: Skipping Lnet/minecraft/world/entity/monster/piglin/Piglin;
[23:09:20] [main/DEBUG]: Skipping Lnet/minecraft/world/entity/monster/piglin/AbstractPiglin;
[23:09:20] [main/DEBUG]: Skipping Lnet/minecraft/world/entity/monster/package-info;
[23:09:20] [main/DEBUG]: Skipping Lnet/minecraft/world/entity/monster/hoglin/package-info;
[23:09:20] [main/DEBUG]: Skipping Lnet/minecraft/world/entity/monster/hoglin/HoglinBase;
[23:09:20] [main/DEBUG]: Skipping Lnet/minecraft/world/entity/monster/hoglin/HoglinAi;
[23:09:20] [main/DEBUG]: Skipping Lnet/minecraft/world/entity/monster/hoglin/Hoglin;
[23:09:20] [main/DEBUG]: Skipping Lnet/minecraft/world/entity/monster/breeze/package-info;
[23:09:20] [main/DEBUG]: Skipping Lnet/minecraft/world/entity/monster/breeze/Slide;
[23:09:20] [main/DEBUG]: Skipping Lnet/minecraft/world/entity/monster/breeze/ShootWhenStuck;
[23:09:20] [main/DEBUG]: Skipping Lnet/minecraft/world/entity/monster/breeze/Shoot;
[23:09:20] [main/DEBUG]: Skipping Lnet/minecraft/world/entity/monster/breeze/LongJump;
[23:09:20] [main/DEBUG]: Skipping Lnet/minecraft/world/entity/monster/breeze/BreezeUtil;
[23:09:20] [main/DEBUG]: Skipping Lnet/minecraft/world/entity/monster/breeze/BreezeAi;
[23:09:20] [main/DEBUG]: Skipping Lnet/minecraft/world/entity/monster/breeze/BreezeAi$SlideToTargetSink;
[23:09:20] [main/DEBUG]: Skipping Lnet/minecraft/world/entity/monster/breeze/Breeze;
[23:09:20] [main/DEBUG]: Skipping Lnet/minecraft/world/entity/monster/breeze/Breeze$1;
[23:09:20] [main/DEBUG]: Skipping Lnet/minecraft/world/entity/monster/ZombifiedPiglin;
[23:09:20] [main/DEBUG]: Skipping Lnet/minecraft/world/entity/monster/Zoglin;
[23:09:20] [main/DEBUG]: Transforming class Lnet/minecraft/world/entity/monster/WitherSkeleton;
[23:09:20] [main/DEBUG]: Transforming net/minecraft/world/entity/monster/WitherSkeleton METHOD m_7878_()Lnet/minecraft/sounds/SoundEvent; to access PROTECTED and LEAVE
[23:09:20] [main/DEBUG]: Skipping Lnet/minecraft/world/entity/monster/Witch;
[23:09:20] [main/DEBUG]: Skipping Lnet/minecraft/world/entity/monster/Vindicator;
[23:09:20] [main/DEBUG]: Skipping Lnet/minecraft/world/entity/monster/Vindicator$VindicatorJohnnyAttackGoal;
[23:09:20] [main/DEBUG]: Skipping Lnet/minecraft/world/entity/monster/Vindicator$VindicatorBreakDoorGoal;
[23:09:20] [main/DEBUG]: Skipping Lnet/minecraft/world/entity/monster/Vex;
[23:09:20] [main/DEBUG]: Skipping Lnet/minecraft/world/entity/monster/Vex$VexRandomMoveGoal;
[23:09:20] [main/DEBUG]: Skipping Lnet/minecraft/world/entity/monster/Vex$VexMoveControl;
[23:09:20] [main/DEBUG]: Skipping Lnet/minecraft/world/entity/monster/Vex$VexCopyOwnerTargetGoal;
[23:09:20] [main/DEBUG]: Skipping Lnet/minecraft/world/entity/monster/Vex$VexChargeAttackGoal;
[23:09:20] [main/DEBUG]: Skipping Lnet/minecraft/world/entity/monster/Strider;
[23:09:20] [main/DEBUG]: Skipping Lnet/minecraft/world/entity/monster/Strider$StriderPathNavigation;
[23:09:20] [main/DEBUG]: Skipping Lnet/minecraft/world/entity/monster/Strider$StriderGoToLavaGoal;
[23:09:20] [main/DEBUG]: Transforming class Lnet/minecraft/world/entity/monster/Stray;
[23:09:20] [main/DEBUG]: Transforming net/minecraft/world/entity/monster/Stray METHOD m_7878_()Lnet/minecraft/sounds/SoundEvent; to access PROTECTED and LEAVE
[23:09:20] [main/DEBUG]: Skipping Lnet/minecraft/world/entity/monster/SpellcasterIllager;
[23:09:20] [main/DEBUG]: Skipping Lnet/minecraft/world/entity/monster/SpellcasterIllager$SpellcasterUseSpellGoal;
[23:09:20] [main/DEBUG]: Skipping Lnet/minecraft/world/entity/monster/SpellcasterIllager$SpellcasterCastingSpellGoal;
[23:09:20] [main/DEBUG]: Skipping Lnet/minecraft/world/entity/monster/SpellcasterIllager$IllagerSpell;
[23:09:20] [main/DEBUG]: Skipping Lnet/minecraft/world/entity/monster/RangedAttackMob;
[23:09:20] [main/DEBUG]: Skipping Lnet/minecraft/world/entity/monster/Phantom;
[23:09:20] [main/DEBUG]: Skipping Lnet/minecraft/world/entity/monster/Phantom$PhantomSweepAttackGoal;
[23:09:20] [main/DEBUG]: Skipping Lnet/minecraft/world/entity/monster/Phantom$PhantomMoveTargetGoal;
[23:09:20] [main/DEBUG]: Skipping Lnet/minecraft/world/entity/monster/Phantom$PhantomMoveControl;
[23:09:20] [main/DEBUG]: Skipping Lnet/minecraft/world/entity/monster/Phantom$PhantomLookControl;
[23:09:20] [main/DEBUG]: Skipping Lnet/minecraft/world/entity/monster/Phantom$PhantomCircleAroundAnchorGoal;
[23:09:20] [main/DEBUG]: Skipping Lnet/minecraft/world/entity/monster/Phantom$PhantomBodyRotationControl;
[23:09:20] [main/DEBUG]: Skipping Lnet/minecraft/world/entity/monster/Phantom$PhantomAttackStrategyGoal;
[23:09:20] [main/DEBUG]: Skipping Lnet/minecraft/world/entity/monster/Phantom$PhantomAttackPlayerTargetGoal;
[23:09:20] [main/DEBUG]: Skipping Lnet/minecraft/world/entity/monster/Phantom$AttackPhase;
[23:09:20] [main/DEBUG]: Skipping Lnet/minecraft/world/entity/monster/PatrollingMonster;
[23:09:20] [main/DEBUG]: Skipping Lnet/minecraft/world/entity/monster/PatrollingMonster$LongDistancePatrolGoal;
[23:09:20] [main/DEBUG]: Skipping Lnet/minecraft/world/entity/monster/Guardian;
[23:09:20] [main/DEBUG]: Skipping Lnet/minecraft/world/entity/monster/Guardian$GuardianMoveControl;
[23:09:20] [main/DEBUG]: Skipping Lnet/minecraft/world/entity/monster/Guardian$GuardianAttackSelector;
[23:09:20] [main/DEBUG]: Skipping Lnet/minecraft/world/entity/monster/Guardian$GuardianAttackGoal;
[23:09:20] [main/DEBUG]: Skipping Lnet/minecraft/world/entity/monster/Giant;
[23:09:20] [main/DEBUG]: Skipping Lnet/minecraft/world/entity/monster/Ghast;
[23:09:20] [main/DEBUG]: Skipping Lnet/minecraft/world/entity/monster/Ghast$RandomFloatAroundGoal;
[23:09:20] [main/DEBUG]: Skipping Lnet/minecraft/world/entity/monster/Ghast$GhastShootFireballGoal;
[23:09:20] [main/DEBUG]: Skipping Lnet/minecraft/world/entity/monster/Ghast$GhastMoveControl;
[23:09:20] [main/DEBUG]: Skipping Lnet/minecraft/world/entity/monster/Ghast$GhastLookGoal;
[23:09:20] [main/DEBUG]: Skipping Lnet/minecraft/world/entity/monster/Enemy;
[23:09:20] [main/DEBUG]: Skipping Lnet/minecraft/world/entity/monster/Endermite;
[23:09:20] [main/DEBUG]: Skipping Lnet/minecraft/world/entity/monster/ElderGuardian;
[23:09:20] [main/DEBUG]: Skipping Lnet/minecraft/world/entity/monster/Drowned;
[23:09:20] [main/DEBUG]: Skipping Lnet/minecraft/world/entity/monster/Drowned$DrownedTridentAttackGoal;
[23:09:20] [main/DEBUG]: Skipping Lnet/minecraft/world/entity/monster/Drowned$DrownedSwimUpGoal;
[23:09:20] [main/DEBUG]: Skipping Lnet/minecraft/world/entity/monster/Drowned$DrownedMoveControl;
[23:09:20] [main/DEBUG]: Skipping Lnet/minecraft/world/entity/monster/Drowned$DrownedGoToWaterGoal;
[23:09:20] [main/DEBUG]: Skipping Lnet/minecraft/world/entity/monster/Drowned$DrownedGoToBeachGoal;
[23:09:20] [main/DEBUG]: Skipping Lnet/minecraft/world/entity/monster/Drowned$DrownedAttackGoal;
[23:09:20] [main/DEBUG]: Skipping Lnet/minecraft/world/entity/monster/Creeper;
[23:09:20] [main/DEBUG]: Skipping Lnet/minecraft/world/entity/monster/CaveSpider;
[23:09:20] [main/DEBUG]: Skipping Lnet/minecraft/world/entity/monster/Blaze;
[23:09:20] [main/DEBUG]: Skipping Lnet/minecraft/world/entity/monster/Blaze$BlazeAttackGoal;
[23:09:20] [main/DEBUG]: Skipping Lnet/minecraft/world/entity/monster/AbstractIllager;
[23:09:20] [main/DEBUG]: Skipping Lnet/minecraft/world/entity/monster/AbstractIllager$RaiderOpenDoorGoal;
[23:09:20] [main/DEBUG]: Skipping Lnet/minecraft/world/entity/monster/AbstractIllager$IllagerArmPose;
[23:09:20] [main/DEBUG]: Skipping Lnet/minecraft/world/entity/monster/ZombieVillager;
[23:09:20] [main/DEBUG]: Transforming class Lnet/minecraft/world/entity/monster/Zombie;
[23:09:20] [main/DEBUG]: Transforming net/minecraft/world/entity/monster/Zombie FIELD f_34266_ to access PROTECTED and LEAVE
[23:09:20] [main/DEBUG]: Skipping Lnet/minecraft/world/entity/monster/Zombie$ZombieGroupData;
[23:09:20] [main/DEBUG]: Skipping Lnet/minecraft/world/entity/monster/Zombie$ZombieAttackTurtleEggGoal;
[23:09:20] [main/DEBUG]: Skipping Lnet/minecraft/world/entity/monster/Spider;
[23:09:20] [main/DEBUG]: Skipping Lnet/minecraft/world/entity/monster/Spider$SpiderTargetGoal;
[23:09:20] [main/DEBUG]: Skipping Lnet/minecraft/world/entity/monster/Spider$SpiderEffectsGroupData;
[23:09:20] [main/DEBUG]: Skipping Lnet/minecraft/world/entity/monster/Spider$SpiderAttackGoal;
[23:09:20] [main/DEBUG]: Skipping Lnet/minecraft/world/entity/monster/Slime;
[23:09:20] [main/DEBUG]: Skipping Lnet/minecraft/world/entity/monster/Slime$SlimeRandomDirectionGoal;
[23:09:20] [main/DEBUG]: Skipping Lnet/minecraft/world/entity/monster/Slime$SlimeMoveControl;
[23:09:20] [main/DEBUG]: Skipping Lnet/minecraft/world/entity/monster/Slime$SlimeKeepOnJumpingGoal;
[23:09:20] [main/DEBUG]: Skipping Lnet/minecraft/world/entity/monster/Slime$SlimeFloatGoal;
[23:09:20] [main/DEBUG]: Skipping Lnet/minecraft/world/entity/monster/Slime$SlimeAttackGoal;
[23:09:20] [main/DEBUG]: Transforming class Lnet/minecraft/world/entity/monster/Skeleton;
[23:09:20] [main/DEBUG]: Transforming net/minecraft/world/entity/monster/Skeleton METHOD m_7878_()Lnet/minecraft/sounds/SoundEvent; to access PROTECTED and LEAVE
[23:09:20] [main/DEBUG]: Skipping Lnet/minecraft/world/entity/monster/Silverfish;
[23:09:20] [main/DEBUG]: Skipping Lnet/minecraft/world/entity/monster/Silverfish$SilverfishWakeUpFriendsGoal;
[23:09:20] [main/DEBUG]: Skipping Lnet/minecraft/world/entity/monster/Silverfish$SilverfishMergeWithStoneGoal;
[23:09:20] [main/DEBUG]: Skipping Lnet/minecraft/world/entity/monster/Shulker;
[23:09:20] [main/DEBUG]: Skipping Lnet/minecraft/world/entity/monster/Shulker$ShulkerPeekGoal;
[23:09:20] [main/DEBUG]: Skipping Lnet/minecraft/world/entity/monster/Shulker$ShulkerNearestAttackGoal;
[23:09:20] [main/DEBUG]: Skipping Lnet/minecraft/world/entity/monster/Shulker$ShulkerLookControl;
[23:09:20] [main/DEBUG]: Skipping Lnet/minecraft/world/entity/monster/Shulker$ShulkerDefenseAttackGoal;
[23:09:20] [main/DEBUG]: Skipping Lnet/minecraft/world/entity/monster/Shulker$ShulkerBodyRotationControl;
[23:09:20] [main/DEBUG]: Skipping Lnet/minecraft/world/entity/monster/Shulker$ShulkerAttackGoal;
[23:09:20] [main/DEBUG]: Skipping Lnet/minecraft/world/entity/monster/Ravager;
[23:09:20] [main/DEBUG]: Skipping Lnet/minecraft/world/entity/monster/Pillager;
[23:09:20] [main/DEBUG]: Skipping Lnet/minecraft/world/entity/monster/Monster;
[23:09:20] [main/DEBUG]: Skipping Lnet/minecraft/world/entity/monster/MagmaCube;
[23:09:20] [main/DEBUG]: Skipping Lnet/minecraft/world/entity/monster/Illusioner;
[23:09:20] [main/DEBUG]: Skipping Lnet/minecraft/world/entity/monster/Illusioner$IllusionerMirrorSpellGoal;
[23:09:20] [main/DEBUG]: Skipping Lnet/minecraft/world/entity/monster/Illusioner$IllusionerBlindnessSpellGoal;
[23:09:20] [main/DEBUG]: Skipping Lnet/minecraft/world/entity/monster/Husk;
[23:09:20] [main/DEBUG]: Skipping Lnet/minecraft/world/entity/monster/Evoker;
[23:09:20] [main/DEBUG]: Skipping Lnet/minecraft/world/entity/monster/Evoker$EvokerWololoSpellGoal;
[23:09:20] [main/DEBUG]: Skipping Lnet/minecraft/world/entity/monster/Evoker$EvokerSummonSpellGoal;
[23:09:20] [main/DEBUG]: Skipping Lnet/minecraft/world/entity/monster/Evoker$EvokerCastingSpellGoal;
[23:09:20] [main/DEBUG]: Skipping Lnet/minecraft/world/entity/monster/Evoker$EvokerAttackSpellGoal;
[23:09:20] [main/DEBUG]: Skipping Lnet/minecraft/world/entity/monster/EnderMan;
[23:09:20] [main/DEBUG]: Skipping Lnet/minecraft/world/entity/monster/EnderMan$EndermanTakeBlockGoal;
[23:09:20] [main/DEBUG]: Skipping Lnet/minecraft/world/entity/monster/EnderMan$EndermanLookForPlayerGoal;
[23:09:20] [main/DEBUG]: Skipping Lnet/minecraft/world/entity/monster/EnderMan$EndermanLeaveBlockGoal;
[23:09:20] [main/DEBUG]: Skipping Lnet/minecraft/world/entity/monster/EnderMan$EndermanFreezeWhenLookedAt;
[23:09:20] [main/DEBUG]: Skipping Lnet/minecraft/world/entity/monster/CrossbowAttackMob;
[23:09:20] [main/DEBUG]: Skipping Lnet/minecraft/world/entity/monster/Bogged;
[23:09:20] [main/DEBUG]: Transforming class Lnet/minecraft/world/entity/monster/AbstractSkeleton;
[23:09:20] [main/DEBUG]: Transforming net/minecraft/world/entity/monster/AbstractSkeleton METHOD m_7878_()Lnet/minecraft/sounds/SoundEvent; to access PROTECTED and LEAVE
[23:09:20] [main/DEBUG]: Skipping Lnet/minecraft/world/entity/monster/AbstractSkeleton$1;
[23:09:20] [main/DEBUG]: Skipping Lnet/minecraft/world/entity/item/package-info;
[23:09:20] [main/DEBUG]: Transforming class Lnet/minecraft/world/entity/item/PrimedTnt;
[23:09:20] [main/DEBUG]: Transforming net/minecraft/world/entity/item/PrimedTnt METHOD m_32103_()V to access PROTECTED and LEAVE
[23:09:20] [main/DEBUG]: Skipping Lnet/minecraft/world/entity/item/PrimedTnt$1;
[23:09:20] [main/DEBUG]: Skipping Lnet/minecraft/world/entity/item/ItemEntity;
[23:09:20] [main/DEBUG]: Skipping Lnet/minecraft/world/entity/item/FallingBlockEntity;
[23:09:20] [main/DEBUG]: Skipping Lnet/minecraft/world/entity/decoration/package-info;
[23:09:20] [main/DEBUG]: Skipping Lnet/minecraft/world/entity/decoration/PaintingVariants;
[23:09:20] [main/DEBUG]: Skipping Lnet/minecraft/world/entity/decoration/PaintingVariant;
[23:09:20] [main/DEBUG]: Skipping Lnet/minecraft/world/entity/decoration/Painting;
[23:09:20] [main/DEBUG]: Skipping Lnet/minecraft/world/entity/decoration/LeashFenceKnotEntity;
[23:09:20] [main/DEBUG]: Skipping Lnet/minecraft/world/entity/decoration/ItemFrame;
[23:09:20] [main/DEBUG]: Skipping Lnet/minecraft/world/entity/decoration/GlowItemFrame;
[23:09:20] [main/DEBUG]: Skipping Lnet/minecraft/world/entity/decoration/BlockAttachedEntity;
[23:09:20] [main/DEBUG]: Skipping Lnet/minecraft/world/entity/decoration/HangingEntity;
[23:09:20] [main/DEBUG]: Skipping Lnet/minecraft/world/entity/decoration/HangingEntity$1;
[23:09:20] [main/DEBUG]: Skipping Lnet/minecraft/world/entity/decoration/ArmorStand;
[23:09:20] [main/DEBUG]: Skipping Lnet/minecraft/world/entity/decoration/ArmorStand$1;
[23:09:20] [main/DEBUG]: Skipping Lnet/minecraft/world/entity/boss/wither/package-info;
[23:09:20] [main/DEBUG]: Skipping Lnet/minecraft/world/entity/boss/wither/WitherBoss;
[23:09:20] [main/DEBUG]: Skipping Lnet/minecraft/world/entity/boss/wither/WitherBoss$WitherDoNothingGoal;
[23:09:20] [main/DEBUG]: Skipping Lnet/minecraft/world/entity/boss/package-info;
[23:09:20] [main/DEBUG]: Skipping Lnet/minecraft/world/entity/boss/enderdragon/phases/package-info;
[23:09:20] [main/DEBUG]: Skipping Lnet/minecraft/world/entity/boss/enderdragon/phases/EnderDragonPhaseManager;
[23:09:20] [main/DEBUG]: Skipping Lnet/minecraft/world/entity/boss/enderdragon/phases/EnderDragonPhase;
[23:09:20] [main/DEBUG]: Skipping Lnet/minecraft/world/entity/boss/enderdragon/phases/DragonTakeoffPhase;
[23:09:20] [main/DEBUG]: Skipping Lnet/minecraft/world/entity/boss/enderdragon/phases/DragonStrafePlayerPhase;
[23:09:20] [main/DEBUG]: Skipping Lnet/minecraft/world/entity/boss/enderdragon/phases/DragonSittingScanningPhase;
[23:09:20] [main/DEBUG]: Skipping Lnet/minecraft/world/entity/boss/enderdragon/phases/DragonSittingFlamingPhase;
[23:09:20] [main/DEBUG]: Skipping Lnet/minecraft/world/entity/boss/enderdragon/phases/DragonSittingAttackingPhase;
[23:09:20] [main/DEBUG]: Skipping Lnet/minecraft/world/entity/boss/enderdragon/phases/DragonPhaseInstance;
[23:09:20] [main/DEBUG]: Skipping Lnet/minecraft/world/entity/boss/enderdragon/phases/DragonLandingPhase;
[23:09:20] [main/DEBUG]: Skipping Lnet/minecraft/world/entity/boss/enderdragon/phases/DragonLandingApproachPhase;
[23:09:20] [main/DEBUG]: Skipping Lnet/minecraft/world/entity/boss/enderdragon/phases/DragonHoverPhase;
[23:09:20] [main/DEBUG]: Skipping Lnet/minecraft/world/entity/boss/enderdragon/phases/DragonHoldingPatternPhase;
[23:09:20] [main/DEBUG]: Skipping Lnet/minecraft/world/entity/boss/enderdragon/phases/DragonDeathPhase;
[23:09:20] [main/DEBUG]: Skipping Lnet/minecraft/world/entity/boss/enderdragon/phases/DragonChargePlayerPhase;
[23:09:20] [main/DEBUG]: Skipping Lnet/minecraft/world/entity/boss/enderdragon/phases/AbstractDragonSittingPhase;
[23:09:20] [main/DEBUG]: Skipping Lnet/minecraft/world/entity/boss/enderdragon/phases/AbstractDragonPhaseInstance;
[23:09:20] [main/DEBUG]: Skipping Lnet/minecraft/world/entity/boss/enderdragon/package-info;
[23:09:20] [main/DEBUG]: Skipping Lnet/minecraft/world/entity/boss/enderdragon/EndCrystal;
[23:09:20] [main/DEBUG]: Skipping Lnet/minecraft/world/entity/boss/enderdragon/EnderDragon;
[23:09:20] [main/DEBUG]: Skipping Lnet/minecraft/world/entity/boss/EnderDragonPart;
[23:09:20] [main/DEBUG]: Skipping Lnet/minecraft/world/entity/animal/sniffer/package-info;
[23:09:20] [main/DEBUG]: Skipping Lnet/minecraft/world/entity/animal/sniffer/SnifferAi;
[23:09:20] [main/DEBUG]: Skipping Lnet/minecraft/world/entity/animal/sniffer/SnifferAi$Sniffing;
[23:09:20] [main/DEBUG]: Skipping Lnet/minecraft/world/entity/animal/sniffer/SnifferAi$Searching;
[23:09:20] [main/DEBUG]: Skipping Lnet/minecraft/world/entity/animal/sniffer/SnifferAi$Scenting;
[23:09:20] [main/DEBUG]: Skipping Lnet/minecraft/world/entity/animal/sniffer/SnifferAi$FinishedDigging;
[23:09:20] [main/DEBUG]: Skipping Lnet/minecraft/world/entity/animal/sniffer/SnifferAi$FeelingHappy;
[23:09:20] [main/DEBUG]: Skipping Lnet/minecraft/world/entity/animal/sniffer/SnifferAi$Digging;
[23:09:20] [main/DEBUG]: Skipping Lnet/minecraft/world/entity/animal/sniffer/SnifferAi$3;
[23:09:20] [main/DEBUG]: Skipping Lnet/minecraft/world/entity/animal/sniffer/SnifferAi$2;
[23:09:20] [main/DEBUG]: Skipping Lnet/minecraft/world/entity/animal/sniffer/SnifferAi$1;
[23:09:20] [main/DEBUG]: Skipping Lnet/minecraft/world/entity/animal/sniffer/Sniffer;
[23:09:20] [main/DEBUG]: Skipping Lnet/minecraft/world/entity/animal/sniffer/Sniffer$State;
[23:09:20] [main/DEBUG]: Skipping Lnet/minecraft/world/entity/animal/package-info;
[23:09:20] [main/DEBUG]: Skipping Lnet/minecraft/world/entity/animal/horse/package-info;
[23:09:20] [main/DEBUG]: Skipping Lnet/minecraft/world/entity/animal/horse/ZombieHorse;
[23:09:20] [main/DEBUG]: Skipping Lnet/minecraft/world/entity/animal/horse/Variant;
[23:09:20] [main/DEBUG]: Skipping Lnet/minecraft/world/entity/animal/horse/TraderLlama;
[23:09:20] [main/DEBUG]: Skipping Lnet/minecraft/world/entity/animal/horse/TraderLlama$TraderLlamaDefendWanderingTraderGoal;
[23:09:20] [main/DEBUG]: Skipping Lnet/minecraft/world/entity/animal/horse/SkeletonHorse;
[23:09:20] [main/DEBUG]: Skipping Lnet/minecraft/world/entity/animal/horse/Mule;
[23:09:20] [main/DEBUG]: Skipping Lnet/minecraft/world/entity/animal/horse/Markings;
[23:09:20] [main/DEBUG]: Skipping Lnet/minecraft/world/entity/animal/horse/Horse;
[23:09:20] [main/DEBUG]: Skipping Lnet/minecraft/world/entity/animal/horse/Horse$HorseGroupData;
[23:09:20] [main/DEBUG]: Skipping Lnet/minecraft/world/entity/animal/horse/Donkey;
[23:09:20] [main/DEBUG]: Skipping Lnet/minecraft/world/entity/animal/horse/AbstractChestedHorse;
[23:09:20] [main/DEBUG]: Skipping Lnet/minecraft/world/entity/animal/horse/AbstractChestedHorse$1;
[23:09:20] [main/DEBUG]: Skipping Lnet/minecraft/world/entity/animal/horse/SkeletonTrapGoal;
[23:09:20] [main/DEBUG]: Skipping Lnet/minecraft/world/entity/animal/horse/Llama;
[23:09:20] [main/DEBUG]: Skipping Lnet/minecraft/world/entity/animal/horse/Llama$Variant;
[23:09:20] [main/DEBUG]: Skipping Lnet/minecraft/world/entity/animal/horse/Llama$LlamaHurtByTargetGoal;
[23:09:20] [main/DEBUG]: Skipping Lnet/minecraft/world/entity/animal/horse/Llama$LlamaGroupData;
[23:09:20] [main/DEBUG]: Skipping Lnet/minecraft/world/entity/animal/horse/Llama$LlamaAttackWolfGoal;
[23:09:20] [main/DEBUG]: Skipping Lnet/minecraft/world/entity/animal/horse/AbstractHorse;
[23:09:20] [main/DEBUG]: Skipping Lnet/minecraft/world/entity/animal/horse/AbstractHorse$2;
[23:09:20] [main/DEBUG]: Skipping Lnet/minecraft/world/entity/animal/horse/AbstractHorse$1;
[23:09:20] [main/DEBUG]: Skipping Lnet/minecraft/world/entity/animal/goat/package-info;
[23:09:20] [main/DEBUG]: Skipping Lnet/minecraft/world/entity/animal/goat/GoatAi;
[23:09:20] [main/DEBUG]: Skipping Lnet/minecraft/world/entity/animal/goat/Goat;
[23:09:20] [main/DEBUG]: Skipping Lnet/minecraft/world/entity/animal/frog/package-info;
[23:09:20] [main/DEBUG]: Skipping Lnet/minecraft/world/entity/animal/frog/TadpoleAi;
[23:09:20] [main/DEBUG]: Skipping Lnet/minecraft/world/entity/animal/frog/ShootTongue;
[23:09:20] [main/DEBUG]: Skipping Lnet/minecraft/world/entity/animal/frog/ShootTongue$State;
[23:09:20] [main/DEBUG]: Skipping Lnet/minecraft/world/entity/animal/frog/FrogAi;
[23:09:20] [main/DEBUG]: Skipping Lnet/minecraft/world/entity/animal/frog/Frog;
[23:09:20] [main/DEBUG]: Skipping Lnet/minecraft/world/entity/animal/frog/Frog$FrogPathNavigation;
[23:09:20] [main/DEBUG]: Skipping Lnet/minecraft/world/entity/animal/frog/Frog$FrogNodeEvaluator;
[23:09:20] [main/DEBUG]: Skipping Lnet/minecraft/world/entity/animal/frog/Frog$FrogLookControl;
[23:09:20] [main/DEBUG]: Skipping Lnet/minecraft/world/entity/animal/frog/Tadpole;
[23:09:20] [main/DEBUG]: Skipping Lnet/minecraft/world/entity/animal/camel/package-info;
[23:09:20] [main/DEBUG]: Skipping Lnet/minecraft/world/entity/animal/camel/CamelAi;
[23:09:20] [main/DEBUG]: Skipping Lnet/minecraft/world/entity/animal/camel/CamelAi$RandomSitting;
[23:09:20] [main/DEBUG]: Skipping Lnet/minecraft/world/entity/animal/camel/CamelAi$CamelPanic;
[23:09:20] [main/DEBUG]: Skipping Lnet/minecraft/world/entity/animal/camel/Camel;
[23:09:20] [main/DEBUG]: Skipping Lnet/minecraft/world/entity/animal/camel/Camel$CamelMoveControl;
[23:09:20] [main/DEBUG]: Skipping Lnet/minecraft/world/entity/animal/camel/Camel$CamelLookControl;
[23:09:20] [main/DEBUG]: Skipping Lnet/minecraft/world/entity/animal/camel/Camel$CamelBodyRotationControl;
[23:09:20] [main/DEBUG]: Skipping Lnet/minecraft/world/entity/animal/axolotl/package-info;
[23:09:20] [main/DEBUG]: Skipping Lnet/minecraft/world/entity/animal/axolotl/ValidatePlayDead;
[23:09:20] [main/DEBUG]: Skipping Lnet/minecraft/world/entity/animal/axolotl/PlayDead;
[23:09:20] [main/DEBUG]: Skipping Lnet/minecraft/world/entity/animal/axolotl/AxolotlAi;
[23:09:20] [main/DEBUG]: Skipping Lnet/minecraft/world/entity/animal/axolotl/Axolotl;
[23:09:20] [main/DEBUG]: Skipping Lnet/minecraft/world/entity/animal/axolotl/Axolotl$Variant;
[23:09:20] [main/DEBUG]: Skipping Lnet/minecraft/world/entity/animal/axolotl/Axolotl$AxolotlMoveControl;
[23:09:20] [main/DEBUG]: Skipping Lnet/minecraft/world/entity/animal/axolotl/Axolotl$AxolotlLookControl;
[23:09:20] [main/DEBUG]: Skipping Lnet/minecraft/world/entity/animal/axolotl/Axolotl$AxolotlGroupData;
[23:09:20] [main/DEBUG]: Skipping Lnet/minecraft/world/entity/animal/armadillo/package-info;
[23:09:20] [main/DEBUG]: Skipping Lnet/minecraft/world/entity/animal/armadillo/ArmadilloAi;
[23:09:20] [main/DEBUG]: Skipping Lnet/minecraft/world/entity/animal/armadillo/ArmadilloAi$ArmadilloPanic;
[23:09:20] [main/DEBUG]: Skipping Lnet/minecraft/world/entity/animal/armadillo/ArmadilloAi$ArmadilloBallUp;
[23:09:20] [main/DEBUG]: Skipping Lnet/minecraft/world/entity/animal/armadillo/ArmadilloAi$1;
[23:09:20] [main/DEBUG]: Skipping Lnet/minecraft/world/entity/animal/armadillo/Armadillo;
[23:09:20] [main/DEBUG]: Skipping Lnet/minecraft/world/entity/animal/armadillo/Armadillo$ArmadilloState;
[23:09:20] [main/DEBUG]: Skipping Lnet/minecraft/world/entity/animal/armadillo/Armadillo$ArmadilloState$4;
[23:09:20] [main/DEBUG]: Skipping Lnet/minecraft/world/entity/animal/armadillo/Armadillo$ArmadilloState$3;
[23:09:20] [main/DEBUG]: Skipping Lnet/minecraft/world/entity/animal/armadillo/Armadillo$ArmadilloState$2;
[23:09:20] [main/DEBUG]: Skipping Lnet/minecraft/world/entity/animal/armadillo/Armadillo$ArmadilloState$1;
[23:09:20] [main/DEBUG]: Skipping Lnet/minecraft/world/entity/animal/armadillo/Armadillo$1;
[23:09:20] [main/DEBUG]: Skipping Lnet/minecraft/world/entity/animal/allay/package-info;
[23:09:20] [main/DEBUG]: Skipping Lnet/minecraft/world/entity/animal/allay/AllayAi;
[23:09:20] [main/DEBUG]: Skipping Lnet/minecraft/world/entity/animal/allay/Allay;
[23:09:20] [main/DEBUG]: Skipping Lnet/minecraft/world/entity/animal/allay/Allay$VibrationUser;
[23:09:20] [main/DEBUG]: Skipping Lnet/minecraft/world/entity/animal/allay/Allay$JukeboxListener;
[23:09:20] [main/DEBUG]: Skipping Lnet/minecraft/world/entity/animal/WolfVariants;
[23:09:20] [main/DEBUG]: Skipping Lnet/minecraft/world/entity/animal/WolfVariant;
[23:09:20] [main/DEBUG]: Skipping Lnet/minecraft/world/entity/animal/WaterAnimal;
[23:09:20] [main/DEBUG]: Skipping Lnet/minecraft/world/entity/animal/Turtle;
[23:09:20] [main/DEBUG]: Skipping Lnet/minecraft/world/entity/animal/Turtle$TurtleTravelGoal;
[23:09:20] [main/DEBUG]: Skipping Lnet/minecraft/world/entity/animal/Turtle$TurtleRandomStrollGoal;
[23:09:20] [main/DEBUG]: Skipping Lnet/minecraft/world/entity/animal/Turtle$TurtlePathNavigation;
[23:09:20] [main/DEBUG]: Skipping Lnet/minecraft/world/entity/animal/Turtle$TurtlePanicGoal;
[23:09:20] [main/DEBUG]: Skipping Lnet/minecraft/world/entity/animal/Turtle$TurtleMoveControl;
[23:09:20] [main/DEBUG]: Skipping Lnet/minecraft/world/entity/animal/Turtle$TurtleLayEggGoal;
[23:09:20] [main/DEBUG]: Skipping Lnet/minecraft/world/entity/animal/Turtle$TurtleGoToWaterGoal;
[23:09:20] [main/DEBUG]: Skipping Lnet/minecraft/world/entity/animal/Turtle$TurtleGoHomeGoal;
[23:09:20] [main/DEBUG]: Skipping Lnet/minecraft/world/entity/animal/Turtle$TurtleBreedGoal;
[23:09:20] [main/DEBUG]: Skipping Lnet/minecraft/world/entity/animal/TropicalFish;
[23:09:20] [main/DEBUG]: Skipping Lnet/minecraft/world/entity/animal/TropicalFish$Variant;
[23:09:20] [main/DEBUG]: Skipping Lnet/minecraft/world/entity/animal/TropicalFish$TropicalFishGroupData;
[23:09:20] [main/DEBUG]: Skipping Lnet/minecraft/world/entity/animal/TropicalFish$Pattern;
[23:09:20] [main/DEBUG]: Skipping Lnet/minecraft/world/entity/animal/TropicalFish$Base;
[23:09:20] [main/DEBUG]: Skipping Lnet/minecraft/world/entity/animal/Squid;
[23:09:20] [main/DEBUG]: Skipping Lnet/minecraft/world/entity/animal/Squid$SquidRandomMovementGoal;
[23:09:20] [main/DEBUG]: Skipping Lnet/minecraft/world/entity/animal/Squid$SquidFleeGoal;
[23:09:20] [main/DEBUG]: Skipping Lnet/minecraft/world/entity/animal/ShoulderRidingEntity;
[23:09:20] [main/DEBUG]: Skipping Lnet/minecraft/world/entity/animal/Salmon;
[23:09:20] [main/DEBUG]: Skipping Lnet/minecraft/world/entity/animal/Pufferfish;
[23:09:20] [main/DEBUG]: Skipping Lnet/minecraft/world/entity/animal/Pufferfish$PufferfishPuffGoal;
[23:09:20] [main/DEBUG]: Skipping Lnet/minecraft/world/entity/animal/PolarBear;
[23:09:20] [main/DEBUG]: Skipping Lnet/minecraft/world/entity/animal/PolarBear$PolarBearMeleeAttackGoal;
[23:09:20] [main/DEBUG]: Skipping Lnet/minecraft/world/entity/animal/PolarBear$PolarBearHurtByTargetGoal;
[23:09:20] [main/DEBUG]: Skipping Lnet/minecraft/world/entity/animal/PolarBear$PolarBearAttackPlayersGoal;
[23:09:20] [main/DEBUG]: Skipping Lnet/minecraft/world/entity/animal/Panda;
[23:09:20] [main/DEBUG]: Skipping Lnet/minecraft/world/entity/animal/Panda$PandaSneezeGoal;
[23:09:20] [main/DEBUG]: Skipping Lnet/minecraft/world/entity/animal/Panda$PandaSitGoal;
[23:09:20] [main/DEBUG]: Skipping Lnet/minecraft/world/entity/animal/Panda$PandaRollGoal;
[23:09:20] [main/DEBUG]: Skipping Lnet/minecraft/world/entity/animal/Panda$PandaPanicGoal;
[23:09:20] [main/DEBUG]: Skipping Lnet/minecraft/world/entity/animal/Panda$PandaMoveControl;
[23:09:20] [main/DEBUG]: Skipping Lnet/minecraft/world/entity/animal/Panda$PandaLookAtPlayerGoal;
[23:09:20] [main/DEBUG]: Skipping Lnet/minecraft/world/entity/animal/Panda$PandaLieOnBackGoal;
[23:09:20] [main/DEBUG]: Skipping Lnet/minecraft/world/entity/animal/Panda$PandaHurtByTargetGoal;
[23:09:20] [main/DEBUG]: Skipping Lnet/minecraft/world/entity/animal/Panda$PandaBreedGoal;
[23:09:20] [main/DEBUG]: Skipping Lnet/minecraft/world/entity/animal/Panda$PandaAvoidGoal;
[23:09:20] [main/DEBUG]: Skipping Lnet/minecraft/world/entity/animal/Panda$PandaAttackGoal;
[23:09:20] [main/DEBUG]: Skipping Lnet/minecraft/world/entity/animal/Panda$Gene;
[23:09:20] [main/DEBUG]: Skipping Lnet/minecraft/world/entity/animal/IronGolem;
[23:09:20] [main/DEBUG]: Skipping Lnet/minecraft/world/entity/animal/FrogVariant;
[23:09:20] [main/DEBUG]: Skipping Lnet/minecraft/world/entity/animal/FlyingAnimal;
[23:09:20] [main/DEBUG]: Skipping Lnet/minecraft/world/entity/animal/Dolphin;
[23:09:20] [main/DEBUG]: Skipping Lnet/minecraft/world/entity/animal/Dolphin$PlayWithItemsGoal;
[23:09:20] [main/DEBUG]: Skipping Lnet/minecraft/world/entity/animal/Dolphin$DolphinSwimWithPlayerGoal;
[23:09:20] [main/DEBUG]: Skipping Lnet/minecraft/world/entity/animal/Dolphin$DolphinSwimToTreasureGoal;
[23:09:20] [main/DEBUG]: Skipping Lnet/minecraft/world/entity/animal/Cow;
[23:09:20] [main/DEBUG]: Skipping Lnet/minecraft/world/entity/animal/Cod;
[23:09:20] [main/DEBUG]: Skipping Lnet/minecraft/world/entity/animal/Chicken;
[23:09:20] [main/DEBUG]: Skipping Lnet/minecraft/world/entity/animal/CatVariant;
[23:09:20] [main/DEBUG]: Skipping Lnet/minecraft/world/entity/animal/Bucketable;
[23:09:20] [main/DEBUG]: Skipping Lnet/minecraft/world/entity/animal/AbstractSchoolingFish;
[23:09:20] [main/DEBUG]: Skipping Lnet/minecraft/world/entity/animal/AbstractSchoolingFish$SchoolSpawnGroupData;
[23:09:20] [main/DEBUG]: Skipping Lnet/minecraft/world/entity/animal/AbstractGolem;
[23:09:20] [main/DEBUG]: Skipping Lnet/minecraft/world/entity/animal/AbstractFish;
[23:09:20] [main/DEBUG]: Skipping Lnet/minecraft/world/entity/animal/AbstractFish$FishSwimGoal;
[23:09:20] [main/DEBUG]: Skipping Lnet/minecraft/world/entity/animal/AbstractFish$FishMoveControl;
[23:09:20] [main/DEBUG]: Skipping Lnet/minecraft/world/entity/animal/Wolf;
[23:09:20] [main/DEBUG]: Skipping Lnet/minecraft/world/entity/animal/Wolf$WolfPackData;
[23:09:20] [main/DEBUG]: Skipping Lnet/minecraft/world/entity/animal/Wolf$WolfAvoidEntityGoal;
[23:09:20] [main/DEBUG]: Skipping Lnet/minecraft/world/entity/animal/SnowGolem;
[23:09:20] [main/DEBUG]: Skipping Lnet/minecraft/world/entity/animal/Sheep;
[23:09:20] [main/DEBUG]: Skipping Lnet/minecraft/world/entity/animal/Sheep$1;
[23:09:20] [main/DEBUG]: Skipping Lnet/minecraft/world/entity/animal/Rabbit;
[23:09:20] [main/DEBUG]: Skipping Lnet/minecraft/world/entity/animal/Rabbit$Variant;
[23:09:20] [main/DEBUG]: Skipping Lnet/minecraft/world/entity/animal/Rabbit$RaidGardenGoal;
[23:09:20] [main/DEBUG]: Skipping Lnet/minecraft/world/entity/animal/Rabbit$RabbitPanicGoal;
[23:09:20] [main/DEBUG]: Skipping Lnet/minecraft/world/entity/animal/Rabbit$RabbitMoveControl;
[23:09:20] [main/DEBUG]: Skipping Lnet/minecraft/world/entity/animal/Rabbit$RabbitJumpControl;
[23:09:20] [main/DEBUG]: Skipping Lnet/minecraft/world/entity/animal/Rabbit$RabbitGroupData;
[23:09:20] [main/DEBUG]: Skipping Lnet/minecraft/world/entity/animal/Rabbit$RabbitAvoidEntityGoal;
[23:09:20] [main/DEBUG]: Skipping Lnet/minecraft/world/entity/animal/Pig;
[23:09:20] [main/DEBUG]: Skipping Lnet/minecraft/world/entity/animal/Parrot;
[23:09:20] [main/DEBUG]: Skipping Lnet/minecraft/world/entity/animal/Parrot$Variant;
[23:09:20] [main/DEBUG]: Skipping Lnet/minecraft/world/entity/animal/Parrot$ParrotWanderGoal;
[23:09:20] [main/DEBUG]: Skipping Lnet/minecraft/world/entity/animal/Parrot$1;
[23:09:20] [main/DEBUG]: Skipping Lnet/minecraft/world/entity/animal/Ocelot;
[23:09:20] [main/DEBUG]: Skipping Lnet/minecraft/world/entity/animal/Ocelot$OcelotTemptGoal;
[23:09:20] [main/DEBUG]: Skipping Lnet/minecraft/world/entity/animal/Ocelot$OcelotAvoidEntityGoal;
[23:09:20] [main/DEBUG]: Skipping Lnet/minecraft/world/entity/animal/MushroomCow;
[23:09:20] [main/DEBUG]: Skipping Lnet/minecraft/world/entity/animal/MushroomCow$MushroomType;
[23:09:20] [main/DEBUG]: Skipping Lnet/minecraft/world/entity/animal/Fox;
[23:09:20] [main/DEBUG]: Skipping Lnet/minecraft/world/entity/animal/Fox$Type;
[23:09:20] [main/DEBUG]: Skipping Lnet/minecraft/world/entity/animal/Fox$StalkPreyGoal;
[23:09:20] [main/DEBUG]: Skipping Lnet/minecraft/world/entity/animal/Fox$SleepGoal;
[23:09:20] [main/DEBUG]: Skipping Lnet/minecraft/world/entity/animal/Fox$SeekShelterGoal;
[23:09:20] [main/DEBUG]: Skipping Lnet/minecraft/world/entity/animal/Fox$PerchAndSearchGoal;
[23:09:20] [main/DEBUG]: Skipping Lnet/minecraft/world/entity/animal/Fox$FoxStrollThroughVillageGoal;
[23:09:20] [main/DEBUG]: Skipping Lnet/minecraft/world/entity/animal/Fox$FoxSearchForItemsGoal;
[23:09:20] [main/DEBUG]: Skipping Lnet/minecraft/world/entity/animal/Fox$FoxPounceGoal;
[23:09:20] [main/DEBUG]: Skipping Lnet/minecraft/world/entity/animal/Fox$FoxPanicGoal;
[23:09:20] [main/DEBUG]: Skipping Lnet/minecraft/world/entity/animal/Fox$FoxMoveControl;
[23:09:20] [main/DEBUG]: Skipping Lnet/minecraft/world/entity/animal/Fox$FoxMeleeAttackGoal;
[23:09:20] [main/DEBUG]: Skipping Lnet/minecraft/world/entity/animal/Fox$FoxLookControl;
[23:09:20] [main/DEBUG]: Skipping Lnet/minecraft/world/entity/animal/Fox$FoxLookAtPlayerGoal;
[23:09:20] [main/DEBUG]: Skipping Lnet/minecraft/world/entity/animal/Fox$FoxGroupData;
[23:09:20] [main/DEBUG]: Skipping Lnet/minecraft/world/entity/animal/Fox$FoxFollowParentGoal;
[23:09:20] [main/DEBUG]: Skipping Lnet/minecraft/world/entity/animal/Fox$FoxFloatGoal;
[23:09:20] [main/DEBUG]: Skipping Lnet/minecraft/world/entity/animal/Fox$FoxEatBerriesGoal;
[23:09:20] [main/DEBUG]: Skipping Lnet/minecraft/world/entity/animal/Fox$FoxBreedGoal;
[23:09:20] [main/DEBUG]: Skipping Lnet/minecraft/world/entity/animal/Fox$FoxBehaviorGoal;
[23:09:20] [main/DEBUG]: Skipping Lnet/minecraft/world/entity/animal/Fox$FoxAlertableEntitiesSelector;
[23:09:20] [main/DEBUG]: Skipping Lnet/minecraft/world/entity/animal/Fox$FaceplantGoal;
[23:09:20] [main/DEBUG]: Skipping Lnet/minecraft/world/entity/animal/Fox$DefendTrustedTargetGoal;
[23:09:20] [main/DEBUG]: Skipping Lnet/minecraft/world/entity/animal/Cat;
[23:09:20] [main/DEBUG]: Skipping Lnet/minecraft/world/entity/animal/Cat$CatTemptGoal;
[23:09:20] [main/DEBUG]: Skipping Lnet/minecraft/world/entity/animal/Cat$CatRelaxOnOwnerGoal;
[23:09:20] [main/DEBUG]: Skipping Lnet/minecraft/world/entity/animal/Cat$CatAvoidEntityGoal;
[23:09:20] [main/DEBUG]: Skipping Lnet/minecraft/world/entity/animal/Bee;
[23:09:20] [main/DEBUG]: Skipping Lnet/minecraft/world/entity/animal/Bee$BeeWanderGoal;
[23:09:20] [main/DEBUG]: Skipping Lnet/minecraft/world/entity/animal/Bee$BeePollinateGoal;
[23:09:20] [main/DEBUG]: Skipping Lnet/minecraft/world/entity/animal/Bee$BeeLookControl;
[23:09:20] [main/DEBUG]: Skipping Lnet/minecraft/world/entity/animal/Bee$BeeLocateHiveGoal;
[23:09:20] [main/DEBUG]: Skipping Lnet/minecraft/world/entity/animal/Bee$BeeHurtByOtherGoal;
[23:09:20] [main/DEBUG]: Skipping Lnet/minecraft/world/entity/animal/Bee$BeeGrowCropGoal;
[23:09:20] [main/DEBUG]: Skipping Lnet/minecraft/world/entity/animal/Bee$BeeGoToKnownFlowerGoal;
[23:09:20] [main/DEBUG]: Skipping Lnet/minecraft/world/entity/animal/Bee$BeeGoToHiveGoal;
[23:09:21] [main/DEBUG]: Skipping Lnet/minecraft/world/entity/animal/Bee$BeeEnterHiveGoal;
[23:09:21] [main/DEBUG]: Skipping Lnet/minecraft/world/entity/animal/Bee$BeeBecomeAngryTargetGoal;
[23:09:21] [main/DEBUG]: Skipping Lnet/minecraft/world/entity/animal/Bee$BeeAttackGoal;
[23:09:21] [main/DEBUG]: Skipping Lnet/minecraft/world/entity/animal/Bee$BaseBeeGoal;
[23:09:21] [main/DEBUG]: Skipping Lnet/minecraft/world/entity/animal/Bee$1;
[23:09:21] [main/DEBUG]: Skipping Lnet/minecraft/world/entity/animal/Animal;
[23:09:21] [main/DEBUG]: Skipping Lnet/minecraft/world/entity/ambient/package-info;
[23:09:21] [main/DEBUG]: Skipping Lnet/minecraft/world/entity/ambient/Bat;
[23:09:21] [main/DEBUG]: Skipping Lnet/minecraft/world/entity/ambient/AmbientCreature;
[23:09:21] [main/DEBUG]: Skipping Lnet/minecraft/world/entity/ai/village/poi/package-info;
[23:09:21] [main/DEBUG]: Skipping Lnet/minecraft/world/entity/ai/village/poi/PoiType;
[23:09:21] [main/DEBUG]: Skipping Lnet/minecraft/world/entity/ai/village/poi/PoiSection;
[23:09:21] [main/DEBUG]: Skipping Lnet/minecraft/world/entity/ai/village/poi/PoiRecord;
[23:09:21] [main/DEBUG]: Skipping Lnet/minecraft/world/entity/ai/village/poi/PoiManager;
[23:09:21] [main/DEBUG]: Skipping Lnet/minecraft/world/entity/ai/village/poi/PoiManager$Occupancy;
[23:09:21] [main/DEBUG]: Skipping Lnet/minecraft/world/entity/ai/village/poi/PoiManager$DistanceTracker;
[23:09:21] [main/DEBUG]: Skipping Lnet/minecraft/world/entity/ai/village/poi/PoiTypes;
[23:09:21] [main/DEBUG]: Skipping Lnet/minecraft/world/entity/ai/village/package-info;
[23:09:21] [main/DEBUG]: Skipping Lnet/minecraft/world/entity/ai/village/ReputationEventType;
[23:09:21] [main/DEBUG]: Skipping Lnet/minecraft/world/entity/ai/village/ReputationEventType$1;
[23:09:21] [main/DEBUG]: Skipping Lnet/minecraft/world/entity/ai/village/VillageSiege;
[23:09:21] [main/DEBUG]: Skipping Lnet/minecraft/world/entity/ai/village/VillageSiege$State;
[23:09:21] [main/DEBUG]: Skipping Lnet/minecraft/world/entity/ai/util/package-info;
[23:09:21] [main/DEBUG]: Skipping Lnet/minecraft/world/entity/ai/util/RandomPos;
[23:09:21] [main/DEBUG]: Skipping Lnet/minecraft/world/entity/ai/util/LandRandomPos;
[23:09:21] [main/DEBUG]: Skipping Lnet/minecraft/world/entity/ai/util/HoverRandomPos;
[23:09:21] [main/DEBUG]: Skipping Lnet/minecraft/world/entity/ai/util/GoalUtils;
[23:09:21] [main/DEBUG]: Skipping Lnet/minecraft/world/entity/ai/util/DefaultRandomPos;
[23:09:21] [main/DEBUG]: Skipping Lnet/minecraft/world/entity/ai/util/AirRandomPos;
[23:09:21] [main/DEBUG]: Skipping Lnet/minecraft/world/entity/ai/util/AirAndWaterRandomPos;
[23:09:21] [main/DEBUG]: Skipping Lnet/minecraft/world/entity/ai/targeting/package-info;
[23:09:21] [main/DEBUG]: Skipping Lnet/minecraft/world/entity/ai/targeting/TargetingConditions;
[23:09:21] [main/DEBUG]: Skipping Lnet/minecraft/world/entity/ai/sensing/package-info;
[23:09:21] [main/DEBUG]: Skipping Lnet/minecraft/world/entity/ai/sensing/WardenEntitySensor;
[23:09:21] [main/DEBUG]: Skipping Lnet/minecraft/world/entity/ai/sensing/VillagerHostilesSensor;
[23:09:21] [main/DEBUG]: Skipping Lnet/minecraft/world/entity/ai/sensing/VillagerBabiesSensor;
[23:09:21] [main/DEBUG]: Skipping Lnet/minecraft/world/entity/ai/sensing/TemptingSensor;
[23:09:21] [main/DEBUG]: Transforming class Lnet/minecraft/world/entity/ai/sensing/SensorType;
[23:09:21] [main/DEBUG]: Transforming net/minecraft/world/entity/ai/sensing/SensorType METHOD <init>(Ljava/util/function/Supplier;)V to access PUBLIC and LEAVE
[23:09:21] [main/DEBUG]: Skipping Lnet/minecraft/world/entity/ai/sensing/Sensor;
[23:09:21] [main/DEBUG]: Skipping Lnet/minecraft/world/entity/ai/sensing/Sensing;
[23:09:21] [main/DEBUG]: Skipping Lnet/minecraft/world/entity/ai/sensing/SecondaryPoiSensor;
[23:09:21] [main/DEBUG]: Skipping Lnet/minecraft/world/entity/ai/sensing/PlayerSensor;
[23:09:21] [main/DEBUG]: Skipping Lnet/minecraft/world/entity/ai/sensing/PiglinSpecificSensor;
[23:09:21] [main/DEBUG]: Skipping Lnet/minecraft/world/entity/ai/sensing/PiglinBruteSpecificSensor;
[23:09:21] [main/DEBUG]: Skipping Lnet/minecraft/world/entity/ai/sensing/NearestVisibleLivingEntitySensor;
[23:09:21] [main/DEBUG]: Skipping Lnet/minecraft/world/entity/ai/sensing/NearestLivingEntitySensor;
[23:09:21] [main/DEBUG]: Skipping Lnet/minecraft/world/entity/ai/sensing/NearestItemSensor;
[23:09:21] [main/DEBUG]: Skipping Lnet/minecraft/world/entity/ai/sensing/NearestBedSensor;
[23:09:21] [main/DEBUG]: Skipping Lnet/minecraft/world/entity/ai/sensing/MobSensor;
[23:09:21] [main/DEBUG]: Skipping Lnet/minecraft/world/entity/ai/sensing/IsInWaterSensor;
[23:09:21] [main/DEBUG]: Skipping Lnet/minecraft/world/entity/ai/sensing/HurtBySensor;
[23:09:21] [main/DEBUG]: Skipping Lnet/minecraft/world/entity/ai/sensing/HoglinSpecificSensor;
[23:09:21] [main/DEBUG]: Skipping Lnet/minecraft/world/entity/ai/sensing/GolemSensor;
[23:09:21] [main/DEBUG]: Skipping Lnet/minecraft/world/entity/ai/sensing/FrogAttackablesSensor;
[23:09:21] [main/DEBUG]: Skipping Lnet/minecraft/world/entity/ai/sensing/DummySensor;
[23:09:21] [main/DEBUG]: Skipping Lnet/minecraft/world/entity/ai/sensing/BreezeAttackEntitySensor;
[23:09:21] [main/DEBUG]: Skipping Lnet/minecraft/world/entity/ai/sensing/AxolotlAttackablesSensor;
[23:09:21] [main/DEBUG]: Skipping Lnet/minecraft/world/entity/ai/sensing/AdultSensor;
[23:09:21] [main/DEBUG]: Skipping Lnet/minecraft/world/entity/ai/package-info;
[23:09:21] [main/DEBUG]: Skipping Lnet/minecraft/world/entity/ai/navigation/package-info;
[23:09:21] [main/DEBUG]: Skipping Lnet/minecraft/world/entity/ai/navigation/WaterBoundPathNavigation;
[23:09:21] [main/DEBUG]: Skipping Lnet/minecraft/world/entity/ai/navigation/GroundPathNavigation;
[23:09:21] [main/DEBUG]: Skipping Lnet/minecraft/world/entity/ai/navigation/FlyingPathNavigation;
[23:09:21] [main/DEBUG]: Skipping Lnet/minecraft/world/entity/ai/navigation/AmphibiousPathNavigation;
[23:09:21] [main/DEBUG]: Skipping Lnet/minecraft/world/entity/ai/navigation/WallClimberNavigation;
[23:09:21] [main/DEBUG]: Skipping Lnet/minecraft/world/entity/ai/navigation/PathNavigation;
[23:09:21] [main/DEBUG]: Skipping Lnet/minecraft/world/entity/ai/memory/package-info;
[23:09:21] [main/DEBUG]: Skipping Lnet/minecraft/world/entity/ai/memory/WalkTarget;
[23:09:21] [main/DEBUG]: Skipping Lnet/minecraft/world/entity/ai/memory/NearestVisibleLivingEntities;
[23:09:21] [main/DEBUG]: Skipping Lnet/minecraft/world/entity/ai/memory/MemoryStatus;
[23:09:21] [main/DEBUG]: Transforming class Lnet/minecraft/world/entity/ai/memory/MemoryModuleType;
[23:09:21] [main/DEBUG]: Transforming net/minecraft/world/entity/ai/memory/MemoryModuleType METHOD <init>(Ljava/util/Optional;)V to access PUBLIC and LEAVE
[23:09:21] [main/DEBUG]: Skipping Lnet/minecraft/world/entity/ai/memory/ExpirableValue;
[23:09:21] [main/DEBUG]: Skipping Lnet/minecraft/world/entity/ai/gossip/package-info;
[23:09:21] [main/DEBUG]: Skipping Lnet/minecraft/world/entity/ai/gossip/GossipType;
[23:09:21] [main/DEBUG]: Skipping Lnet/minecraft/world/entity/ai/gossip/GossipContainer;
[23:09:21] [main/DEBUG]: Skipping Lnet/minecraft/world/entity/ai/gossip/GossipContainer$GossipEntry;
[23:09:21] [main/DEBUG]: Skipping Lnet/minecraft/world/entity/ai/gossip/GossipContainer$EntityGossips;
[23:09:21] [main/DEBUG]: Skipping Lnet/minecraft/world/entity/ai/goal/target/package-info;
[23:09:21] [main/DEBUG]: Skipping Lnet/minecraft/world/entity/ai/goal/target/TargetGoal;
[23:09:21] [main/DEBUG]: Skipping Lnet/minecraft/world/entity/ai/goal/target/ResetUniversalAngerTargetGoal;
[23:09:21] [main/DEBUG]: Skipping Lnet/minecraft/world/entity/ai/goal/target/OwnerHurtTargetGoal;
[23:09:21] [main/DEBUG]: Skipping Lnet/minecraft/world/entity/ai/goal/target/OwnerHurtByTargetGoal;
[23:09:21] [main/DEBUG]: Skipping Lnet/minecraft/world/entity/ai/goal/target/NonTameRandomTargetGoal;
[23:09:21] [main/DEBUG]: Skipping Lnet/minecraft/world/entity/ai/goal/target/NearestHealableRaiderTargetGoal;
[23:09:21] [main/DEBUG]: Skipping Lnet/minecraft/world/entity/ai/goal/target/NearestAttackableWitchTargetGoal;
[23:09:21] [main/DEBUG]: Skipping Lnet/minecraft/world/entity/ai/goal/target/NearestAttackableTargetGoal;
[23:09:21] [main/DEBUG]: Skipping Lnet/minecraft/world/entity/ai/goal/target/DefendVillageTargetGoal;
[23:09:21] [main/DEBUG]: Skipping Lnet/minecraft/world/entity/ai/goal/target/HurtByTargetGoal;
[23:09:21] [main/DEBUG]: Skipping Lnet/minecraft/world/entity/ai/goal/package-info;
[23:09:21] [main/DEBUG]: Skipping Lnet/minecraft/world/entity/ai/goal/ZombieAttackGoal;
[23:09:21] [main/DEBUG]: Skipping Lnet/minecraft/world/entity/ai/goal/WrappedGoal;
[23:09:21] [main/DEBUG]: Skipping Lnet/minecraft/world/entity/ai/goal/WaterAvoidingRandomStrollGoal;
[23:09:21] [main/DEBUG]: Skipping Lnet/minecraft/world/entity/ai/goal/WaterAvoidingRandomFlyingGoal;
[23:09:21] [main/DEBUG]: Skipping Lnet/minecraft/world/entity/ai/goal/UseItemGoal;
[23:09:21] [main/DEBUG]: Skipping Lnet/minecraft/world/entity/ai/goal/TryFindWaterGoal;
[23:09:21] [main/DEBUG]: Skipping Lnet/minecraft/world/entity/ai/goal/TradeWithPlayerGoal;
[23:09:21] [main/DEBUG]: Skipping Lnet/minecraft/world/entity/ai/goal/TemptGoal;
[23:09:21] [main/DEBUG]: Skipping Lnet/minecraft/world/entity/ai/goal/SwellGoal;
[23:09:21] [main/DEBUG]: Skipping Lnet/minecraft/world/entity/ai/goal/StrollThroughVillageGoal;
[23:09:21] [main/DEBUG]: Skipping Lnet/minecraft/world/entity/ai/goal/SitWhenOrderedToGoal;
[23:09:21] [main/DEBUG]: Skipping Lnet/minecraft/world/entity/ai/goal/RestrictSunGoal;
[23:09:21] [main/DEBUG]: Skipping Lnet/minecraft/world/entity/ai/goal/RangedAttackGoal;
[23:09:21] [main/DEBUG]: Skipping Lnet/minecraft/world/entity/ai/goal/RandomSwimmingGoal;
[23:09:21] [main/DEBUG]: Skipping Lnet/minecraft/world/entity/ai/goal/RandomStrollGoal;
[23:09:21] [main/DEBUG]: Skipping Lnet/minecraft/world/entity/ai/goal/RandomStandGoal;
[23:09:21] [main/DEBUG]: Skipping Lnet/minecraft/world/entity/ai/goal/RandomLookAroundGoal;
[23:09:21] [main/DEBUG]: Skipping Lnet/minecraft/world/entity/ai/goal/PathfindToRaidGoal;
[23:09:21] [main/DEBUG]: Skipping Lnet/minecraft/world/entity/ai/goal/PanicGoal;
[23:09:21] [main/DEBUG]: Skipping Lnet/minecraft/world/entity/ai/goal/OpenDoorGoal;
[23:09:21] [main/DEBUG]: Skipping Lnet/minecraft/world/entity/ai/goal/OfferFlowerGoal;
[23:09:21] [main/DEBUG]: Skipping Lnet/minecraft/world/entity/ai/goal/OcelotAttackGoal;
[23:09:21] [main/DEBUG]: Skipping Lnet/minecraft/world/entity/ai/goal/MoveTowardsTargetGoal;
[23:09:21] [main/DEBUG]: Skipping Lnet/minecraft/world/entity/ai/goal/MoveTowardsRestrictionGoal;
[23:09:21] [main/DEBUG]: Skipping Lnet/minecraft/world/entity/ai/goal/MoveToBlockGoal;
[23:09:21] [main/DEBUG]: Skipping Lnet/minecraft/world/entity/ai/goal/MoveThroughVillageGoal;
[23:09:21] [main/DEBUG]: Skipping Lnet/minecraft/world/entity/ai/goal/MoveBackToVillageGoal;
[23:09:21] [main/DEBUG]: Skipping Lnet/minecraft/world/entity/ai/goal/LookAtTradingPlayerGoal;
[23:09:21] [main/DEBUG]: Skipping Lnet/minecraft/world/entity/ai/goal/LookAtPlayerGoal;
[23:09:21] [main/DEBUG]: Skipping Lnet/minecraft/world/entity/ai/goal/LlamaFollowCaravanGoal;
[23:09:21] [main/DEBUG]: Skipping Lnet/minecraft/world/entity/ai/goal/LeapAtTargetGoal;
[23:09:21] [main/DEBUG]: Skipping Lnet/minecraft/world/entity/ai/goal/LandOnOwnersShoulderGoal;
[23:09:21] [main/DEBUG]: Skipping Lnet/minecraft/world/entity/ai/goal/JumpGoal;
[23:09:21] [main/DEBUG]: Skipping Lnet/minecraft/world/entity/ai/goal/InteractGoal;
[23:09:21] [main/DEBUG]: Skipping Lnet/minecraft/world/entity/ai/goal/GolemRandomStrollInVillageGoal;
[23:09:21] [main/DEBUG]: Skipping Lnet/minecraft/world/entity/ai/goal/GoalSelector;
[23:09:21] [main/DEBUG]: Skipping Lnet/minecraft/world/entity/ai/goal/GoalSelector$2;
[23:09:21] [main/DEBUG]: Skipping Lnet/minecraft/world/entity/ai/goal/GoalSelector$1;
[23:09:21] [main/DEBUG]: Skipping Lnet/minecraft/world/entity/ai/goal/Goal;
[23:09:21] [main/DEBUG]: Skipping Lnet/minecraft/world/entity/ai/goal/Goal$Flag;
[23:09:21] [main/DEBUG]: Skipping Lnet/minecraft/world/entity/ai/goal/FollowParentGoal;
[23:09:21] [main/DEBUG]: Skipping Lnet/minecraft/world/entity/ai/goal/FollowOwnerGoal;
[23:09:21] [main/DEBUG]: Skipping Lnet/minecraft/world/entity/ai/goal/FollowMobGoal;
[23:09:21] [main/DEBUG]: Skipping Lnet/minecraft/world/entity/ai/goal/FollowFlockLeaderGoal;
[23:09:21] [main/DEBUG]: Skipping Lnet/minecraft/world/entity/ai/goal/FollowBoatGoal;
[23:09:21] [main/DEBUG]: Skipping Lnet/minecraft/world/entity/ai/goal/FleeSunGoal;
[23:09:21] [main/DEBUG]: Skipping Lnet/minecraft/world/entity/ai/goal/DoorInteractGoal;
[23:09:21] [main/DEBUG]: Skipping Lnet/minecraft/world/entity/ai/goal/DolphinJumpGoal;
[23:09:21] [main/DEBUG]: Skipping Lnet/minecraft/world/entity/ai/goal/ClimbOnTopOfPowderSnowGoal;
[23:09:21] [main/DEBUG]: Skipping Lnet/minecraft/world/entity/ai/goal/CatSitOnBlockGoal;
[23:09:21] [main/DEBUG]: Skipping Lnet/minecraft/world/entity/ai/goal/CatLieOnBedGoal;
[23:09:21] [main/DEBUG]: Skipping Lnet/minecraft/world/entity/ai/goal/BreedGoal;
[23:09:21] [main/DEBUG]: Skipping Lnet/minecraft/world/entity/ai/goal/BreathAirGoal;
[23:09:21] [main/DEBUG]: Skipping Lnet/minecraft/world/entity/ai/goal/BoatGoals;
[23:09:21] [main/DEBUG]: Skipping Lnet/minecraft/world/entity/ai/goal/BegGoal;
[23:09:21] [main/DEBUG]: Skipping Lnet/minecraft/world/entity/ai/goal/AvoidEntityGoal;
[23:09:21] [main/DEBUG]: Skipping Lnet/minecraft/world/entity/ai/goal/RunAroundLikeCrazyGoal;
[23:09:21] [main/DEBUG]: Skipping Lnet/minecraft/world/entity/ai/goal/RemoveBlockGoal;
[23:09:21] [main/DEBUG]: Skipping Lnet/minecraft/world/entity/ai/goal/RangedCrossbowAttackGoal;
[23:09:21] [main/DEBUG]: Skipping Lnet/minecraft/world/entity/ai/goal/RangedCrossbowAttackGoal$CrossbowState;
[23:09:21] [main/DEBUG]: Skipping Lnet/minecraft/world/entity/ai/goal/RangedBowAttackGoal;
[23:09:21] [main/DEBUG]: Skipping Lnet/minecraft/world/entity/ai/goal/MeleeAttackGoal;
[23:09:21] [main/DEBUG]: Skipping Lnet/minecraft/world/entity/ai/goal/FloatGoal;
[23:09:21] [main/DEBUG]: Skipping Lnet/minecraft/world/entity/ai/goal/EatBlockGoal;
[23:09:21] [main/DEBUG]: Skipping Lnet/minecraft/world/entity/ai/goal/BreakDoorGoal;
[23:09:21] [main/DEBUG]: Skipping Lnet/minecraft/world/entity/ai/control/package-info;
[23:09:21] [main/DEBUG]: Skipping Lnet/minecraft/world/entity/ai/control/SmoothSwimmingMoveControl;
[23:09:21] [main/DEBUG]: Skipping Lnet/minecraft/world/entity/ai/control/SmoothSwimmingLookControl;
[23:09:21] [main/DEBUG]: Skipping Lnet/minecraft/world/entity/ai/control/MoveControl;
[23:09:21] [main/DEBUG]: Skipping Lnet/minecraft/world/entity/ai/control/MoveControl$Operation;
[23:09:21] [main/DEBUG]: Skipping Lnet/minecraft/world/entity/ai/control/LookControl;
[23:09:21] [main/DEBUG]: Skipping Lnet/minecraft/world/entity/ai/control/JumpControl;
[23:09:21] [main/DEBUG]: Skipping Lnet/minecraft/world/entity/ai/control/FlyingMoveControl;
[23:09:21] [main/DEBUG]: Skipping Lnet/minecraft/world/entity/ai/control/Control;
[23:09:21] [main/DEBUG]: Skipping Lnet/minecraft/world/entity/ai/control/BodyRotationControl;
[23:09:21] [main/DEBUG]: Skipping Lnet/minecraft/world/entity/ai/behavior/warden/package-info;
[23:09:21] [main/DEBUG]: Skipping Lnet/minecraft/world/entity/ai/behavior/warden/TryToSniff;
[23:09:21] [main/DEBUG]: Skipping Lnet/minecraft/world/entity/ai/behavior/warden/SonicBoom;
[23:09:21] [main/DEBUG]: Skipping Lnet/minecraft/world/entity/ai/behavior/warden/Sniffing;
[23:09:21] [main/DEBUG]: Skipping Lnet/minecraft/world/entity/ai/behavior/warden/SetWardenLookTarget;
[23:09:21] [main/DEBUG]: Skipping Lnet/minecraft/world/entity/ai/behavior/warden/SetRoarTarget;
[23:09:21] [main/DEBUG]: Skipping Lnet/minecraft/world/entity/ai/behavior/warden/Roar;
[23:09:21] [main/DEBUG]: Skipping Lnet/minecraft/world/entity/ai/behavior/warden/ForceUnmount;
[23:09:21] [main/DEBUG]: Skipping Lnet/minecraft/world/entity/ai/behavior/warden/Emerging;
[23:09:21] [main/DEBUG]: Skipping Lnet/minecraft/world/entity/ai/behavior/warden/Digging;
[23:09:21] [main/DEBUG]: Skipping Lnet/minecraft/world/entity/ai/behavior/package-info;
[23:09:21] [main/DEBUG]: Skipping Lnet/minecraft/world/entity/ai/behavior/declarative/package-info;
[23:09:21] [main/DEBUG]: Skipping Lnet/minecraft/world/entity/ai/behavior/declarative/Trigger;
[23:09:21] [main/DEBUG]: Skipping Lnet/minecraft/world/entity/ai/behavior/declarative/MemoryCondition;
[23:09:21] [main/DEBUG]: Skipping Lnet/minecraft/world/entity/ai/behavior/declarative/MemoryCondition$Registered;
[23:09:21] [main/DEBUG]: Skipping Lnet/minecraft/world/entity/ai/behavior/declarative/MemoryCondition$Present;
[23:09:21] [main/DEBUG]: Skipping Lnet/minecraft/world/entity/ai/behavior/declarative/MemoryCondition$Absent;
[23:09:21] [main/DEBUG]: Skipping Lnet/minecraft/world/entity/ai/behavior/declarative/MemoryAccessor;
[23:09:21] [main/DEBUG]: Skipping Lnet/minecraft/world/entity/ai/behavior/declarative/BehaviorBuilder;
[23:09:21] [main/DEBUG]: Skipping Lnet/minecraft/world/entity/ai/behavior/declarative/BehaviorBuilder$TriggerWrapper;
[23:09:21] [main/DEBUG]: Skipping Lnet/minecraft/world/entity/ai/behavior/declarative/BehaviorBuilder$TriggerWrapper$1;
[23:09:21] [main/DEBUG]: Skipping Lnet/minecraft/world/entity/ai/behavior/declarative/BehaviorBuilder$TriggerWithResult;
[23:09:21] [main/DEBUG]: Skipping Lnet/minecraft/world/entity/ai/behavior/declarative/BehaviorBuilder$PureMemory;
[23:09:21] [main/DEBUG]: Skipping Lnet/minecraft/world/entity/ai/behavior/declarative/BehaviorBuilder$PureMemory$1;
[23:09:21] [main/DEBUG]: Skipping Lnet/minecraft/world/entity/ai/behavior/declarative/BehaviorBuilder$Mu;
[23:09:21] [main/DEBUG]: Skipping Lnet/minecraft/world/entity/ai/behavior/declarative/BehaviorBuilder$Instance;
[23:09:21] [main/DEBUG]: Skipping Lnet/minecraft/world/entity/ai/behavior/declarative/BehaviorBuilder$Instance$Mu;
[23:09:21] [main/DEBUG]: Skipping Lnet/minecraft/world/entity/ai/behavior/declarative/BehaviorBuilder$Instance$5;
[23:09:21] [main/DEBUG]: Skipping Lnet/minecraft/world/entity/ai/behavior/declarative/BehaviorBuilder$Instance$4;
[23:09:21] [main/DEBUG]: Skipping Lnet/minecraft/world/entity/ai/behavior/declarative/BehaviorBuilder$Instance$3;
[23:09:21] [main/DEBUG]: Skipping Lnet/minecraft/world/entity/ai/behavior/declarative/BehaviorBuilder$Instance$2;
[23:09:21] [main/DEBUG]: Skipping Lnet/minecraft/world/entity/ai/behavior/declarative/BehaviorBuilder$Instance$1;
[23:09:21] [main/DEBUG]: Skipping Lnet/minecraft/world/entity/ai/behavior/declarative/BehaviorBuilder$Constant;
[23:09:21] [main/DEBUG]: Skipping Lnet/minecraft/world/entity/ai/behavior/declarative/BehaviorBuilder$Constant$1;
[23:09:21] [main/DEBUG]: Skipping Lnet/minecraft/world/entity/ai/behavior/declarative/BehaviorBuilder$1;
[23:09:21] [main/DEBUG]: Skipping Lnet/minecraft/world/entity/ai/behavior/YieldJobSite;
[23:09:21] [main/DEBUG]: Skipping Lnet/minecraft/world/entity/ai/behavior/WorkAtPoi;
[23:09:21] [main/DEBUG]: Skipping Lnet/minecraft/world/entity/ai/behavior/WorkAtComposter;
[23:09:21] [main/DEBUG]: Skipping Lnet/minecraft/world/entity/ai/behavior/WakeUp;
[23:09:21] [main/DEBUG]: Skipping Lnet/minecraft/world/entity/ai/behavior/VillagerPanicTrigger;
[23:09:21] [main/DEBUG]: Skipping Lnet/minecraft/world/entity/ai/behavior/VillagerMakeLove;
[23:09:21] [main/DEBUG]: Skipping Lnet/minecraft/world/entity/ai/behavior/VillagerGoalPackages;
[23:09:21] [main/DEBUG]: Skipping Lnet/minecraft/world/entity/ai/behavior/VillagerCalmDown;
[23:09:21] [main/DEBUG]: Skipping Lnet/minecraft/world/entity/ai/behavior/VillageBoundRandomStroll;
[23:09:21] [main/DEBUG]: Skipping Lnet/minecraft/world/entity/ai/behavior/ValidateNearbyPoi;
[23:09:21] [main/DEBUG]: Skipping Lnet/minecraft/world/entity/ai/behavior/UseBonemeal;
[23:09:21] [main/DEBUG]: Skipping Lnet/minecraft/world/entity/ai/behavior/UpdateActivityFromSchedule;
[23:09:21] [main/DEBUG]: Skipping Lnet/minecraft/world/entity/ai/behavior/TryLaySpawnOnWaterNearLand;
[23:09:21] [main/DEBUG]: Skipping Lnet/minecraft/world/entity/ai/behavior/TryFindWater;
[23:09:21] [main/DEBUG]: Skipping Lnet/minecraft/world/entity/ai/behavior/TryFindLandNearWater;
[23:09:21] [main/DEBUG]: Skipping Lnet/minecraft/world/entity/ai/behavior/TryFindLand;
[23:09:21] [main/DEBUG]: Skipping Lnet/minecraft/world/entity/ai/behavior/TriggerGate;
[23:09:21] [main/DEBUG]: Skipping Lnet/minecraft/world/entity/ai/behavior/TradeWithVillager;
[23:09:21] [main/DEBUG]: Skipping Lnet/minecraft/world/entity/ai/behavior/StrollToPoiList;
[23:09:21] [main/DEBUG]: Skipping Lnet/minecraft/world/entity/ai/behavior/StrollToPoi;
[23:09:21] [main/DEBUG]: Skipping Lnet/minecraft/world/entity/ai/behavior/StrollAroundPoi;
[23:09:21] [main/DEBUG]: Skipping Lnet/minecraft/world/entity/ai/behavior/StopBeingAngryIfTargetDead;
[23:09:21] [main/DEBUG]: Skipping Lnet/minecraft/world/entity/ai/behavior/StopAttackingIfTargetInvalid;
[23:09:21] [main/DEBUG]: Skipping Lnet/minecraft/world/entity/ai/behavior/StayCloseToTarget;
[23:09:21] [main/DEBUG]: Skipping Lnet/minecraft/world/entity/ai/behavior/StartCelebratingIfTargetDead;
[23:09:21] [main/DEBUG]: Skipping Lnet/minecraft/world/entity/ai/behavior/SocializeAtBell;
[23:09:21] [main/DEBUG]: Skipping Lnet/minecraft/world/entity/ai/behavior/SleepInBed;
[23:09:21] [main/DEBUG]: Skipping Lnet/minecraft/world/entity/ai/behavior/ShufflingList;
[23:09:21] [main/DEBUG]: Skipping Lnet/minecraft/world/entity/ai/behavior/ShufflingList$WeightedEntry;
[23:09:21] [main/DEBUG]: Skipping Lnet/minecraft/world/entity/ai/behavior/ShufflingList$WeightedEntry$1;
[23:09:21] [main/DEBUG]: Skipping Lnet/minecraft/world/entity/ai/behavior/ShowTradesToPlayer;
[23:09:21] [main/DEBUG]: Skipping Lnet/minecraft/world/entity/ai/behavior/SetWalkTargetFromLookTarget;
[23:09:21] [main/DEBUG]: Skipping Lnet/minecraft/world/entity/ai/behavior/SetWalkTargetFromBlockMemory;
[23:09:21] [main/DEBUG]: Skipping Lnet/minecraft/world/entity/ai/behavior/SetWalkTargetFromAttackTargetIfTargetOutOfReach;
[23:09:21] [main/DEBUG]: Skipping Lnet/minecraft/world/entity/ai/behavior/SetWalkTargetAwayFrom;
[23:09:21] [main/DEBUG]: Skipping Lnet/minecraft/world/entity/ai/behavior/SetRaidStatus;
[23:09:21] [main/DEBUG]: Skipping Lnet/minecraft/world/entity/ai/behavior/SetLookAndInteract;
[23:09:21] [main/DEBUG]: Skipping Lnet/minecraft/world/entity/ai/behavior/SetHiddenState;
[23:09:21] [main/DEBUG]: Skipping Lnet/minecraft/world/entity/ai/behavior/SetEntityLookTargetSometimes;
[23:09:21] [main/DEBUG]: Skipping Lnet/minecraft/world/entity/ai/behavior/SetEntityLookTargetSometimes$Ticker;
[23:09:21] [main/DEBUG]: Skipping Lnet/minecraft/world/entity/ai/behavior/SetEntityLookTarget;
[23:09:21] [main/DEBUG]: Skipping Lnet/minecraft/world/entity/ai/behavior/SetClosestHomeAsWalkTarget;
[23:09:21] [main/DEBUG]: Skipping Lnet/minecraft/world/entity/ai/behavior/RunOne;
[23:09:21] [main/DEBUG]: Skipping Lnet/minecraft/world/entity/ai/behavior/RingBell;
[23:09:21] [main/DEBUG]: Skipping Lnet/minecraft/world/entity/ai/behavior/ResetRaidStatus;
[23:09:21] [main/DEBUG]: Skipping Lnet/minecraft/world/entity/ai/behavior/ResetProfession;
[23:09:21] [main/DEBUG]: Skipping Lnet/minecraft/world/entity/ai/behavior/ReactToBell;
[23:09:21] [main/DEBUG]: Skipping Lnet/minecraft/world/entity/ai/behavior/RandomStroll;
[23:09:21] [main/DEBUG]: Skipping Lnet/minecraft/world/entity/ai/behavior/RandomLookAround;
[23:09:21] [main/DEBUG]: Skipping Lnet/minecraft/world/entity/ai/behavior/RamTarget;
[23:09:21] [main/DEBUG]: Skipping Lnet/minecraft/world/entity/ai/behavior/PrepareRamNearestTarget;
[23:09:21] [main/DEBUG]: Skipping Lnet/minecraft/world/entity/ai/behavior/PrepareRamNearestTarget$RamCandidate;
[23:09:21] [main/DEBUG]: Skipping Lnet/minecraft/world/entity/ai/behavior/PositionTracker;
[23:09:21] [main/DEBUG]: Skipping Lnet/minecraft/world/entity/ai/behavior/PoiCompetitorScan;
[23:09:21] [main/DEBUG]: Skipping Lnet/minecraft/world/entity/ai/behavior/PlayTagWithOtherKids;
[23:09:21] [main/DEBUG]: Skipping Lnet/minecraft/world/entity/ai/behavior/OneShot;
[23:09:21] [main/DEBUG]: Skipping Lnet/minecraft/world/entity/ai/behavior/MoveToTargetSink;
[23:09:21] [main/DEBUG]: Skipping Lnet/minecraft/world/entity/ai/behavior/MoveToSkySeeingSpot;
[23:09:21] [main/DEBUG]: Skipping Lnet/minecraft/world/entity/ai/behavior/Mount;
[23:09:21] [main/DEBUG]: Skipping Lnet/minecraft/world/entity/ai/behavior/MeleeAttack;
[23:09:21] [main/DEBUG]: Skipping Lnet/minecraft/world/entity/ai/behavior/LookAtTargetSink;
[23:09:21] [main/DEBUG]: Skipping Lnet/minecraft/world/entity/ai/behavior/LookAndFollowTradingPlayerSink;
[23:09:21] [main/DEBUG]: Skipping Lnet/minecraft/world/entity/ai/behavior/LongJumpUtil;
[23:09:21] [main/DEBUG]: Skipping Lnet/minecraft/world/entity/ai/behavior/LongJumpToRandomPos;
[23:09:21] [main/DEBUG]: Skipping Lnet/minecraft/world/entity/ai/behavior/LongJumpToRandomPos$PossibleJump;
[23:09:21] [main/DEBUG]: Skipping Lnet/minecraft/world/entity/ai/behavior/LongJumpToPreferredBlock;
[23:09:21] [main/DEBUG]: Skipping Lnet/minecraft/world/entity/ai/behavior/LongJumpMidJump;
[23:09:21] [main/DEBUG]: Skipping Lnet/minecraft/world/entity/ai/behavior/LocateHidingPlace;
[23:09:21] [main/DEBUG]: Skipping Lnet/minecraft/world/entity/ai/behavior/JumpOnBed;
[23:09:21] [main/DEBUG]: Skipping Lnet/minecraft/world/entity/ai/behavior/InteractWithDoor;
[23:09:21] [main/DEBUG]: Skipping Lnet/minecraft/world/entity/ai/behavior/InteractWith;
[23:09:21] [main/DEBUG]: Skipping Lnet/minecraft/world/entity/ai/behavior/InsideBrownianWalk;
[23:09:21] [main/DEBUG]: Skipping Lnet/minecraft/world/entity/ai/behavior/GoToWantedItem;
[23:09:21] [main/DEBUG]: Skipping Lnet/minecraft/world/entity/ai/behavior/GoToTargetLocation;
[23:09:21] [main/DEBUG]: Skipping Lnet/minecraft/world/entity/ai/behavior/GoToPotentialJobSite;
[23:09:21] [main/DEBUG]: Skipping Lnet/minecraft/world/entity/ai/behavior/GoToClosestVillage;
[23:09:21] [main/DEBUG]: Skipping Lnet/minecraft/world/entity/ai/behavior/GoAndGiveItemsToTarget;
[23:09:21] [main/DEBUG]: Skipping Lnet/minecraft/world/entity/ai/behavior/GiveGiftToHero;
[23:09:21] [main/DEBUG]: Skipping Lnet/minecraft/world/entity/ai/behavior/GateBehavior;
[23:09:21] [main/DEBUG]: Skipping Lnet/minecraft/world/entity/ai/behavior/GateBehavior$RunningPolicy;
[23:09:21] [main/DEBUG]: Skipping Lnet/minecraft/world/entity/ai/behavior/GateBehavior$RunningPolicy$2;
[23:09:21] [main/DEBUG]: Skipping Lnet/minecraft/world/entity/ai/behavior/GateBehavior$RunningPolicy$1;
[23:09:21] [main/DEBUG]: Skipping Lnet/minecraft/world/entity/ai/behavior/GateBehavior$OrderPolicy;
[23:09:21] [main/DEBUG]: Skipping Lnet/minecraft/world/entity/ai/behavior/FollowTemptation;
[23:09:21] [main/DEBUG]: Skipping Lnet/minecraft/world/entity/ai/behavior/EraseMemoryIf;
[23:09:21] [main/DEBUG]: Skipping Lnet/minecraft/world/entity/ai/behavior/EntityTracker;
[23:09:21] [main/DEBUG]: Skipping Lnet/minecraft/world/entity/ai/behavior/DoNothing;
[23:09:21] [main/DEBUG]: Skipping Lnet/minecraft/world/entity/ai/behavior/DismountOrSkipMounting;
[23:09:21] [main/DEBUG]: Skipping Lnet/minecraft/world/entity/ai/behavior/Croak;
[23:09:21] [main/DEBUG]: Skipping Lnet/minecraft/world/entity/ai/behavior/CountDownCooldownTicks;
[23:09:21] [main/DEBUG]: Skipping Lnet/minecraft/world/entity/ai/behavior/CopyMemoryWithExpiry;
[23:09:21] [main/DEBUG]: Skipping Lnet/minecraft/world/entity/ai/behavior/CelebrateVillagersSurvivedRaid;
[23:09:21] [main/DEBUG]: Skipping Lnet/minecraft/world/entity/ai/behavior/BlockPosTracker;
[23:09:21] [main/DEBUG]: Skipping Lnet/minecraft/world/entity/ai/behavior/BehaviorUtils;
[23:09:21] [main/DEBUG]: Skipping Lnet/minecraft/world/entity/ai/behavior/BehaviorControl;
[23:09:21] [main/DEBUG]: Skipping Lnet/minecraft/world/entity/ai/behavior/Behavior;
[23:09:21] [main/DEBUG]: Skipping Lnet/minecraft/world/entity/ai/behavior/Behavior$Status;
[23:09:21] [main/DEBUG]: Skipping Lnet/minecraft/world/entity/ai/behavior/BecomePassiveIfMemoryPresent;
[23:09:21] [main/DEBUG]: Skipping Lnet/minecraft/world/entity/ai/behavior/BackUpIfTooClose;
[23:09:21] [main/DEBUG]: Skipping Lnet/minecraft/world/entity/ai/behavior/BabyFollowAdult;
[23:09:21] [main/DEBUG]: Skipping Lnet/minecraft/world/entity/ai/behavior/AssignProfessionFromJobSite;
[23:09:21] [main/DEBUG]: Skipping Lnet/minecraft/world/entity/ai/behavior/AnimalPanic;
[23:09:21] [main/DEBUG]: Skipping Lnet/minecraft/world/entity/ai/behavior/AnimalMakeLove;
[23:09:21] [main/DEBUG]: Skipping Lnet/minecraft/world/entity/ai/behavior/AcquirePoi;
[23:09:21] [main/DEBUG]: Skipping Lnet/minecraft/world/entity/ai/behavior/AcquirePoi$JitteredLinearRetry;
[23:09:21] [main/DEBUG]: Skipping Lnet/minecraft/world/entity/ai/behavior/Swim;
[23:09:21] [main/DEBUG]: Skipping Lnet/minecraft/world/entity/ai/behavior/StartAttacking;
[23:09:21] [main/DEBUG]: Skipping Lnet/minecraft/world/entity/ai/behavior/HarvestFarmland;
[23:09:21] [main/DEBUG]: Skipping Lnet/minecraft/world/entity/ai/behavior/CrossbowAttack;
[23:09:21] [main/DEBUG]: Skipping Lnet/minecraft/world/entity/ai/behavior/CrossbowAttack$CrossbowState;
[23:09:21] [main/DEBUG]: Skipping Lnet/minecraft/world/entity/ai/attributes/package-info;
[23:09:21] [main/DEBUG]: Skipping Lnet/minecraft/world/entity/ai/attributes/RangedAttribute;
[23:09:21] [main/DEBUG]: Skipping Lnet/minecraft/world/entity/ai/attributes/Attributes;
[23:09:21] [main/DEBUG]: Skipping Lnet/minecraft/world/entity/ai/attributes/AttributeModifier;
[23:09:21] [main/DEBUG]: Skipping Lnet/minecraft/world/entity/ai/attributes/AttributeModifier$Operation;
[23:09:21] [main/DEBUG]: Skipping Lnet/minecraft/world/entity/ai/attributes/AttributeMap;
[23:09:21] [main/DEBUG]: Skipping Lnet/minecraft/world/entity/ai/attributes/AttributeInstance;
[23:09:21] [main/DEBUG]: Skipping Lnet/minecraft/world/entity/ai/attributes/Attribute;
[23:09:21] [main/DEBUG]: Skipping Lnet/minecraft/world/entity/ai/attributes/Attribute$Sentiment;
[23:09:21] [main/DEBUG]: Skipping Lnet/minecraft/world/entity/ai/attributes/DefaultAttributes;
[23:09:21] [main/DEBUG]: Skipping Lnet/minecraft/world/entity/ai/attributes/AttributeSupplier;
[23:09:21] [main/DEBUG]: Skipping Lnet/minecraft/world/entity/ai/attributes/AttributeSupplier$Builder;
[23:09:21] [main/DEBUG]: Skipping Lnet/minecraft/world/entity/ai/Brain;
[23:09:21] [main/DEBUG]: Skipping Lnet/minecraft/world/entity/ai/Brain$Provider;
[23:09:21] [main/DEBUG]: Skipping Lnet/minecraft/world/entity/ai/Brain$MemoryValue;
[23:09:21] [main/DEBUG]: Skipping Lnet/minecraft/world/entity/ai/Brain$1;
[23:09:21] [main/DEBUG]: Skipping Lnet/minecraft/world/entity/WalkAnimationState;
[23:09:21] [main/DEBUG]: Skipping Lnet/minecraft/world/entity/VariantHolder;
[23:09:21] [main/DEBUG]: Skipping Lnet/minecraft/world/entity/TraceableEntity;
[23:09:21] [main/DEBUG]: Skipping Lnet/minecraft/world/entity/Targeting;
[23:09:21] [main/DEBUG]: Skipping Lnet/minecraft/world/entity/SpawnPlacementType;
[23:09:21] [main/DEBUG]: Skipping Lnet/minecraft/world/entity/SpawnGroupData;
[23:09:21] [main/DEBUG]: Skipping Lnet/minecraft/world/entity/SlotAccess;
[23:09:21] [main/DEBUG]: Skipping Lnet/minecraft/world/entity/SlotAccess$4;
[23:09:21] [main/DEBUG]: Skipping Lnet/minecraft/world/entity/SlotAccess$3;
[23:09:21] [main/DEBUG]: Skipping Lnet/minecraft/world/entity/SlotAccess$2;
[23:09:21] [main/DEBUG]: Skipping Lnet/minecraft/world/entity/SlotAccess$1;
[23:09:21] [main/DEBUG]: Skipping Lnet/minecraft/world/entity/Saddleable;
[23:09:21] [main/DEBUG]: Skipping Lnet/minecraft/world/entity/ReputationEventHandler;
[23:09:21] [main/DEBUG]: Skipping Lnet/minecraft/world/entity/RelativeMovement;
[23:09:21] [main/DEBUG]: Skipping Lnet/minecraft/world/entity/PowerableMob;
[23:09:21] [main/DEBUG]: Skipping Lnet/minecraft/world/entity/Pose;
[23:09:21] [main/DEBUG]: Skipping Lnet/minecraft/world/entity/PortalProcessor;
[23:09:21] [main/DEBUG]: Skipping Lnet/minecraft/world/entity/PlayerRideableJumping;
[23:09:21] [main/DEBUG]: Skipping Lnet/minecraft/world/entity/PlayerRideable;
[23:09:21] [main/DEBUG]: Skipping Lnet/minecraft/world/entity/PathfinderMob;
[23:09:21] [main/DEBUG]: Skipping Lnet/minecraft/world/entity/OwnableEntity;
[23:09:21] [main/DEBUG]: Skipping Lnet/minecraft/world/entity/OminousItemSpawner;
[23:09:21] [main/DEBUG]: Skipping Lnet/minecraft/world/entity/NeutralMob;
[23:09:21] [main/DEBUG]: Skipping Lnet/minecraft/world/entity/MoverType;
[23:09:21] [main/DEBUG]: Skipping Lnet/minecraft/world/entity/MobSpawnType;
[23:09:21] [main/DEBUG]: Skipping Lnet/minecraft/world/entity/Marker;
[23:09:21] [main/DEBUG]: Skipping Lnet/minecraft/world/entity/LerpingModel;
[23:09:21] [main/DEBUG]: Skipping Lnet/minecraft/world/entity/Leashable;
[23:09:21] [main/DEBUG]: Skipping Lnet/minecraft/world/entity/Leashable$LeashData;
[23:09:21] [main/DEBUG]: Skipping Lnet/minecraft/world/entity/ItemSteerable;
[23:09:21] [main/DEBUG]: Skipping Lnet/minecraft/world/entity/ItemBasedSteering;
[23:09:21] [main/DEBUG]: Skipping Lnet/minecraft/world/entity/Interaction;
[23:09:21] [main/DEBUG]: Skipping Lnet/minecraft/world/entity/Interaction$PlayerAction;
[23:09:21] [main/DEBUG]: Skipping Lnet/minecraft/world/entity/HumanoidArm;
[23:09:21] [main/DEBUG]: Skipping Lnet/minecraft/world/entity/HasCustomInventoryScreen;
[23:09:21] [main/DEBUG]: Skipping Lnet/minecraft/world/entity/GlowSquid;
[23:09:21] [main/DEBUG]: Skipping Lnet/minecraft/world/entity/EquipmentUser;
[23:09:21] [main/DEBUG]: Skipping Lnet/minecraft/world/entity/EquipmentTable;
[23:09:21] [main/DEBUG]: Skipping Lnet/minecraft/world/entity/EquipmentSlotGroup;
[23:09:21] [main/DEBUG]: Skipping Lnet/minecraft/world/entity/EquipmentSlotGroup$1;
[23:09:21] [main/DEBUG]: Skipping Lnet/minecraft/world/entity/EquipmentSlot;
[23:09:21] [main/DEBUG]: Skipping Lnet/minecraft/world/entity/EquipmentSlot$Type;
[23:09:21] [main/DEBUG]: Skipping Lnet/minecraft/world/entity/EntitySelector;
[23:09:21] [main/DEBUG]: Skipping Lnet/minecraft/world/entity/EntitySelector$MobCanWearArmorEntitySelector;
[23:09:21] [main/DEBUG]: Skipping Lnet/minecraft/world/entity/EntityEvent;
[23:09:21] [main/DEBUG]: Skipping Lnet/minecraft/world/entity/EntityDimensions;
[23:09:21] [main/DEBUG]: Skipping Lnet/minecraft/world/entity/EntityAttachments;
[23:09:21] [main/DEBUG]: Skipping Lnet/minecraft/world/entity/EntityAttachments$Builder;
[23:09:21] [main/DEBUG]: Skipping Lnet/minecraft/world/entity/EntityAttachment;
[23:09:21] [main/DEBUG]: Skipping Lnet/minecraft/world/entity/EntityAttachment$Fallback;
[23:09:21] [main/DEBUG]: Skipping Lnet/minecraft/world/entity/Display;
[23:09:21] [main/DEBUG]: Skipping Lnet/minecraft/world/entity/Display$TransformationInterpolator;
[23:09:21] [main/DEBUG]: Skipping Lnet/minecraft/world/entity/Display$TextDisplay;
[23:09:21] [main/DEBUG]: Skipping Lnet/minecraft/world/entity/Display$TextDisplay$TextRenderState;
[23:09:21] [main/DEBUG]: Skipping Lnet/minecraft/world/entity/Display$TextDisplay$LineSplitter;
[23:09:21] [main/DEBUG]: Skipping Lnet/minecraft/world/entity/Display$TextDisplay$CachedLine;
[23:09:21] [main/DEBUG]: Skipping Lnet/minecraft/world/entity/Display$TextDisplay$CachedInfo;
[23:09:21] [main/DEBUG]: Skipping Lnet/minecraft/world/entity/Display$TextDisplay$Align;
[23:09:21] [main/DEBUG]: Skipping Lnet/minecraft/world/entity/Display$RenderState;
[23:09:21] [main/DEBUG]: Skipping Lnet/minecraft/world/entity/Display$PosRotInterpolationTarget;
[23:09:21] [main/DEBUG]: Skipping Lnet/minecraft/world/entity/Display$LinearIntInterpolator;
[23:09:21] [main/DEBUG]: Skipping Lnet/minecraft/world/entity/Display$LinearFloatInterpolator;
[23:09:21] [main/DEBUG]: Skipping Lnet/minecraft/world/entity/Display$ItemDisplay;
[23:09:21] [main/DEBUG]: Skipping Lnet/minecraft/world/entity/Display$ItemDisplay$ItemRenderState;
[23:09:21] [main/DEBUG]: Skipping Lnet/minecraft/world/entity/Display$IntInterpolator;
[23:09:21] [main/DEBUG]: Skipping Lnet/minecraft/world/entity/Display$GenericInterpolator;
[23:09:21] [main/DEBUG]: Skipping Lnet/minecraft/world/entity/Display$FloatInterpolator;
[23:09:21] [main/DEBUG]: Skipping Lnet/minecraft/world/entity/Display$ColorInterpolator;
[23:09:21] [main/DEBUG]: Skipping Lnet/minecraft/world/entity/Display$BlockDisplay;
[23:09:21] [main/DEBUG]: Skipping Lnet/minecraft/world/entity/Display$BlockDisplay$BlockRenderState;
[23:09:21] [main/DEBUG]: Skipping Lnet/minecraft/world/entity/Display$BillboardConstraints;
[23:09:21] [main/DEBUG]: Skipping Lnet/minecraft/world/entity/Crackiness;
[23:09:21] [main/DEBUG]: Skipping Lnet/minecraft/world/entity/Crackiness$Level;
[23:09:21] [main/DEBUG]: Skipping Lnet/minecraft/world/entity/Attackable;
[23:09:21] [main/DEBUG]: Skipping Lnet/minecraft/world/entity/AreaEffectCloud;
[23:09:21] [main/DEBUG]: Skipping Lnet/minecraft/world/entity/AnimationState;
[23:09:21] [main/DEBUG]: Skipping Lnet/minecraft/world/entity/AgeableMob;
[23:09:21] [main/DEBUG]: Skipping Lnet/minecraft/world/entity/AgeableMob$AgeableMobGroupData;
[23:09:21] [main/DEBUG]: Skipping Lnet/minecraft/world/entity/Entity$FluidCalcs;
[23:09:21] [main/DEBUG]: Skipping Lnet/minecraft/world/entity/TamableAnimal;
[23:09:21] [main/DEBUG]: Skipping Lnet/minecraft/world/entity/TamableAnimal$TamableAnimalPanicGoal;
[23:09:21] [main/DEBUG]: Skipping Lnet/minecraft/world/entity/SpawnPlacements;
[23:09:21] [main/DEBUG]: Skipping Lnet/minecraft/world/entity/SpawnPlacements$SpawnPredicate;
[23:09:21] [main/DEBUG]: Skipping Lnet/minecraft/world/entity/SpawnPlacements$Data;
[23:09:21] [main/DEBUG]: Skipping Lnet/minecraft/world/entity/SpawnPlacementTypes;
[23:09:21] [main/DEBUG]: Skipping Lnet/minecraft/world/entity/SpawnPlacementTypes$1;
[23:09:21] [main/DEBUG]: Skipping Lnet/minecraft/world/entity/Shearable;
[23:09:21] [main/DEBUG]: Skipping Lnet/minecraft/world/entity/MobCategory;
[23:09:21] [main/DEBUG]: Transforming class Lnet/minecraft/world/entity/Mob;
[23:09:21] [main/DEBUG]: Transforming net/minecraft/world/entity/Mob FIELD f_21345_ to access PUBLIC and LEAVE
[23:09:21] [main/DEBUG]: Transforming net/minecraft/world/entity/Mob FIELD f_21346_ to access PUBLIC and LEAVE
[23:09:21] [main/DEBUG]: Skipping Lnet/minecraft/world/entity/Mob$1;
[23:09:21] [main/DEBUG]: Skipping Lnet/minecraft/world/entity/LivingEntity;
[23:09:21] [main/DEBUG]: Skipping Lnet/minecraft/world/entity/LivingEntity$Fallsounds;
[23:09:21] [main/DEBUG]: Skipping Lnet/minecraft/world/entity/LivingEntity$1;
[23:09:21] [main/DEBUG]: Skipping Lnet/minecraft/world/entity/LightningBolt;
[23:09:21] [main/DEBUG]: Skipping Lnet/minecraft/world/entity/FlyingMob;
[23:09:21] [main/DEBUG]: Transforming class Lnet/minecraft/world/entity/ExperienceOrb;
[23:09:21] [main/DEBUG]: Transforming net/minecraft/world/entity/ExperienceOrb FIELD f_20770_ to access PUBLIC and LEAVE
[23:09:21] [main/DEBUG]: Skipping Lnet/minecraft/world/entity/EntityType;
[23:09:21] [main/DEBUG]: Skipping Lnet/minecraft/world/entity/EntityType$EntityFactory;
[23:09:21] [main/DEBUG]: Skipping Lnet/minecraft/world/entity/EntityType$Builder;
[23:09:21] [main/DEBUG]: Skipping Lnet/minecraft/world/entity/EntityType$1;
[23:09:21] [main/DEBUG]: Transforming class Lnet/minecraft/world/entity/Entity;
[23:09:21] [main/DEBUG]: Transforming net/minecraft/world/entity/Entity FIELD f_19843_ to access PROTECTED and LEAVE
[23:09:21] [main/DEBUG]: Transforming net/minecraft/world/entity/Entity METHOD m_20078_()Ljava/lang/String; to access PUBLIC and LEAVE
[23:09:21] [main/DEBUG]: Skipping Lnet/minecraft/world/entity/Entity$RemovalReason;
[23:09:21] [main/DEBUG]: Skipping Lnet/minecraft/world/entity/Entity$MovementEmission;
[23:09:21] [main/DEBUG]: Skipping Lnet/minecraft/world/entity/Entity$MoveFunction;
[23:09:21] [main/DEBUG]: Skipping Lnet/minecraft/world/entity/Entity$1;
[23:09:21] [main/DEBUG]: Skipping Lnet/minecraft/world/effect/package-info;
[23:09:21] [main/DEBUG]: Skipping Lnet/minecraft/world/effect/WitherMobEffect;
[23:09:21] [main/DEBUG]: Skipping Lnet/minecraft/world/effect/WindChargedMobEffect;
[23:09:21] [main/DEBUG]: Skipping Lnet/minecraft/world/effect/WeavingMobEffect;
[23:09:21] [main/DEBUG]: Skipping Lnet/minecraft/world/effect/SaturationMobEffect;
[23:09:21] [main/DEBUG]: Skipping Lnet/minecraft/world/effect/RegenerationMobEffect;
[23:09:21] [main/DEBUG]: Skipping Lnet/minecraft/world/effect/RaidOmenMobEffect;
[23:09:21] [main/DEBUG]: Skipping Lnet/minecraft/world/effect/PoisonMobEffect;
[23:09:21] [main/DEBUG]: Skipping Lnet/minecraft/world/effect/OozingMobEffect;
[23:09:21] [main/DEBUG]: Skipping Lnet/minecraft/world/effect/OozingMobEffect$NearbySlimes;
[23:09:21] [main/DEBUG]: Skipping Lnet/minecraft/world/effect/MobEffects;
[23:09:21] [main/DEBUG]: Skipping Lnet/minecraft/world/effect/MobEffectUtil;
[23:09:21] [main/DEBUG]: Skipping Lnet/minecraft/world/effect/MobEffectInstance;
[23:09:21] [main/DEBUG]: Skipping Lnet/minecraft/world/effect/MobEffectInstance$Details;
[23:09:21] [main/DEBUG]: Skipping Lnet/minecraft/world/effect/MobEffectInstance$BlendState;
[23:09:21] [main/DEBUG]: Skipping Lnet/minecraft/world/effect/MobEffectCategory;
[23:09:21] [main/DEBUG]: Skipping Lnet/minecraft/world/effect/InstantenousMobEffect;
[23:09:21] [main/DEBUG]: Skipping Lnet/minecraft/world/effect/InfestedMobEffect;
[23:09:21] [main/DEBUG]: Skipping Lnet/minecraft/world/effect/HungerMobEffect;
[23:09:21] [main/DEBUG]: Skipping Lnet/minecraft/world/effect/HealOrHarmMobEffect;
[23:09:21] [main/DEBUG]: Skipping Lnet/minecraft/world/effect/BadOmenMobEffect;
[23:09:21] [main/DEBUG]: Skipping Lnet/minecraft/world/effect/AbsorptionMobEffect;
[23:09:21] [main/DEBUG]: Skipping Lnet/minecraft/world/effect/MobEffect;
[23:09:21] [main/DEBUG]: Skipping Lnet/minecraft/world/effect/MobEffect$AttributeTemplate;
[23:09:21] [main/DEBUG]: Skipping Lnet/minecraft/world/damagesource/package-info;
[23:09:21] [main/DEBUG]: Skipping Lnet/minecraft/world/damagesource/FallLocation;
[23:09:21] [main/DEBUG]: Skipping Lnet/minecraft/world/damagesource/DeathMessageType;
[23:09:21] [main/DEBUG]: Skipping Lnet/minecraft/world/damagesource/DamageTypes;
[23:09:21] [main/DEBUG]: Skipping Lnet/minecraft/world/damagesource/DamageType;
[23:09:21] [main/DEBUG]: Skipping Lnet/minecraft/world/damagesource/DamageSources;
[23:09:21] [main/DEBUG]: Transforming class Lnet/minecraft/world/damagesource/DamageSource;
[23:09:21] [main/DEBUG]: Transforming net/minecraft/world/damagesource/DamageSource METHOD <init>(Lnet/minecraft/core/Holder;Lnet/minecraft/world/entity/Entity;Lnet/minecraft/world/entity/Entity;Lnet/minecraft/world/phys/Vec3;)V to access PUBLIC and LEAVE
[23:09:21] [main/DEBUG]: Skipping Lnet/minecraft/world/damagesource/DamageSource$1;
[23:09:21] [main/DEBUG]: Skipping Lnet/minecraft/world/damagesource/DamageScaling;
[23:09:21] [main/DEBUG]: Skipping Lnet/minecraft/world/damagesource/DamageEffects;
[23:09:21] [main/DEBUG]: Skipping Lnet/minecraft/world/damagesource/CombatTracker;
[23:09:21] [main/DEBUG]: Skipping Lnet/minecraft/world/damagesource/CombatRules;
[23:09:21] [main/DEBUG]: Skipping Lnet/minecraft/world/damagesource/CombatEntry;
[23:09:21] [main/DEBUG]: Skipping Lnet/minecraft/world/WorldlyContainerHolder;
[23:09:21] [main/DEBUG]: Skipping Lnet/minecraft/world/WorldlyContainer;
[23:09:21] [main/DEBUG]: Skipping Lnet/minecraft/world/TickRateManager;
[23:09:21] [main/DEBUG]: Skipping Lnet/minecraft/world/SimpleMenuProvider;
[23:09:21] [main/DEBUG]: Skipping Lnet/minecraft/world/SimpleContainer;
[23:09:21] [main/DEBUG]: Skipping Lnet/minecraft/world/RandomizableContainer;
[23:09:21] [main/DEBUG]: Skipping Lnet/minecraft/world/RandomSequences;
[23:09:21] [main/DEBUG]: Skipping Lnet/minecraft/world/RandomSequences$DirtyMarkingRandomSource;
[23:09:21] [main/DEBUG]: Skipping Lnet/minecraft/world/RandomSequence;
[23:09:21] [main/DEBUG]: Skipping Lnet/minecraft/world/Nameable;
[23:09:21] [main/DEBUG]: Skipping Lnet/minecraft/world/MenuProvider;
[23:09:21] [main/DEBUG]: Skipping Lnet/minecraft/world/LockCode;
[23:09:21] [main/DEBUG]: Skipping Lnet/minecraft/world/ItemInteractionResult;
[23:09:21] [main/DEBUG]: Skipping Lnet/minecraft/world/InteractionResultHolder;
[23:09:21] [main/DEBUG]: Skipping Lnet/minecraft/world/InteractionResult;
[23:09:21] [main/DEBUG]: Skipping Lnet/minecraft/world/InteractionHand;
[23:09:21] [main/DEBUG]: Skipping Lnet/minecraft/world/DifficultyInstance;
[23:09:21] [main/DEBUG]: Skipping Lnet/minecraft/world/Difficulty;
[23:09:21] [main/DEBUG]: Skipping Lnet/minecraft/world/Containers;
[23:09:21] [main/DEBUG]: Skipping Lnet/minecraft/world/ContainerListener;
[23:09:21] [main/DEBUG]: Skipping Lnet/minecraft/world/ContainerHelper;
[23:09:21] [main/DEBUG]: Skipping Lnet/minecraft/world/Container;
[23:09:21] [main/DEBUG]: Skipping Lnet/minecraft/world/CompoundContainer;
[23:09:21] [main/DEBUG]: Skipping Lnet/minecraft/world/Clearable;
[23:09:21] [main/DEBUG]: Skipping Lnet/minecraft/world/BossEvent;
[23:09:21] [main/DEBUG]: Skipping Lnet/minecraft/world/BossEvent$BossBarOverlay;
[23:09:21] [main/DEBUG]: Skipping Lnet/minecraft/world/BossEvent$BossBarColor;
[23:09:21] [main/DEBUG]: Skipping Lnet/minecraft/util/worldupdate/package-info;
[23:09:21] [main/DEBUG]: Skipping Lnet/minecraft/util/worldupdate/WorldUpgrader;
[23:09:21] [main/DEBUG]: Skipping Lnet/minecraft/util/worldupdate/WorldUpgrader$SimpleRegionStorageUpgrader;
[23:09:21] [main/DEBUG]: Skipping Lnet/minecraft/util/worldupdate/WorldUpgrader$PoiUpgrader;
[23:09:21] [main/DEBUG]: Skipping Lnet/minecraft/util/worldupdate/WorldUpgrader$FileToUpgrade;
[23:09:21] [main/DEBUG]: Skipping Lnet/minecraft/util/worldupdate/WorldUpgrader$EntityUpgrader;
[23:09:21] [main/DEBUG]: Skipping Lnet/minecraft/util/worldupdate/WorldUpgrader$DimensionToUpgrade;
[23:09:21] [main/DEBUG]: Skipping Lnet/minecraft/util/worldupdate/WorldUpgrader$ChunkUpgrader;
[23:09:21] [main/DEBUG]: Skipping Lnet/minecraft/util/worldupdate/WorldUpgrader$AbstractUpgrader;
[23:09:21] [main/DEBUG]: Skipping Lnet/minecraft/util/valueproviders/package-info;
[23:09:21] [main/DEBUG]: Skipping Lnet/minecraft/util/valueproviders/WeightedListInt;
[23:09:21] [main/DEBUG]: Skipping Lnet/minecraft/util/valueproviders/UniformInt;
[23:09:21] [main/DEBUG]: Skipping Lnet/minecraft/util/valueproviders/UniformFloat;
[23:09:21] [main/DEBUG]: Skipping Lnet/minecraft/util/valueproviders/TrapezoidFloat;
[23:09:21] [main/DEBUG]: Skipping Lnet/minecraft/util/valueproviders/SampledFloat;
[23:09:21] [main/DEBUG]: Skipping Lnet/minecraft/util/valueproviders/MultipliedFloats;
[23:09:21] [main/DEBUG]: Skipping Lnet/minecraft/util/valueproviders/IntProviderType;
[23:09:21] [main/DEBUG]: Skipping Lnet/minecraft/util/valueproviders/IntProvider;
[23:09:21] [main/DEBUG]: Skipping Lnet/minecraft/util/valueproviders/FloatProviderType;
[23:09:21] [main/DEBUG]: Skipping Lnet/minecraft/util/valueproviders/FloatProvider;
[23:09:21] [main/DEBUG]: Skipping Lnet/minecraft/util/valueproviders/ConstantInt;
[23:09:21] [main/DEBUG]: Skipping Lnet/minecraft/util/valueproviders/ConstantFloat;
[23:09:21] [main/DEBUG]: Skipping Lnet/minecraft/util/valueproviders/ClampedNormalInt;
[23:09:21] [main/DEBUG]: Skipping Lnet/minecraft/util/valueproviders/ClampedNormalFloat;
[23:09:21] [main/DEBUG]: Skipping Lnet/minecraft/util/valueproviders/ClampedInt;
[23:09:21] [main/DEBUG]: Skipping Lnet/minecraft/util/valueproviders/BiasedToBottomInt;
[23:09:21] [main/DEBUG]: Skipping Lnet/minecraft/util/thread/package-info;
[23:09:21] [main/DEBUG]: Skipping Lnet/minecraft/util/thread/StrictQueue;
[23:09:21] [main/DEBUG]: Skipping Lnet/minecraft/util/thread/StrictQueue$QueueStrictQueue;
[23:09:21] [main/DEBUG]: Skipping Lnet/minecraft/util/thread/StrictQueue$IntRunnable;
[23:09:21] [main/DEBUG]: Skipping Lnet/minecraft/util/thread/StrictQueue$FixedPriorityQueue;
[23:09:21] [main/DEBUG]: Skipping Lnet/minecraft/util/thread/ReentrantBlockableEventLoop;
[23:09:21] [main/DEBUG]: Skipping Lnet/minecraft/util/thread/ProcessorMailbox;
[23:09:21] [main/DEBUG]: Skipping Lnet/minecraft/util/thread/ProcessorHandle;
[23:09:21] [main/DEBUG]: Skipping Lnet/minecraft/util/thread/ProcessorHandle$1;
[23:09:21] [main/DEBUG]: Skipping Lnet/minecraft/util/thread/NamedThreadFactory;
[23:09:21] [main/DEBUG]: Transforming class Lnet/minecraft/util/thread/BlockableEventLoop;
[23:09:21] [main/DEBUG]: Transforming net/minecraft/util/thread/BlockableEventLoop METHOD m_18689_(Ljava/lang/Runnable;)Ljava/util/concurrent/CompletableFuture; to access PUBLIC and LEAVE
[23:09:21] [main/DEBUG]: Skipping Lnet/minecraft/util/random/package-info;
[23:09:21] [main/DEBUG]: Skipping Lnet/minecraft/util/random/WeightedRandomList;
[23:09:21] [main/DEBUG]: Skipping Lnet/minecraft/util/random/WeightedRandom;
[23:09:21] [main/DEBUG]: Skipping Lnet/minecraft/util/random/WeightedEntry;
[23:09:21] [main/DEBUG]: Skipping Lnet/minecraft/util/random/WeightedEntry$Wrapper;
[23:09:21] [main/DEBUG]: Skipping Lnet/minecraft/util/random/WeightedEntry$IntrusiveBase;
[23:09:21] [main/DEBUG]: Skipping Lnet/minecraft/util/random/Weight;
[23:09:21] [main/DEBUG]: Skipping Lnet/minecraft/util/random/SimpleWeightedRandomList;
[23:09:21] [main/DEBUG]: Skipping Lnet/minecraft/util/random/SimpleWeightedRandomList$Builder;
[23:09:21] [main/DEBUG]: Skipping Lnet/minecraft/util/profiling/package-info;
[23:09:21] [main/DEBUG]: Skipping Lnet/minecraft/util/profiling/metrics/storage/package-info;
[23:09:21] [main/DEBUG]: Skipping Lnet/minecraft/util/profiling/metrics/storage/RecordedDeviation;
[23:09:21] [main/DEBUG]: Skipping Lnet/minecraft/util/profiling/metrics/storage/MetricsPersister;
[23:09:21] [main/DEBUG]: Skipping Lnet/minecraft/util/profiling/metrics/profiling/package-info;
[23:09:21] [main/DEBUG]: Skipping Lnet/minecraft/util/profiling/metrics/profiling/ServerMetricsSamplersProvider;
[23:09:21] [main/DEBUG]: Skipping Lnet/minecraft/util/profiling/metrics/profiling/ServerMetricsSamplersProvider$CpuStats;
[23:09:21] [main/DEBUG]: Skipping Lnet/minecraft/util/profiling/metrics/profiling/ServerMetricsSamplersProvider$1;
[23:09:21] [main/DEBUG]: Skipping Lnet/minecraft/util/profiling/metrics/profiling/ProfilerSamplerAdapter;
[23:09:21] [main/DEBUG]: Skipping Lnet/minecraft/util/profiling/metrics/profiling/MetricsRecorder;
[23:09:21] [main/DEBUG]: Skipping Lnet/minecraft/util/profiling/metrics/profiling/InactiveMetricsRecorder;
[23:09:21] [main/DEBUG]: Skipping Lnet/minecraft/util/profiling/metrics/profiling/ActiveMetricsRecorder;
[23:09:21] [main/DEBUG]: Skipping Lnet/minecraft/util/profiling/metrics/package-info;
[23:09:21] [main/DEBUG]: Skipping Lnet/minecraft/util/profiling/metrics/ProfilerMeasured;
[23:09:21] [main/DEBUG]: Skipping Lnet/minecraft/util/profiling/metrics/MetricsSamplerProvider;
[23:09:21] [main/DEBUG]: Skipping Lnet/minecraft/util/profiling/metrics/MetricsRegistry;
[23:09:21] [main/DEBUG]: Skipping Lnet/minecraft/util/profiling/metrics/MetricsRegistry$AggregatedMetricSampler;
[23:09:21] [main/DEBUG]: Skipping Lnet/minecraft/util/profiling/metrics/MetricSampler;
[23:09:21] [main/DEBUG]: Skipping Lnet/minecraft/util/profiling/metrics/MetricSampler$ValueIncreasedByPercentage;
[23:09:21] [main/DEBUG]: Skipping Lnet/minecraft/util/profiling/metrics/MetricSampler$ThresholdTest;
[23:09:21] [main/DEBUG]: Skipping Lnet/minecraft/util/profiling/metrics/MetricSampler$SamplerResult;
[23:09:21] [main/DEBUG]: Skipping Lnet/minecraft/util/profiling/metrics/MetricSampler$MetricSamplerBuilder;
[23:09:21] [main/DEBUG]: Skipping Lnet/minecraft/util/profiling/metrics/MetricCategory;
[23:09:21] [main/DEBUG]: Skipping Lnet/minecraft/util/profiling/jfr/stats/package-info;
[23:09:21] [main/DEBUG]: Skipping Lnet/minecraft/util/profiling/jfr/stats/TimedStatSummary;
[23:09:21] [main/DEBUG]: Skipping Lnet/minecraft/util/profiling/jfr/stats/TimedStat;
[23:09:21] [main/DEBUG]: Skipping Lnet/minecraft/util/profiling/jfr/stats/TickTimeStat;
[23:09:21] [main/DEBUG]: Skipping Lnet/minecraft/util/profiling/jfr/stats/ThreadAllocationStat;
[23:09:21] [main/DEBUG]: Skipping Lnet/minecraft/util/profiling/jfr/stats/ThreadAllocationStat$Summary;
[23:09:21] [main/DEBUG]: Skipping Lnet/minecraft/util/profiling/jfr/stats/PacketIdentification;
[23:09:21] [main/DEBUG]: Skipping Lnet/minecraft/util/profiling/jfr/stats/IoSummary;
[23:09:21] [main/DEBUG]: Skipping Lnet/minecraft/util/profiling/jfr/stats/IoSummary$CountAndSize;
[23:09:21] [main/DEBUG]: Skipping Lnet/minecraft/util/profiling/jfr/stats/GcHeapStat;
[23:09:21] [main/DEBUG]: Skipping Lnet/minecraft/util/profiling/jfr/stats/GcHeapStat$Timing;
[23:09:21] [main/DEBUG]: Skipping Lnet/minecraft/util/profiling/jfr/stats/GcHeapStat$Summary;
[23:09:21] [main/DEBUG]: Skipping Lnet/minecraft/util/profiling/jfr/stats/FileIOStat;
[23:09:21] [main/DEBUG]: Skipping Lnet/minecraft/util/profiling/jfr/stats/FileIOStat$Summary;
[23:09:21] [main/DEBUG]: Skipping Lnet/minecraft/util/profiling/jfr/stats/CpuLoadStat;
[23:09:21] [main/DEBUG]: Skipping Lnet/minecraft/util/profiling/jfr/stats/ChunkIdentification;
[23:09:21] [main/DEBUG]: Skipping Lnet/minecraft/util/profiling/jfr/stats/ChunkGenStat;
[23:09:21] [main/DEBUG]: Skipping Lnet/minecraft/util/profiling/jfr/serialize/package-info;
[23:09:21] [main/DEBUG]: Skipping Lnet/minecraft/util/profiling/jfr/serialize/JfrResultJsonSerializer;
[23:09:21] [main/DEBUG]: Skipping Lnet/minecraft/util/profiling/jfr/parse/package-info;
[23:09:21] [main/DEBUG]: Skipping Lnet/minecraft/util/profiling/jfr/parse/JfrStatsResult;
[23:09:21] [main/DEBUG]: Skipping Lnet/minecraft/util/profiling/jfr/parse/JfrStatsParser;
[23:09:21] [main/DEBUG]: Skipping Lnet/minecraft/util/profiling/jfr/parse/JfrStatsParser$MutableCountAndSize;
[23:09:21] [main/DEBUG]: Skipping Lnet/minecraft/util/profiling/jfr/parse/JfrStatsParser$1;
[23:09:21] [main/DEBUG]: Skipping Lnet/minecraft/util/profiling/jfr/package-info;
[23:09:21] [main/DEBUG]: Skipping Lnet/minecraft/util/profiling/jfr/event/package-info;
[23:09:21] [main/DEBUG]: Skipping Lnet/minecraft/util/profiling/jfr/event/WorldLoadFinishedEvent;
[23:09:21] [main/DEBUG]: Skipping Lnet/minecraft/util/profiling/jfr/event/ServerTickTimeEvent;
[23:09:21] [main/DEBUG]: Skipping Lnet/minecraft/util/profiling/jfr/event/ServerTickTimeEvent$Fields;
[23:09:21] [main/DEBUG]: Skipping Lnet/minecraft/util/profiling/jfr/event/PacketSentEvent;
[23:09:21] [main/DEBUG]: Skipping Lnet/minecraft/util/profiling/jfr/event/PacketReceivedEvent;
[23:09:21] [main/DEBUG]: Skipping Lnet/minecraft/util/profiling/jfr/event/PacketEvent;
[23:09:21] [main/DEBUG]: Skipping Lnet/minecraft/util/profiling/jfr/event/PacketEvent$Fields;
[23:09:21] [main/DEBUG]: Skipping Lnet/minecraft/util/profiling/jfr/event/NetworkSummaryEvent;
[23:09:21] [main/DEBUG]: Skipping Lnet/minecraft/util/profiling/jfr/event/NetworkSummaryEvent$SumAggregation;
[23:09:21] [main/DEBUG]: Skipping Lnet/minecraft/util/profiling/jfr/event/NetworkSummaryEvent$Fields;
[23:09:21] [main/DEBUG]: Skipping Lnet/minecraft/util/profiling/jfr/event/ChunkRegionWriteEvent;
[23:09:21] [main/DEBUG]: Skipping Lnet/minecraft/util/profiling/jfr/event/ChunkRegionReadEvent;
[23:09:21] [main/DEBUG]: Skipping Lnet/minecraft/util/profiling/jfr/event/ChunkRegionIoEvent;
[23:09:21] [main/DEBUG]: Skipping Lnet/minecraft/util/profiling/jfr/event/ChunkRegionIoEvent$Fields;
[23:09:21] [main/DEBUG]: Skipping Lnet/minecraft/util/profiling/jfr/event/ChunkGenerationEvent;
[23:09:21] [main/DEBUG]: Skipping Lnet/minecraft/util/profiling/jfr/event/ChunkGenerationEvent$Fields;
[23:09:21] [main/DEBUG]: Skipping Lnet/minecraft/util/profiling/jfr/callback/package-info;
[23:09:21] [main/DEBUG]: Skipping Lnet/minecraft/util/profiling/jfr/callback/ProfiledDuration;
[23:09:21] [main/DEBUG]: Skipping Lnet/minecraft/util/profiling/jfr/SummaryReporter;
[23:09:21] [main/DEBUG]: Skipping Lnet/minecraft/util/profiling/jfr/Percentiles;
[23:09:21] [main/DEBUG]: Skipping Lnet/minecraft/util/profiling/jfr/JvmProfiler;
[23:09:21] [main/DEBUG]: Skipping Lnet/minecraft/util/profiling/jfr/JvmProfiler$NoOpProfiler;
[23:09:21] [main/DEBUG]: Skipping Lnet/minecraft/util/profiling/jfr/JfrProfiler;
[23:09:21] [main/DEBUG]: Skipping Lnet/minecraft/util/profiling/jfr/JfrProfiler$1;
[23:09:21] [main/DEBUG]: Skipping Lnet/minecraft/util/profiling/jfr/Environment;
[23:09:21] [main/DEBUG]: Skipping Lnet/minecraft/util/profiling/SingleTickProfiler;
[23:09:21] [main/DEBUG]: Skipping Lnet/minecraft/util/profiling/ResultField;
[23:09:21] [main/DEBUG]: Skipping Lnet/minecraft/util/profiling/ProfilerPathEntry;
[23:09:21] [main/DEBUG]: Skipping Lnet/minecraft/util/profiling/ProfilerFiller;
[23:09:21] [main/DEBUG]: Skipping Lnet/minecraft/util/profiling/ProfilerFiller$1;
[23:09:21] [main/DEBUG]: Skipping Lnet/minecraft/util/profiling/ProfileResults;
[23:09:21] [main/DEBUG]: Skipping Lnet/minecraft/util/profiling/ProfileCollector;
[23:09:21] [main/DEBUG]: Skipping Lnet/minecraft/util/profiling/InactiveProfiler;
[23:09:21] [main/DEBUG]: Skipping Lnet/minecraft/util/profiling/FilledProfileResults;
[23:09:21] [main/DEBUG]: Skipping Lnet/minecraft/util/profiling/FilledProfileResults$CounterCollector;
[23:09:21] [main/DEBUG]: Skipping Lnet/minecraft/util/profiling/FilledProfileResults$1;
[23:09:21] [main/DEBUG]: Skipping Lnet/minecraft/util/profiling/EmptyProfileResults;
[23:09:21] [main/DEBUG]: Skipping Lnet/minecraft/util/profiling/ContinuousProfiler;
[23:09:21] [main/DEBUG]: Skipping Lnet/minecraft/util/profiling/ActiveProfiler;
[23:09:21] [main/DEBUG]: Skipping Lnet/minecraft/util/profiling/ActiveProfiler$PathEntry;
[23:09:21] [main/DEBUG]: Skipping Lnet/minecraft/util/parsing/packrat/package-info;
[23:09:21] [main/DEBUG]: Skipping Lnet/minecraft/util/parsing/packrat/commands/package-info;
[23:09:21] [main/DEBUG]: Skipping Lnet/minecraft/util/parsing/packrat/commands/TagParseRule;
[23:09:21] [main/DEBUG]: Skipping Lnet/minecraft/util/parsing/packrat/commands/StringReaderTerms;
[23:09:21] [main/DEBUG]: Skipping Lnet/minecraft/util/parsing/packrat/commands/StringReaderTerms$TerminalWord;
[23:09:21] [main/DEBUG]: Skipping Lnet/minecraft/util/parsing/packrat/commands/StringReaderTerms$TerminalCharacter;
[23:09:21] [main/DEBUG]: Skipping Lnet/minecraft/util/parsing/packrat/commands/StringReaderParserState;
[23:09:21] [main/DEBUG]: Skipping Lnet/minecraft/util/parsing/packrat/commands/ResourceSuggestion;
[23:09:21] [main/DEBUG]: Skipping Lnet/minecraft/util/parsing/packrat/commands/ResourceLookupRule;
[23:09:21] [main/DEBUG]: Skipping Lnet/minecraft/util/parsing/packrat/commands/ResourceLocationParseRule;
[23:09:21] [main/DEBUG]: Skipping Lnet/minecraft/util/parsing/packrat/commands/Grammar;
[23:09:21] [main/DEBUG]: Skipping Lnet/minecraft/util/parsing/packrat/Term;
[23:09:21] [main/DEBUG]: Skipping Lnet/minecraft/util/parsing/packrat/Term$Sequence;
[23:09:21] [main/DEBUG]: Skipping Lnet/minecraft/util/parsing/packrat/Term$Reference;
[23:09:21] [main/DEBUG]: Skipping Lnet/minecraft/util/parsing/packrat/Term$Maybe;
[23:09:21] [main/DEBUG]: Skipping Lnet/minecraft/util/parsing/packrat/Term$Marker;
[23:09:21] [main/DEBUG]: Skipping Lnet/minecraft/util/parsing/packrat/Term$Alternative;
[23:09:21] [main/DEBUG]: Skipping Lnet/minecraft/util/parsing/packrat/Term$2;
[23:09:21] [main/DEBUG]: Skipping Lnet/minecraft/util/parsing/packrat/Term$1;
[23:09:21] [main/DEBUG]: Skipping Lnet/minecraft/util/parsing/packrat/SuggestionSupplier;
[23:09:21] [main/DEBUG]: Skipping Lnet/minecraft/util/parsing/packrat/Scope;
[23:09:21] [main/DEBUG]: Skipping Lnet/minecraft/util/parsing/packrat/Rule;
[23:09:21] [main/DEBUG]: Skipping Lnet/minecraft/util/parsing/packrat/Rule$WrappedTerm;
[23:09:21] [main/DEBUG]: Skipping Lnet/minecraft/util/parsing/packrat/Rule$SimpleRuleAction;
[23:09:21] [main/DEBUG]: Skipping Lnet/minecraft/util/parsing/packrat/Rule$RuleAction;
[23:09:21] [main/DEBUG]: Skipping Lnet/minecraft/util/parsing/packrat/ParseState;
[23:09:21] [main/DEBUG]: Skipping Lnet/minecraft/util/parsing/packrat/ParseState$CacheKey;
[23:09:21] [main/DEBUG]: Skipping Lnet/minecraft/util/parsing/packrat/ParseState$CacheEntry;
[23:09:21] [main/DEBUG]: Skipping Lnet/minecraft/util/parsing/packrat/ErrorEntry;
[23:09:21] [main/DEBUG]: Skipping Lnet/minecraft/util/parsing/packrat/ErrorCollector;
[23:09:21] [main/DEBUG]: Skipping Lnet/minecraft/util/parsing/packrat/ErrorCollector$LongestOnly;
[23:09:21] [main/DEBUG]: Skipping Lnet/minecraft/util/parsing/packrat/Dictionary;
[23:09:21] [main/DEBUG]: Skipping Lnet/minecraft/util/parsing/packrat/Control;
[23:09:21] [main/DEBUG]: Skipping Lnet/minecraft/util/parsing/packrat/Atom;
[23:09:21] [main/DEBUG]: Skipping Lnet/minecraft/util/parsing/package-info;
[23:09:21] [main/DEBUG]: Skipping Lnet/minecraft/util/package-info;
[23:09:21] [main/DEBUG]: Skipping Lnet/minecraft/util/monitoring/jmx/package-info;
[23:09:21] [main/DEBUG]: Skipping Lnet/minecraft/util/monitoring/jmx/MinecraftServerStatistics;
[23:09:21] [main/DEBUG]: Skipping Lnet/minecraft/util/monitoring/jmx/MinecraftServerStatistics$AttributeDescription;
[23:09:21] [main/DEBUG]: Skipping Lnet/minecraft/util/eventlog/package-info;
[23:09:21] [main/DEBUG]: Skipping Lnet/minecraft/util/eventlog/JsonEventLogReader;
[23:09:21] [main/DEBUG]: Skipping Lnet/minecraft/util/eventlog/JsonEventLogReader$1;
[23:09:21] [main/DEBUG]: Skipping Lnet/minecraft/util/eventlog/JsonEventLog;
[23:09:21] [main/DEBUG]: Skipping Lnet/minecraft/util/eventlog/JsonEventLog$1;
[23:09:21] [main/DEBUG]: Skipping Lnet/minecraft/util/eventlog/EventLogDirectory;
[23:09:21] [main/DEBUG]: Skipping Lnet/minecraft/util/eventlog/EventLogDirectory$RawFile;
[23:09:21] [main/DEBUG]: Skipping Lnet/minecraft/util/eventlog/EventLogDirectory$FileList;
[23:09:21] [main/DEBUG]: Skipping Lnet/minecraft/util/eventlog/EventLogDirectory$FileId;
[23:09:21] [main/DEBUG]: Skipping Lnet/minecraft/util/eventlog/EventLogDirectory$File;
[23:09:21] [main/DEBUG]: Skipping Lnet/minecraft/util/eventlog/EventLogDirectory$CompressedFile;
[23:09:21] [main/DEBUG]: Skipping Lnet/minecraft/util/debugchart/TpsDebugDimensions;
[23:09:21] [main/DEBUG]: Skipping Lnet/minecraft/util/debugchart/SampleStorage;
[23:09:21] [main/DEBUG]: Skipping Lnet/minecraft/util/debugchart/SampleLogger;
[23:09:21] [main/DEBUG]: Skipping Lnet/minecraft/util/debugchart/RemoteSampleLogger;
[23:09:21] [main/DEBUG]: Skipping Lnet/minecraft/util/debugchart/RemoteDebugSampleType;
[23:09:21] [main/DEBUG]: Skipping Lnet/minecraft/util/debugchart/LocalSampleLogger;
[23:09:21] [main/DEBUG]: Skipping Lnet/minecraft/util/debugchart/DebugSampleSubscriptionTracker;
[23:09:21] [main/DEBUG]: Skipping Lnet/minecraft/util/debugchart/DebugSampleSubscriptionTracker$SubscriptionStartedAt;
[23:09:21] [main/DEBUG]: Skipping Lnet/minecraft/util/debugchart/DebugSampleSubscriptionTracker$SubscriptionRequest;
[23:09:21] [main/DEBUG]: Skipping Lnet/minecraft/util/debugchart/AbstractSampleLogger;
[23:09:21] [main/DEBUG]: Skipping Lnet/minecraft/util/datafix/schemas/package-info;
[23:09:21] [main/DEBUG]: Skipping Lnet/minecraft/util/datafix/schemas/V99;
[23:09:21] [main/DEBUG]: Skipping Lnet/minecraft/util/datafix/schemas/V99$1;
[23:09:21] [main/DEBUG]: Skipping Lnet/minecraft/util/datafix/schemas/V808;
[23:09:21] [main/DEBUG]: Skipping Lnet/minecraft/util/datafix/schemas/V705;
[23:09:21] [main/DEBUG]: Skipping Lnet/minecraft/util/datafix/schemas/V705$1;
[23:09:21] [main/DEBUG]: Skipping Lnet/minecraft/util/datafix/schemas/V704;
[23:09:21] [main/DEBUG]: Skipping Lnet/minecraft/util/datafix/schemas/V704$1;
[23:09:21] [main/DEBUG]: Skipping Lnet/minecraft/util/datafix/schemas/V703;
[23:09:21] [main/DEBUG]: Skipping Lnet/minecraft/util/datafix/schemas/V702;
[23:09:21] [main/DEBUG]: Skipping Lnet/minecraft/util/datafix/schemas/V701;
[23:09:21] [main/DEBUG]: Skipping Lnet/minecraft/util/datafix/schemas/V700;
[23:09:21] [main/DEBUG]: Skipping Lnet/minecraft/util/datafix/schemas/V501;
[23:09:21] [main/DEBUG]: Skipping Lnet/minecraft/util/datafix/schemas/V3938;
[23:09:21] [main/DEBUG]: Skipping Lnet/minecraft/util/datafix/schemas/V3825;
[23:09:21] [main/DEBUG]: Skipping Lnet/minecraft/util/datafix/schemas/V3818_5;
[23:09:21] [main/DEBUG]: Skipping Lnet/minecraft/util/datafix/schemas/V3818_4;
[23:09:21] [main/DEBUG]: Skipping Lnet/minecraft/util/datafix/schemas/V3818_3;
[23:09:21] [main/DEBUG]: Skipping Lnet/minecraft/util/datafix/schemas/V3818;
[23:09:21] [main/DEBUG]: Skipping Lnet/minecraft/util/datafix/schemas/V3816;
[23:09:21] [main/DEBUG]: Skipping Lnet/minecraft/util/datafix/schemas/V3808_2;
[23:09:21] [main/DEBUG]: Skipping Lnet/minecraft/util/datafix/schemas/V3808_1;
[23:09:21] [main/DEBUG]: Skipping Lnet/minecraft/util/datafix/schemas/V3808;
[23:09:21] [main/DEBUG]: Skipping Lnet/minecraft/util/datafix/schemas/V3807;
[23:09:21] [main/DEBUG]: Skipping Lnet/minecraft/util/datafix/schemas/V3799;
[23:09:21] [main/DEBUG]: Skipping Lnet/minecraft/util/datafix/schemas/V3689;
[23:09:21] [main/DEBUG]: Skipping Lnet/minecraft/util/datafix/schemas/V3685;
[23:09:21] [main/DEBUG]: Skipping Lnet/minecraft/util/datafix/schemas/V3683;
[23:09:21] [main/DEBUG]: Skipping Lnet/minecraft/util/datafix/schemas/V3682;
[23:09:21] [main/DEBUG]: Skipping Lnet/minecraft/util/datafix/schemas/V3448;
[23:09:21] [main/DEBUG]: Skipping Lnet/minecraft/util/datafix/schemas/V3438;
[23:09:21] [main/DEBUG]: Skipping Lnet/minecraft/util/datafix/schemas/V3328;
[23:09:21] [main/DEBUG]: Skipping Lnet/minecraft/util/datafix/schemas/V3327;
[23:09:21] [main/DEBUG]: Skipping Lnet/minecraft/util/datafix/schemas/V3326;
[23:09:21] [main/DEBUG]: Skipping Lnet/minecraft/util/datafix/schemas/V3325;
[23:09:21] [main/DEBUG]: Skipping Lnet/minecraft/util/datafix/schemas/V3204;
[23:09:21] [main/DEBUG]: Skipping Lnet/minecraft/util/datafix/schemas/V3203;
[23:09:21] [main/DEBUG]: Skipping Lnet/minecraft/util/datafix/schemas/V3202;
[23:09:21] [main/DEBUG]: Skipping Lnet/minecraft/util/datafix/schemas/V3083;
[23:09:21] [main/DEBUG]: Skipping Lnet/minecraft/util/datafix/schemas/V3082;
[23:09:21] [main/DEBUG]: Skipping Lnet/minecraft/util/datafix/schemas/V3081;
[23:09:21] [main/DEBUG]: Skipping Lnet/minecraft/util/datafix/schemas/V3078;
[23:09:21] [main/DEBUG]: Skipping Lnet/minecraft/util/datafix/schemas/V3076;
[23:09:21] [main/DEBUG]: Skipping Lnet/minecraft/util/datafix/schemas/V2842;
[23:09:21] [main/DEBUG]: Skipping Lnet/minecraft/util/datafix/schemas/V2831;
[23:09:21] [main/DEBUG]: Skipping Lnet/minecraft/util/datafix/schemas/V2707;
[23:09:21] [main/DEBUG]: Skipping Lnet/minecraft/util/datafix/schemas/V2704;
[23:09:21] [main/DEBUG]: Skipping Lnet/minecraft/util/datafix/schemas/V2688;
[23:09:21] [main/DEBUG]: Skipping Lnet/minecraft/util/datafix/schemas/V2686;
[23:09:21] [main/DEBUG]: Skipping Lnet/minecraft/util/datafix/schemas/V2684;
[23:09:21] [main/DEBUG]: Skipping Lnet/minecraft/util/datafix/schemas/V2571;
[23:09:21] [main/DEBUG]: Skipping Lnet/minecraft/util/datafix/schemas/V2568;
[23:09:21] [main/DEBUG]: Skipping Lnet/minecraft/util/datafix/schemas/V2551;
[23:09:21] [main/DEBUG]: Skipping Lnet/minecraft/util/datafix/schemas/V2522;
[23:09:21] [main/DEBUG]: Skipping Lnet/minecraft/util/datafix/schemas/V2519;
[23:09:21] [main/DEBUG]: Skipping Lnet/minecraft/util/datafix/schemas/V2509;
[23:09:21] [main/DEBUG]: Skipping Lnet/minecraft/util/datafix/schemas/V2505;
[23:09:21] [main/DEBUG]: Skipping Lnet/minecraft/util/datafix/schemas/V2502;
[23:09:21] [main/DEBUG]: Skipping Lnet/minecraft/util/datafix/schemas/V2501;
[23:09:21] [main/DEBUG]: Skipping Lnet/minecraft/util/datafix/schemas/V2100;
[23:09:21] [main/DEBUG]: Skipping Lnet/minecraft/util/datafix/schemas/V1931;
[23:09:21] [main/DEBUG]: Skipping Lnet/minecraft/util/datafix/schemas/V1929;
[23:09:21] [main/DEBUG]: Skipping Lnet/minecraft/util/datafix/schemas/V1928;
[23:09:21] [main/DEBUG]: Skipping Lnet/minecraft/util/datafix/schemas/V1920;
[23:09:21] [main/DEBUG]: Skipping Lnet/minecraft/util/datafix/schemas/V1909;
[23:09:21] [main/DEBUG]: Skipping Lnet/minecraft/util/datafix/schemas/V1906;
[23:09:21] [main/DEBUG]: Skipping Lnet/minecraft/util/datafix/schemas/V1904;
[23:09:21] [main/DEBUG]: Skipping Lnet/minecraft/util/datafix/schemas/V1801;
[23:09:21] [main/DEBUG]: Skipping Lnet/minecraft/util/datafix/schemas/V1800;
[23:09:21] [main/DEBUG]: Skipping Lnet/minecraft/util/datafix/schemas/V1510;
[23:09:21] [main/DEBUG]: Skipping Lnet/minecraft/util/datafix/schemas/V1486;
[23:09:21] [main/DEBUG]: Skipping Lnet/minecraft/util/datafix/schemas/V1483;
[23:09:21] [main/DEBUG]: Skipping Lnet/minecraft/util/datafix/schemas/V1481;
[23:09:21] [main/DEBUG]: Skipping Lnet/minecraft/util/datafix/schemas/V1470;
[23:09:21] [main/DEBUG]: Skipping Lnet/minecraft/util/datafix/schemas/V1466;
[23:09:21] [main/DEBUG]: Skipping Lnet/minecraft/util/datafix/schemas/V1460;
[23:09:21] [main/DEBUG]: Skipping Lnet/minecraft/util/datafix/schemas/V1451_6;
[23:09:21] [main/DEBUG]: Skipping Lnet/minecraft/util/datafix/schemas/V1451_6$2;
[23:09:21] [main/DEBUG]: Skipping Lnet/minecraft/util/datafix/schemas/V1451_6$1;
[23:09:21] [main/DEBUG]: Skipping Lnet/minecraft/util/datafix/schemas/V1451_5;
[23:09:21] [main/DEBUG]: Skipping Lnet/minecraft/util/datafix/schemas/V1451_4;
[23:09:21] [main/DEBUG]: Skipping Lnet/minecraft/util/datafix/schemas/V1451_3;
[23:09:21] [main/DEBUG]: Skipping Lnet/minecraft/util/datafix/schemas/V1451_2;
[23:09:21] [main/DEBUG]: Skipping Lnet/minecraft/util/datafix/schemas/V1451_1;
[23:09:21] [main/DEBUG]: Skipping Lnet/minecraft/util/datafix/schemas/V1451;
[23:09:21] [main/DEBUG]: Skipping Lnet/minecraft/util/datafix/schemas/V143;
[23:09:21] [main/DEBUG]: Skipping Lnet/minecraft/util/datafix/schemas/V135;
[23:09:21] [main/DEBUG]: Skipping Lnet/minecraft/util/datafix/schemas/V1125;
[23:09:21] [main/DEBUG]: Skipping Lnet/minecraft/util/datafix/schemas/V107;
[23:09:21] [main/DEBUG]: Skipping Lnet/minecraft/util/datafix/schemas/V106;
[23:09:21] [main/DEBUG]: Skipping Lnet/minecraft/util/datafix/schemas/V1022;
[23:09:21] [main/DEBUG]: Skipping Lnet/minecraft/util/datafix/schemas/V102;
[23:09:21] [main/DEBUG]: Skipping Lnet/minecraft/util/datafix/schemas/V100;
[23:09:21] [main/DEBUG]: Skipping Lnet/minecraft/util/datafix/schemas/NamespacedSchema;
[23:09:21] [main/DEBUG]: Skipping Lnet/minecraft/util/datafix/schemas/NamespacedSchema$1;
[23:09:21] [main/DEBUG]: Skipping Lnet/minecraft/util/datafix/schemas/V2832;
[23:09:21] [main/DEBUG]: Skipping Lnet/minecraft/util/datafix/package-info;
[23:09:21] [main/DEBUG]: Skipping Lnet/minecraft/util/datafix/fixes/package-info;
[23:09:21] [main/DEBUG]: Skipping Lnet/minecraft/util/datafix/fixes/ZombieVillagerRebuildXpFix;
[23:09:21] [main/DEBUG]: Skipping Lnet/minecraft/util/datafix/fixes/WriteAndReadFix;
[23:09:21] [main/DEBUG]: Skipping Lnet/minecraft/util/datafix/fixes/WorldGenSettingsHeightAndBiomeFix;
[23:09:21] [main/DEBUG]: Skipping Lnet/minecraft/util/datafix/fixes/WorldGenSettingsFix;
[23:09:21] [main/DEBUG]: Skipping Lnet/minecraft/util/datafix/fixes/WorldGenSettingsFix$StructureFeatureConfiguration;
[23:09:21] [main/DEBUG]: Skipping Lnet/minecraft/util/datafix/fixes/WorldGenSettingsDisallowOldCustomWorldsFix;
[23:09:21] [main/DEBUG]: Skipping Lnet/minecraft/util/datafix/fixes/WeaponSmithChestLootTableFix;
[23:09:21] [main/DEBUG]: Skipping Lnet/minecraft/util/datafix/fixes/WallPropertyFix;
[23:09:21] [main/DEBUG]: Skipping Lnet/minecraft/util/datafix/fixes/VillagerTradeFix;
[23:09:21] [main/DEBUG]: Skipping Lnet/minecraft/util/datafix/fixes/VillagerRebuildLevelAndXpFix;
[23:09:21] [main/DEBUG]: Skipping Lnet/minecraft/util/datafix/fixes/VillagerFollowRangeFix;
[23:09:21] [main/DEBUG]: Skipping Lnet/minecraft/util/datafix/fixes/VillagerDataFix;
[23:09:21] [main/DEBUG]: Skipping Lnet/minecraft/util/datafix/fixes/VariantRenameFix;
[23:09:21] [main/DEBUG]: Skipping Lnet/minecraft/util/datafix/fixes/TrialSpawnerConfigFix;
[23:09:21] [main/DEBUG]: Skipping Lnet/minecraft/util/datafix/fixes/TrappedChestBlockEntityFix;
[23:09:21] [main/DEBUG]: Skipping Lnet/minecraft/util/datafix/fixes/TrappedChestBlockEntityFix$TrappedChestSection;
[23:09:21] [main/DEBUG]: Skipping Lnet/minecraft/util/datafix/fixes/TippedArrowPotionToItemFix;
[23:09:21] [main/DEBUG]: Skipping Lnet/minecraft/util/datafix/fixes/TeamDisplayNameFix;
[23:09:21] [main/DEBUG]: Skipping Lnet/minecraft/util/datafix/fixes/StructureSettingsFlattenFix;
[23:09:21] [main/DEBUG]: Skipping Lnet/minecraft/util/datafix/fixes/StructureReferenceCountFix;
[23:09:21] [main/DEBUG]: Skipping Lnet/minecraft/util/datafix/fixes/StriderGravityFix;
[23:09:21] [main/DEBUG]: Skipping Lnet/minecraft/util/datafix/fixes/StatsRenameFix;
[23:09:21] [main/DEBUG]: Skipping Lnet/minecraft/util/datafix/fixes/StatsCounterFix;
[23:09:21] [main/DEBUG]: Skipping Lnet/minecraft/util/datafix/fixes/StatsCounterFix$StatType;
[23:09:21] [main/DEBUG]: Skipping Lnet/minecraft/util/datafix/fixes/SpawnerDataFix;
[23:09:21] [main/DEBUG]: Skipping Lnet/minecraft/util/datafix/fixes/SimplestEntityRenameFix;
[23:09:21] [main/DEBUG]: Skipping Lnet/minecraft/util/datafix/fixes/SimpleEntityRenameFix;
[23:09:21] [main/DEBUG]: Skipping Lnet/minecraft/util/datafix/fixes/ScoreboardDisplaySlotFix;
[23:09:21] [main/DEBUG]: Skipping Lnet/minecraft/util/datafix/fixes/SavedDataUUIDFix;
[23:09:21] [main/DEBUG]: Skipping Lnet/minecraft/util/datafix/fixes/SavedDataFeaturePoolElementFix;
[23:09:21] [main/DEBUG]: Skipping Lnet/minecraft/util/datafix/fixes/ReorganizePoi;
[23:09:21] [main/DEBUG]: Skipping Lnet/minecraft/util/datafix/fixes/RenamedCoralFix;
[23:09:21] [main/DEBUG]: Skipping Lnet/minecraft/util/datafix/fixes/RenamedCoralFansFix;
[23:09:21] [main/DEBUG]: Skipping Lnet/minecraft/util/datafix/fixes/RenameEnchantmentsFix;
[23:09:21] [main/DEBUG]: Skipping Lnet/minecraft/util/datafix/fixes/RemoveGolemGossipFix;
[23:09:21] [main/DEBUG]: Skipping Lnet/minecraft/util/datafix/fixes/RemoveEmptyItemInBrushableBlockFix;
[23:09:21] [main/DEBUG]: Skipping Lnet/minecraft/util/datafix/fixes/RemapChunkStatusFix;
[23:09:21] [main/DEBUG]: Skipping Lnet/minecraft/util/datafix/fixes/References;
[23:09:21] [main/DEBUG]: Skipping Lnet/minecraft/util/datafix/fixes/References$1;
[23:09:21] [main/DEBUG]: Skipping Lnet/minecraft/util/datafix/fixes/RedstoneWireConnectionsFix;
[23:09:21] [main/DEBUG]: Skipping Lnet/minecraft/util/datafix/fixes/RecipesRenameningFix;
[23:09:21] [main/DEBUG]: Skipping Lnet/minecraft/util/datafix/fixes/RecipesFix;
[23:09:21] [main/DEBUG]: Skipping Lnet/minecraft/util/datafix/fixes/RandomSequenceSettingsFix;
[23:09:21] [main/DEBUG]: Skipping Lnet/minecraft/util/datafix/fixes/ProjectileStoredWeaponFix;
[23:09:21] [main/DEBUG]: Skipping Lnet/minecraft/util/datafix/fixes/PrimedTntBlockStateFixer;
[23:09:21] [main/DEBUG]: Skipping Lnet/minecraft/util/datafix/fixes/PoiTypeRenameFix;
[23:09:21] [main/DEBUG]: Skipping Lnet/minecraft/util/datafix/fixes/PoiTypeRemoveFix;
[23:09:21] [main/DEBUG]: Skipping Lnet/minecraft/util/datafix/fixes/PlayerUUIDFix;
[23:09:21] [main/DEBUG]: Skipping Lnet/minecraft/util/datafix/fixes/PlayerHeadBlockProfileFix;
[23:09:21] [main/DEBUG]: Skipping Lnet/minecraft/util/datafix/fixes/ParticleUnflatteningFix;
[23:09:21] [main/DEBUG]: Skipping Lnet/minecraft/util/datafix/fixes/OverreachingTickFix;
[23:09:21] [main/DEBUG]: Skipping Lnet/minecraft/util/datafix/fixes/OptionsRenameFieldFix;
[23:09:21] [main/DEBUG]: Skipping Lnet/minecraft/util/datafix/fixes/OptionsProgrammerArtFix;
[23:09:21] [main/DEBUG]: Skipping Lnet/minecraft/util/datafix/fixes/OptionsMenuBlurrinessFix;
[23:09:21] [main/DEBUG]: Skipping Lnet/minecraft/util/datafix/fixes/OptionsLowerCaseLanguageFix;
[23:09:21] [main/DEBUG]: Skipping Lnet/minecraft/util/datafix/fixes/OptionsKeyTranslationFix;
[23:09:21] [main/DEBUG]: Skipping Lnet/minecraft/util/datafix/fixes/OptionsKeyLwjgl3Fix;
[23:09:21] [main/DEBUG]: Skipping Lnet/minecraft/util/datafix/fixes/OptionsForceVBOFix;
[23:09:21] [main/DEBUG]: Skipping Lnet/minecraft/util/datafix/fixes/OptionsAmbientOcclusionFix;
[23:09:21] [main/DEBUG]: Skipping Lnet/minecraft/util/datafix/fixes/OptionsAddTextBackgroundFix;
[23:09:21] [main/DEBUG]: Skipping Lnet/minecraft/util/datafix/fixes/OptionsAccessibilityOnboardFix;
[23:09:21] [main/DEBUG]: Skipping Lnet/minecraft/util/datafix/fixes/OminousBannerRenameFix;
[23:09:21] [main/DEBUG]: Skipping Lnet/minecraft/util/datafix/fixes/OminousBannerBlockEntityRenameFix;
[23:09:21] [main/DEBUG]: Skipping Lnet/minecraft/util/datafix/fixes/ObjectiveRenderTypeFix;
[23:09:21] [main/DEBUG]: Skipping Lnet/minecraft/util/datafix/fixes/ObjectiveDisplayNameFix;
[23:09:21] [main/DEBUG]: Skipping Lnet/minecraft/util/datafix/fixes/NewVillageFix;
[23:09:21] [main/DEBUG]: Skipping Lnet/minecraft/util/datafix/fixes/NamespacedTypeRenameFix;
[23:09:21] [main/DEBUG]: Skipping Lnet/minecraft/util/datafix/fixes/NamedEntityWriteReadFix;
[23:09:21] [main/DEBUG]: Skipping Lnet/minecraft/util/datafix/fixes/NamedEntityFix;
[23:09:21] [main/DEBUG]: Skipping Lnet/minecraft/util/datafix/fixes/MobSpawnerEntityIdentifiersFix;
[23:09:21] [main/DEBUG]: Skipping Lnet/minecraft/util/datafix/fixes/MobEffectIdFix;
[23:09:21] [main/DEBUG]: Skipping Lnet/minecraft/util/datafix/fixes/MissingDimensionFix;
[23:09:21] [main/DEBUG]: Skipping Lnet/minecraft/util/datafix/fixes/MemoryExpiryDataFix;
[23:09:21] [main/DEBUG]: Skipping Lnet/minecraft/util/datafix/fixes/MapIdFix;
[23:09:21] [main/DEBUG]: Skipping Lnet/minecraft/util/datafix/fixes/MapBannerBlockPosFormatFix;
[23:09:21] [main/DEBUG]: Skipping Lnet/minecraft/util/datafix/fixes/LodestoneCompassComponentFix;
[23:09:21] [main/DEBUG]: Skipping Lnet/minecraft/util/datafix/fixes/LevelUUIDFix;
[23:09:21] [main/DEBUG]: Skipping Lnet/minecraft/util/datafix/fixes/LevelLegacyWorldGenSettingsFix;
[23:09:21] [main/DEBUG]: Skipping Lnet/minecraft/util/datafix/fixes/LevelFlatGeneratorInfoFix;
[23:09:21] [main/DEBUG]: Skipping Lnet/minecraft/util/datafix/fixes/LevelDataGeneratorOptionsFix;
[23:09:21] [main/DEBUG]: Skipping Lnet/minecraft/util/datafix/fixes/LegacyDragonFightFix;
[23:09:21] [main/DEBUG]: Skipping Lnet/minecraft/util/datafix/fixes/LeavesFix;
[23:09:21] [main/DEBUG]: Skipping Lnet/minecraft/util/datafix/fixes/LeavesFix$Section;
[23:09:21] [main/DEBUG]: Skipping Lnet/minecraft/util/datafix/fixes/LeavesFix$LeavesSection;
[23:09:21] [main/DEBUG]: Skipping Lnet/minecraft/util/datafix/fixes/JukeboxTicksSinceSongStartedFix;
[23:09:21] [main/DEBUG]: Skipping Lnet/minecraft/util/datafix/fixes/JigsawRotationFix;
[23:09:21] [main/DEBUG]: Skipping Lnet/minecraft/util/datafix/fixes/JigsawPropertiesFix;
[23:09:21] [main/DEBUG]: Skipping Lnet/minecraft/util/datafix/fixes/ItemWrittenBookPagesStrictJsonFix;
[23:09:21] [main/DEBUG]: Skipping Lnet/minecraft/util/datafix/fixes/ItemWaterPotionFix;
[23:09:21] [main/DEBUG]: Skipping Lnet/minecraft/util/datafix/fixes/ItemStackUUIDFix;
[23:09:21] [main/DEBUG]: Skipping Lnet/minecraft/util/datafix/fixes/ItemStackTheFlatteningFix;
[23:09:21] [main/DEBUG]: Skipping Lnet/minecraft/util/datafix/fixes/ItemStackTagFix;
[23:09:21] [main/DEBUG]: Skipping Lnet/minecraft/util/datafix/fixes/ItemStackSpawnEggFix;
[23:09:21] [main/DEBUG]: Skipping Lnet/minecraft/util/datafix/fixes/ItemStackMapIdFix;
[23:09:21] [main/DEBUG]: Skipping Lnet/minecraft/util/datafix/fixes/ItemStackEnchantmentNamesFix;
[23:09:21] [main/DEBUG]: Skipping Lnet/minecraft/util/datafix/fixes/ItemStackCustomNameToOverrideComponentFix;
[23:09:21] [main/DEBUG]: Skipping Lnet/minecraft/util/datafix/fixes/ItemStackComponentizationFix;
[23:09:21] [main/DEBUG]: Skipping Lnet/minecraft/util/datafix/fixes/ItemStackComponentizationFix$ItemStackData;
[23:09:21] [main/DEBUG]: Skipping Lnet/minecraft/util/datafix/fixes/ItemStackComponentRemainderFix;
[23:09:21] [main/DEBUG]: Skipping Lnet/minecraft/util/datafix/fixes/ItemSpawnEggFix;
[23:09:21] [main/DEBUG]: Skipping Lnet/minecraft/util/datafix/fixes/ItemShulkerBoxColorFix;
[23:09:21] [main/DEBUG]: Skipping Lnet/minecraft/util/datafix/fixes/ItemRenameFix;
[23:09:21] [main/DEBUG]: Skipping Lnet/minecraft/util/datafix/fixes/ItemRenameFix$1;
[23:09:21] [main/DEBUG]: Skipping Lnet/minecraft/util/datafix/fixes/ItemRemoveBlockEntityTagFix;
[23:09:21] [main/DEBUG]: Skipping Lnet/minecraft/util/datafix/fixes/ItemPotionFix;
[23:09:21] [main/DEBUG]: Skipping Lnet/minecraft/util/datafix/fixes/ItemLoreFix;
[23:09:21] [main/DEBUG]: Skipping Lnet/minecraft/util/datafix/fixes/ItemIdFix;
[23:09:21] [main/DEBUG]: Skipping Lnet/minecraft/util/datafix/fixes/ItemCustomNameToComponentFix;
[23:09:21] [main/DEBUG]: Skipping Lnet/minecraft/util/datafix/fixes/ItemBannerColorFix;
[23:09:21] [main/DEBUG]: Skipping Lnet/minecraft/util/datafix/fixes/IglooMetadataRemovalFix;
[23:09:21] [main/DEBUG]: Skipping Lnet/minecraft/util/datafix/fixes/HorseBodyArmorItemFix;
[23:09:21] [main/DEBUG]: Skipping Lnet/minecraft/util/datafix/fixes/HeightmapRenamingFix;
[23:09:21] [main/DEBUG]: Skipping Lnet/minecraft/util/datafix/fixes/GossipUUIDFix;
[23:09:21] [main/DEBUG]: Skipping Lnet/minecraft/util/datafix/fixes/GoatHornIdFix;
[23:09:21] [main/DEBUG]: Skipping Lnet/minecraft/util/datafix/fixes/FurnaceRecipeFix;
[23:09:21] [main/DEBUG]: Skipping Lnet/minecraft/util/datafix/fixes/ForcePoiRebuild;
[23:09:21] [main/DEBUG]: Skipping Lnet/minecraft/util/datafix/fixes/FixProjectileStoredItem;
[23:09:21] [main/DEBUG]: Skipping Lnet/minecraft/util/datafix/fixes/FixProjectileStoredItem$SubFixer;
[23:09:21] [main/DEBUG]: Skipping Lnet/minecraft/util/datafix/fixes/FilteredSignsFix;
[23:09:21] [main/DEBUG]: Skipping Lnet/minecraft/util/datafix/fixes/FilteredBooksFix;
[23:09:21] [main/DEBUG]: Skipping Lnet/minecraft/util/datafix/fixes/FeatureFlagRemoveFix;
[23:09:21] [main/DEBUG]: Skipping Lnet/minecraft/util/datafix/fixes/EntityZombifiedPiglinRenameFix;
[23:09:21] [main/DEBUG]: Skipping Lnet/minecraft/util/datafix/fixes/EntityZombieVillagerTypeFix;
[23:09:21] [main/DEBUG]: Skipping Lnet/minecraft/util/datafix/fixes/EntityZombieSplitFix;
[23:09:21] [main/DEBUG]: Skipping Lnet/minecraft/util/datafix/fixes/EntityWolfColorFix;
[23:09:21] [main/DEBUG]: Skipping Lnet/minecraft/util/datafix/fixes/EntityVariantFix;
[23:09:21] [main/DEBUG]: Skipping Lnet/minecraft/util/datafix/fixes/EntityUUIDFix;
[23:09:21] [main/DEBUG]: Skipping Lnet/minecraft/util/datafix/fixes/EntityTippedArrowFix;
[23:09:21] [main/DEBUG]: Skipping Lnet/minecraft/util/datafix/fixes/EntityTheRenameningFix;
[23:09:21] [main/DEBUG]: Skipping Lnet/minecraft/util/datafix/fixes/EntityStringUuidFix;
[23:09:21] [main/DEBUG]: Skipping Lnet/minecraft/util/datafix/fixes/EntitySkeletonSplitFix;
[23:09:21] [main/DEBUG]: Skipping Lnet/minecraft/util/datafix/fixes/EntityShulkerRotationFix;
[23:09:21] [main/DEBUG]: Skipping Lnet/minecraft/util/datafix/fixes/EntityShulkerColorFix;
[23:09:21] [main/DEBUG]: Skipping Lnet/minecraft/util/datafix/fixes/EntityRidingToPassengersFix;
[23:09:21] [main/DEBUG]: Skipping Lnet/minecraft/util/datafix/fixes/EntityRenameFix;
[23:09:21] [main/DEBUG]: Skipping Lnet/minecraft/util/datafix/fixes/EntityRedundantChanceTagsFix;
[23:09:21] [main/DEBUG]: Skipping Lnet/minecraft/util/datafix/fixes/EntityRavagerRenameFix;
[23:09:21] [main/DEBUG]: Skipping Lnet/minecraft/util/datafix/fixes/EntityPufferfishRenameFix;
[23:09:21] [main/DEBUG]: Skipping Lnet/minecraft/util/datafix/fixes/EntityProjectileOwnerFix;
[23:09:21] [main/DEBUG]: Skipping Lnet/minecraft/util/datafix/fixes/EntityPaintingMotiveFix;
[23:09:21] [main/DEBUG]: Skipping Lnet/minecraft/util/datafix/fixes/EntityPaintingItemFrameDirectionFix;
[23:09:21] [main/DEBUG]: Skipping Lnet/minecraft/util/datafix/fixes/EntityPaintingFieldsRenameFix;
[23:09:21] [main/DEBUG]: Skipping Lnet/minecraft/util/datafix/fixes/EntityMinecartIdentifiersFix;
[23:09:21] [main/DEBUG]: Skipping Lnet/minecraft/util/datafix/fixes/EntityItemFrameDirectionFix;
[23:09:21] [main/DEBUG]: Skipping Lnet/minecraft/util/datafix/fixes/EntityIdFix;
[23:09:21] [main/DEBUG]: Skipping Lnet/minecraft/util/datafix/fixes/EntityHorseSplitFix;
[23:09:21] [main/DEBUG]: Skipping Lnet/minecraft/util/datafix/fixes/EntityHorseSaddleFix;
[23:09:21] [main/DEBUG]: Skipping Lnet/minecraft/util/datafix/fixes/EntityHealthFix;
[23:09:21] [main/DEBUG]: Skipping Lnet/minecraft/util/datafix/fixes/EntityGoatMissingStateFix;
[23:09:21] [main/DEBUG]: Skipping Lnet/minecraft/util/datafix/fixes/EntityEquipmentToArmorAndHandFix;
[23:09:21] [main/DEBUG]: Skipping Lnet/minecraft/util/datafix/fixes/EntityElderGuardianSplitFix;
[23:09:21] [main/DEBUG]: Skipping Lnet/minecraft/util/datafix/fixes/EntityCustomNameToComponentFix;
[23:09:21] [main/DEBUG]: Skipping Lnet/minecraft/util/datafix/fixes/EntityCodSalmonFix;
[23:09:21] [main/DEBUG]: Skipping Lnet/minecraft/util/datafix/fixes/EntityCatSplitFix;
[23:09:21] [main/DEBUG]: Skipping Lnet/minecraft/util/datafix/fixes/EntityBrushableBlockFieldsRenameFix;
[23:09:21] [main/DEBUG]: Skipping Lnet/minecraft/util/datafix/fixes/EntityBlockStateFix;
[23:09:21] [main/DEBUG]: Skipping Lnet/minecraft/util/datafix/fixes/EntityArmorStandSilentFix;
[23:09:21] [main/DEBUG]: Skipping Lnet/minecraft/util/datafix/fixes/EmptyItemInVillagerTradeFix;
[23:09:21] [main/DEBUG]: Skipping Lnet/minecraft/util/datafix/fixes/EmptyItemInHotbarFix;
[23:09:21] [main/DEBUG]: Skipping Lnet/minecraft/util/datafix/fixes/EffectDurationFix;
[23:09:21] [main/DEBUG]: Skipping Lnet/minecraft/util/datafix/fixes/DyeItemRenameFix;
[23:09:21] [main/DEBUG]: Skipping Lnet/minecraft/util/datafix/fixes/DropInvalidSignDataFix;
[23:09:21] [main/DEBUG]: Skipping Lnet/minecraft/util/datafix/fixes/DecoratedPotFieldRenameFix;
[23:09:21] [main/DEBUG]: Skipping Lnet/minecraft/util/datafix/fixes/CriteriaRenameFix;
[23:09:21] [main/DEBUG]: Skipping Lnet/minecraft/util/datafix/fixes/ColorlessShulkerEntityFix;
[23:09:21] [main/DEBUG]: Skipping Lnet/minecraft/util/datafix/fixes/ChunkToProtochunkFix;
[23:09:21] [main/DEBUG]: Skipping Lnet/minecraft/util/datafix/fixes/ChunkStructuresTemplateRenameFix;
[23:09:21] [main/DEBUG]: Skipping Lnet/minecraft/util/datafix/fixes/ChunkStatusFix2;
[23:09:21] [main/DEBUG]: Skipping Lnet/minecraft/util/datafix/fixes/ChunkStatusFix;
[23:09:21] [main/DEBUG]: Skipping Lnet/minecraft/util/datafix/fixes/ChunkRenamesFix;
[23:09:21] [main/DEBUG]: Skipping Lnet/minecraft/util/datafix/fixes/ChunkProtoTickListFix;
[23:09:21] [main/DEBUG]: Skipping Lnet/minecraft/util/datafix/fixes/ChunkProtoTickListFix$PoorMansPalettedContainer;
[23:09:21] [main/DEBUG]: Skipping Lnet/minecraft/util/datafix/fixes/ChunkPalettedStorageFix;
[23:09:21] [main/DEBUG]: Skipping Lnet/minecraft/util/datafix/fixes/ChunkPalettedStorageFix$UpgradeChunk;
[23:09:21] [main/DEBUG]: Skipping Lnet/minecraft/util/datafix/fixes/ChunkPalettedStorageFix$Section;
[23:09:21] [main/DEBUG]: Skipping Lnet/minecraft/util/datafix/fixes/ChunkPalettedStorageFix$Direction;
[23:09:21] [main/DEBUG]: Skipping Lnet/minecraft/util/datafix/fixes/ChunkPalettedStorageFix$Direction$AxisDirection;
[23:09:21] [main/DEBUG]: Skipping Lnet/minecraft/util/datafix/fixes/ChunkPalettedStorageFix$Direction$Axis;
[23:09:21] [main/DEBUG]: Skipping Lnet/minecraft/util/datafix/fixes/ChunkPalettedStorageFix$DataLayer;
[23:09:21] [main/DEBUG]: Skipping Lnet/minecraft/util/datafix/fixes/ChunkLightRemoveFix;
[23:09:21] [main/DEBUG]: Skipping Lnet/minecraft/util/datafix/fixes/ChunkHeightAndBiomeFix;
[23:09:21] [main/DEBUG]: Skipping Lnet/minecraft/util/datafix/fixes/ChunkDeleteLightFix;
[23:09:21] [main/DEBUG]: Skipping Lnet/minecraft/util/datafix/fixes/ChunkDeleteIgnoredLightDataFix;
[23:09:21] [main/DEBUG]: Skipping Lnet/minecraft/util/datafix/fixes/ChunkBiomeFix;
[23:09:21] [main/DEBUG]: Skipping Lnet/minecraft/util/datafix/fixes/ChunkBedBlockEntityInjecterFix;
[23:09:21] [main/DEBUG]: Skipping Lnet/minecraft/util/datafix/fixes/ChestedHorsesInventoryZeroIndexingFix;
[23:09:21] [main/DEBUG]: Skipping Lnet/minecraft/util/datafix/fixes/CavesAndCliffsRenames;
[23:09:21] [main/DEBUG]: Skipping Lnet/minecraft/util/datafix/fixes/CauldronRenameFix;
[23:09:21] [main/DEBUG]: Skipping Lnet/minecraft/util/datafix/fixes/CatTypeFix;
[23:09:21] [main/DEBUG]: Skipping Lnet/minecraft/util/datafix/fixes/BlockStateStructureTemplateFix;
[23:09:21] [main/DEBUG]: Skipping Lnet/minecraft/util/datafix/fixes/BlockStateData;
[23:09:21] [main/DEBUG]: Skipping Lnet/minecraft/util/datafix/fixes/BlockRenameFix;
[23:09:21] [main/DEBUG]: Skipping Lnet/minecraft/util/datafix/fixes/BlockRenameFix$1;
[23:09:21] [main/DEBUG]: Skipping Lnet/minecraft/util/datafix/fixes/BlockPosFormatAndRenamesFix;
[23:09:21] [main/DEBUG]: Skipping Lnet/minecraft/util/datafix/fixes/BlockNameFlatteningFix;
[23:09:21] [main/DEBUG]: Skipping Lnet/minecraft/util/datafix/fixes/BlockEntityUUIDFix;
[23:09:21] [main/DEBUG]: Skipping Lnet/minecraft/util/datafix/fixes/BlockEntitySignTextStrictJsonFix;
[23:09:21] [main/DEBUG]: Skipping Lnet/minecraft/util/datafix/fixes/BlockEntitySignDoubleSidedEditableTextFix;
[23:09:21] [main/DEBUG]: Skipping Lnet/minecraft/util/datafix/fixes/BlockEntityShulkerBoxColorFix;
[23:09:21] [main/DEBUG]: Skipping Lnet/minecraft/util/datafix/fixes/BlockEntityRenameFix;
[23:09:21] [main/DEBUG]: Skipping Lnet/minecraft/util/datafix/fixes/BlockEntityKeepPacked;
[23:09:21] [main/DEBUG]: Skipping Lnet/minecraft/util/datafix/fixes/BlockEntityJukeboxFix;
[23:09:21] [main/DEBUG]: Skipping Lnet/minecraft/util/datafix/fixes/BlockEntityIdFix;
[23:09:21] [main/DEBUG]: Skipping Lnet/minecraft/util/datafix/fixes/BlockEntityCustomNameToComponentFix;
[23:09:21] [main/DEBUG]: Skipping Lnet/minecraft/util/datafix/fixes/BlockEntityBlockStateFix;
[23:09:21] [main/DEBUG]: Skipping Lnet/minecraft/util/datafix/fixes/BlockEntityBannerColorFix;
[23:09:21] [main/DEBUG]: Skipping Lnet/minecraft/util/datafix/fixes/BlendingDataRemoveFromNetherEndFix;
[23:09:21] [main/DEBUG]: Skipping Lnet/minecraft/util/datafix/fixes/BlendingDataFix;
[23:09:21] [main/DEBUG]: Skipping Lnet/minecraft/util/datafix/fixes/BitStorageAlignFix;
[23:09:21] [main/DEBUG]: Skipping Lnet/minecraft/util/datafix/fixes/BiomeFix;
[23:09:21] [main/DEBUG]: Skipping Lnet/minecraft/util/datafix/fixes/BeehiveFieldRenameFix;
[23:09:21] [main/DEBUG]: Skipping Lnet/minecraft/util/datafix/fixes/BedItemColorFix;
[23:09:21] [main/DEBUG]: Skipping Lnet/minecraft/util/datafix/fixes/BannerPatternFormatFix;
[23:09:21] [main/DEBUG]: Skipping Lnet/minecraft/util/datafix/fixes/BannerEntityCustomNameToOverrideComponentFix;
[23:09:21] [main/DEBUG]: Skipping Lnet/minecraft/util/datafix/fixes/AttributesRename;
[23:09:21] [main/DEBUG]: Skipping Lnet/minecraft/util/datafix/fixes/AttributeModifierIdFix;
[23:09:21] [main/DEBUG]: Skipping Lnet/minecraft/util/datafix/fixes/AreaEffectCloudPotionFix;
[23:09:21] [main/DEBUG]: Skipping Lnet/minecraft/util/datafix/fixes/AdvancementsRenameFix;
[23:09:21] [main/DEBUG]: Skipping Lnet/minecraft/util/datafix/fixes/AdvancementsFix;
[23:09:21] [main/DEBUG]: Skipping Lnet/minecraft/util/datafix/fixes/AddNewChoices;
[23:09:21] [main/DEBUG]: Skipping Lnet/minecraft/util/datafix/fixes/AddFlagIfNotPresentFix;
[23:09:21] [main/DEBUG]: Skipping Lnet/minecraft/util/datafix/fixes/AbstractUUIDFix;
[23:09:21] [main/DEBUG]: Skipping Lnet/minecraft/util/datafix/fixes/AbstractPoiSectionFix;
[23:09:21] [main/DEBUG]: Skipping Lnet/minecraft/util/datafix/fixes/AbstractArrowPickupFix;
[23:09:21] [main/DEBUG]: Transforming class Lnet/minecraft/util/datafix/fixes/StructuresBecomeConfiguredFix;
[23:09:21] [main/DEBUG]: Transforming net/minecraft/util/datafix/fixes/StructuresBecomeConfiguredFix INNERCLASS Conversion to access PUBLIC and LEAVE
[23:09:21] [main/DEBUG]: Transforming class Lnet/minecraft/util/datafix/fixes/StructuresBecomeConfiguredFix$Conversion;
[23:09:21] [main/DEBUG]: Transforming net/minecraft/util/datafix/fixes/StructuresBecomeConfiguredFix$Conversion CLASS to access PUBLIC and LEAVE
[23:09:21] [main/DEBUG]: Skipping Lnet/minecraft/util/datafix/PackedBitStorage;
[23:09:21] [main/DEBUG]: Skipping Lnet/minecraft/util/datafix/FixWolfHealth;
[23:09:21] [main/DEBUG]: Skipping Lnet/minecraft/util/datafix/ExtraDataFixUtils;
[23:09:21] [main/DEBUG]: Skipping Lnet/minecraft/util/datafix/DataFixers;
[23:09:21] [main/DEBUG]: Skipping Lnet/minecraft/util/datafix/DataFixers$2;
[23:09:21] [main/DEBUG]: Skipping Lnet/minecraft/util/datafix/DataFixers$1;
[23:09:21] [main/DEBUG]: Skipping Lnet/minecraft/util/datafix/DataFixTypes;
[23:09:21] [main/DEBUG]: Skipping Lnet/minecraft/util/datafix/DataFixTypes$1;
[23:09:21] [main/DEBUG]: Skipping Lnet/minecraft/util/datafix/ComponentDataFixUtils;
[23:09:21] [main/DEBUG]: Skipping Lnet/minecraft/util/ZeroBitStorage;
[23:09:21] [main/DEBUG]: Skipping Lnet/minecraft/util/VisibleForDebug;
[23:09:21] [main/DEBUG]: Skipping Lnet/minecraft/util/Unit;
[23:09:21] [main/DEBUG]: Skipping Lnet/minecraft/util/Tuple;
[23:09:21] [main/DEBUG]: Skipping Lnet/minecraft/util/ToFloatFunction;
[23:09:21] [main/DEBUG]: Skipping Lnet/minecraft/util/ToFloatFunction$2;
[23:09:21] [main/DEBUG]: Skipping Lnet/minecraft/util/ToFloatFunction$1;
[23:09:21] [main/DEBUG]: Skipping Lnet/minecraft/util/TimeUtil;
[23:09:21] [main/DEBUG]: Skipping Lnet/minecraft/util/TimeSource;
[23:09:21] [main/DEBUG]: Skipping Lnet/minecraft/util/TimeSource$NanoTimeSource;
[23:09:21] [main/DEBUG]: Skipping Lnet/minecraft/util/ThreadingDetector;
[23:09:21] [main/DEBUG]: Skipping Lnet/minecraft/util/TaskChainer;
[23:09:21] [main/DEBUG]: Skipping Lnet/minecraft/util/TaskChainer$1;
[23:09:21] [main/DEBUG]: Skipping Lnet/minecraft/util/StringUtil;
[23:09:21] [main/DEBUG]: Skipping Lnet/minecraft/util/StringRepresentable;
[23:09:21] [main/DEBUG]: Skipping Lnet/minecraft/util/StringRepresentable$StringRepresentableCodec;
[23:09:21] [main/DEBUG]: Skipping Lnet/minecraft/util/StringRepresentable$EnumCodec;
[23:09:21] [main/DEBUG]: Skipping Lnet/minecraft/util/StringRepresentable$1;
[23:09:21] [main/DEBUG]: Skipping Lnet/minecraft/util/StringDecomposer;
[23:09:21] [main/DEBUG]: Skipping Lnet/minecraft/util/StaticCache2D;
[23:09:21] [main/DEBUG]: Skipping Lnet/minecraft/util/StaticCache2D$Initializer;
[23:09:21] [main/DEBUG]: Skipping Lnet/minecraft/util/SortedArraySet;
[23:09:21] [main/DEBUG]: Skipping Lnet/minecraft/util/SortedArraySet$ArrayIterator;
[23:09:21] [main/DEBUG]: Skipping Lnet/minecraft/util/SmoothDouble;
[23:09:21] [main/DEBUG]: Skipping Lnet/minecraft/util/SingleKeyCache;
[23:09:21] [main/DEBUG]: Skipping Lnet/minecraft/util/SimpleBitStorage;
[23:09:21] [main/DEBUG]: Skipping Lnet/minecraft/util/SimpleBitStorage$InitializationException;
[23:09:21] [main/DEBUG]: Skipping Lnet/minecraft/util/Signer;
[23:09:21] [main/DEBUG]: Skipping Lnet/minecraft/util/SignatureValidator;
[23:09:21] [main/DEBUG]: Skipping Lnet/minecraft/util/SignatureUpdater;
[23:09:21] [main/DEBUG]: Skipping Lnet/minecraft/util/SignatureUpdater$Output;
[23:09:21] [main/DEBUG]: Skipping Lnet/minecraft/util/SequencedPriorityIterator;
[23:09:21] [main/DEBUG]: Skipping Lnet/minecraft/util/SegmentedAnglePrecision;
[23:09:21] [main/DEBUG]: Skipping Lnet/minecraft/util/ResourceLocationPattern;
[23:09:21] [main/DEBUG]: Skipping Lnet/minecraft/util/RandomSource;
[23:09:21] [main/DEBUG]: Skipping Lnet/minecraft/util/ProgressListener;
[23:09:21] [main/DEBUG]: Skipping Lnet/minecraft/util/ProblemReporter;
[23:09:21] [main/DEBUG]: Skipping Lnet/minecraft/util/ProblemReporter$Collector;
[23:09:21] [main/DEBUG]: Skipping Lnet/minecraft/util/PngInfo;
[23:09:21] [main/DEBUG]: Skipping Lnet/minecraft/util/ParticleUtils;
[23:09:21] [main/DEBUG]: Skipping Lnet/minecraft/util/OptionEnum;
[23:09:21] [main/DEBUG]: Skipping Lnet/minecraft/util/NullOps;
[23:09:21] [main/DEBUG]: Skipping Lnet/minecraft/util/NullOps$NullMapBuilder;
[23:09:21] [main/DEBUG]: Skipping Lnet/minecraft/util/NativeModuleLister;
[23:09:21] [main/DEBUG]: Skipping Lnet/minecraft/util/NativeModuleLister$NativeModuleVersion;
[23:09:21] [main/DEBUG]: Skipping Lnet/minecraft/util/NativeModuleLister$NativeModuleInfo;
[23:09:21] [main/DEBUG]: Skipping Lnet/minecraft/util/Mth;
[23:09:21] [main/DEBUG]: Skipping Lnet/minecraft/util/ModCheck;
[23:09:21] [main/DEBUG]: Skipping Lnet/minecraft/util/ModCheck$Confidence;
[23:09:21] [main/DEBUG]: Skipping Lnet/minecraft/util/MemoryReserve;
[23:09:21] [main/DEBUG]: Skipping Lnet/minecraft/util/LowerCaseEnumTypeAdapterFactory;
[23:09:21] [main/DEBUG]: Skipping Lnet/minecraft/util/LowerCaseEnumTypeAdapterFactory$1;
[23:09:21] [main/DEBUG]: Skipping Lnet/minecraft/util/ListAndDeque;
[23:09:21] [main/DEBUG]: Skipping Lnet/minecraft/util/LinearCongruentialGenerator;
[23:09:21] [main/DEBUG]: Skipping Lnet/minecraft/util/LazyLoadedValue;
[23:09:21] [main/DEBUG]: Skipping Lnet/minecraft/util/KeyDispatchDataCodec;
[23:09:21] [main/DEBUG]: Skipping Lnet/minecraft/util/InclusiveRange;
[23:09:21] [main/DEBUG]: Skipping Lnet/minecraft/util/HttpUtil;
[23:09:21] [main/DEBUG]: Skipping Lnet/minecraft/util/HttpUtil$DownloadProgressListener;
[23:09:21] [main/DEBUG]: Skipping Lnet/minecraft/util/GsonHelper;
[23:09:21] [main/DEBUG]: Skipping Lnet/minecraft/util/Graph;
[23:09:21] [main/DEBUG]: Skipping Lnet/minecraft/util/FutureChain;
[23:09:21] [main/DEBUG]: Skipping Lnet/minecraft/util/FormattedCharSink;
[23:09:21] [main/DEBUG]: Skipping Lnet/minecraft/util/FormattedCharSequence;
[23:09:21] [main/DEBUG]: Skipping Lnet/minecraft/util/FileZipper;
[23:09:21] [main/DEBUG]: Skipping Lnet/minecraft/util/FastColor;
[23:09:21] [main/DEBUG]: Skipping Lnet/minecraft/util/FastColor$ARGB32;
[23:09:21] [main/DEBUG]: Skipping Lnet/minecraft/util/FastColor$ABGR32;
[23:09:21] [main/DEBUG]: Skipping Lnet/minecraft/util/FastBufferedInputStream;
[23:09:21] [main/DEBUG]: Skipping Lnet/minecraft/util/ExtraCodecs;
[23:09:21] [main/DEBUG]: Skipping Lnet/minecraft/util/ExtraCodecs$TagOrElementLocation;
[23:09:21] [main/DEBUG]: Skipping Lnet/minecraft/util/ExtraCodecs$StrictUnboundedMapCodec;
[23:09:21] [main/DEBUG]: Skipping Lnet/minecraft/util/ExtraCodecs$7;
[23:09:21] [main/DEBUG]: Skipping Lnet/minecraft/util/ExtraCodecs$6;
[23:09:21] [main/DEBUG]: Skipping Lnet/minecraft/util/ExtraCodecs$5;
[23:09:21] [main/DEBUG]: Skipping Lnet/minecraft/util/ExtraCodecs$4;
[23:09:21] [main/DEBUG]: Skipping Lnet/minecraft/util/ExtraCodecs$3;
[23:09:21] [main/DEBUG]: Skipping Lnet/minecraft/util/ExtraCodecs$2;
[23:09:21] [main/DEBUG]: Skipping Lnet/minecraft/util/ExtraCodecs$1ContextRetrievalCodec;
[23:09:21] [main/DEBUG]: Skipping Lnet/minecraft/util/ExtraCodecs$1;
[23:09:21] [main/DEBUG]: Skipping Lnet/minecraft/util/ExceptionCollector;
[23:09:21] [main/DEBUG]: Skipping Lnet/minecraft/util/EncoderCache;
[23:09:21] [main/DEBUG]: Skipping Lnet/minecraft/util/EncoderCache$Key;
[23:09:21] [main/DEBUG]: Skipping Lnet/minecraft/util/EncoderCache$2;
[23:09:21] [main/DEBUG]: Skipping Lnet/minecraft/util/EncoderCache$1;
[23:09:21] [main/DEBUG]: Skipping Lnet/minecraft/util/DirectoryLock;
[23:09:21] [main/DEBUG]: Skipping Lnet/minecraft/util/DirectoryLock$LockException;
[23:09:21] [main/DEBUG]: Skipping Lnet/minecraft/util/DependencySorter;
[23:09:21] [main/DEBUG]: Skipping Lnet/minecraft/util/DependencySorter$Entry;
[23:09:21] [main/DEBUG]: Skipping Lnet/minecraft/util/DelegateDataOutput;
[23:09:21] [main/DEBUG]: Skipping Lnet/minecraft/util/DebugBuffer;
[23:09:21] [main/DEBUG]: Skipping Lnet/minecraft/util/CubicSpline;
[23:09:21] [main/DEBUG]: Skipping Lnet/minecraft/util/CubicSpline$Multipoint;
[23:09:21] [main/DEBUG]: Skipping Lnet/minecraft/util/CubicSpline$CoordinateVisitor;
[23:09:21] [main/DEBUG]: Skipping Lnet/minecraft/util/CubicSpline$Constant;
[23:09:21] [main/DEBUG]: Skipping Lnet/minecraft/util/CubicSpline$Builder;
[23:09:21] [main/DEBUG]: Skipping Lnet/minecraft/util/CubicSpline$1Point;
[23:09:21] [main/DEBUG]: Skipping Lnet/minecraft/util/CubicSampler;
[23:09:21] [main/DEBUG]: Skipping Lnet/minecraft/util/CubicSampler$Vec3Fetcher;
[23:09:21] [main/DEBUG]: Skipping Lnet/minecraft/util/CsvOutput;
[23:09:21] [main/DEBUG]: Skipping Lnet/minecraft/util/CsvOutput$Builder;
[23:09:21] [main/DEBUG]: Skipping Lnet/minecraft/util/CryptException;
[23:09:21] [main/DEBUG]: Skipping Lnet/minecraft/util/Crypt;
[23:09:21] [main/DEBUG]: Skipping Lnet/minecraft/util/Crypt$SaltSupplier;
[23:09:21] [main/DEBUG]: Skipping Lnet/minecraft/util/Crypt$SaltSignaturePair;
[23:09:21] [main/DEBUG]: Skipping Lnet/minecraft/util/Crypt$ByteArrayToKeyFunction;
[23:09:21] [main/DEBUG]: Skipping Lnet/minecraft/util/CrudeIncrementalIntIdentityHashBiMap;
[23:09:21] [main/DEBUG]: Skipping Lnet/minecraft/util/CommonLinks;
[23:09:21] [main/DEBUG]: Skipping Lnet/minecraft/util/CommonColors;
[23:09:21] [main/DEBUG]: Skipping Lnet/minecraft/util/ColorRGBA;
[23:09:21] [main/DEBUG]: Skipping Lnet/minecraft/util/ClassTreeIdRegistry;
[23:09:21] [main/DEBUG]: Skipping Lnet/minecraft/util/ClassInstanceMultiMap;
[23:09:21] [main/DEBUG]: Skipping Lnet/minecraft/util/ByIdMap;
[23:09:21] [main/DEBUG]: Skipping Lnet/minecraft/util/ByIdMap$OutOfBoundsStrategy;
[23:09:21] [main/DEBUG]: Skipping Lnet/minecraft/util/Brightness;
[23:09:21] [main/DEBUG]: Skipping Lnet/minecraft/util/BitStorage;
[23:09:21] [main/DEBUG]: Skipping Lnet/minecraft/util/ArrayListDeque;
[23:09:21] [main/DEBUG]: Skipping Lnet/minecraft/util/ArrayListDeque$ReversedView;
[23:09:21] [main/DEBUG]: Skipping Lnet/minecraft/util/ArrayListDeque$DescendingIterator;
[23:09:21] [main/DEBUG]: Skipping Lnet/minecraft/util/AbortableIterationConsumer;
[23:09:21] [main/DEBUG]: Skipping Lnet/minecraft/util/AbortableIterationConsumer$Continuation;
[23:09:21] [main/DEBUG]: Skipping Lnet/minecraft/util/SpawnUtil;
[23:09:21] [main/DEBUG]: Skipping Lnet/minecraft/util/SpawnUtil$Strategy;
[23:09:21] [main/DEBUG]: Skipping Lnet/minecraft/tags/package-info;
[23:09:21] [main/DEBUG]: Skipping Lnet/minecraft/tags/TagNetworkSerialization;
[23:09:21] [main/DEBUG]: Skipping Lnet/minecraft/tags/TagNetworkSerialization$TagOutput;
[23:09:21] [main/DEBUG]: Skipping Lnet/minecraft/tags/TagNetworkSerialization$NetworkPayload;
[23:09:21] [main/DEBUG]: Skipping Lnet/minecraft/tags/TagManager;
[23:09:21] [main/DEBUG]: Skipping Lnet/minecraft/tags/TagManager$LoadResult;
[23:09:21] [main/DEBUG]: Skipping Lnet/minecraft/tags/WorldPresetTags;
[23:09:21] [main/DEBUG]: Skipping Lnet/minecraft/tags/TagLoader;
[23:09:21] [main/DEBUG]: Skipping Lnet/minecraft/tags/TagLoader$SortingEntry;
[23:09:21] [main/DEBUG]: Skipping Lnet/minecraft/tags/TagLoader$EntryWithSource;
[23:09:21] [main/DEBUG]: Skipping Lnet/minecraft/tags/TagLoader$1;
[23:09:21] [main/DEBUG]: Skipping Lnet/minecraft/tags/TagKey;
[23:09:21] [main/DEBUG]: Skipping Lnet/minecraft/tags/TagFile;
[23:09:21] [main/DEBUG]: Skipping Lnet/minecraft/tags/TagEntry;
[23:09:21] [main/DEBUG]: Skipping Lnet/minecraft/tags/TagEntry$Lookup;
[23:09:21] [main/DEBUG]: Skipping Lnet/minecraft/tags/TagBuilder;
[23:09:21] [main/DEBUG]: Skipping Lnet/minecraft/tags/StructureTags;
[23:09:21] [main/DEBUG]: Skipping Lnet/minecraft/tags/PoiTypeTags;
[23:09:21] [main/DEBUG]: Skipping Lnet/minecraft/tags/PaintingVariantTags;
[23:09:21] [main/DEBUG]: Skipping Lnet/minecraft/tags/ItemTags;
[23:09:21] [main/DEBUG]: Skipping Lnet/minecraft/tags/InstrumentTags;
[23:09:21] [main/DEBUG]: Skipping Lnet/minecraft/tags/GameEventTags;
[23:09:21] [main/DEBUG]: Skipping Lnet/minecraft/tags/FluidTags;
[23:09:21] [main/DEBUG]: Skipping Lnet/minecraft/tags/FlatLevelGeneratorPresetTags;
[23:09:21] [main/DEBUG]: Skipping Lnet/minecraft/tags/EntityTypeTags;
[23:09:21] [main/DEBUG]: Skipping Lnet/minecraft/tags/EnchantmentTags;
[23:09:21] [main/DEBUG]: Skipping Lnet/minecraft/tags/DamageTypeTags;
[23:09:21] [main/DEBUG]: Skipping Lnet/minecraft/tags/CatVariantTags;
[23:09:21] [main/DEBUG]: Skipping Lnet/minecraft/tags/BlockTags;
[23:09:21] [main/DEBUG]: Skipping Lnet/minecraft/tags/BiomeTags;
[23:09:21] [main/DEBUG]: Skipping Lnet/minecraft/tags/BannerPatternTags;
[23:09:22] [main/DEBUG]: Skipping Lnet/minecraft/stats/package-info;
[23:09:22] [main/DEBUG]: Skipping Lnet/minecraft/stats/StatsCounter;
[23:09:22] [main/DEBUG]: Skipping Lnet/minecraft/stats/Stats;
[23:09:22] [main/DEBUG]: Skipping Lnet/minecraft/stats/StatType;
[23:09:22] [main/DEBUG]: Skipping Lnet/minecraft/stats/StatFormatter;
[23:09:22] [main/DEBUG]: Skipping Lnet/minecraft/stats/Stat;
[23:09:22] [main/DEBUG]: Skipping Lnet/minecraft/stats/ServerStatsCounter;
[23:09:22] [main/DEBUG]: Skipping Lnet/minecraft/stats/ServerRecipeBook;
[23:09:22] [main/DEBUG]: Skipping Lnet/minecraft/stats/RecipeBook;
[23:09:22] [main/DEBUG]: Skipping Lnet/minecraft/stats/RecipeBookSettings;
[23:09:22] [main/DEBUG]: Skipping Lnet/minecraft/stats/RecipeBookSettings$TypeSettings;
[23:09:22] [main/DEBUG]: Skipping Lnet/minecraft/sounds/package-info;
[23:09:22] [main/DEBUG]: Skipping Lnet/minecraft/sounds/SoundSource;
[23:09:22] [main/DEBUG]: Skipping Lnet/minecraft/sounds/SoundEvents;
[23:09:22] [main/DEBUG]: Skipping Lnet/minecraft/sounds/SoundEvent;
[23:09:22] [main/DEBUG]: Skipping Lnet/minecraft/sounds/Musics;
[23:09:22] [main/DEBUG]: Skipping Lnet/minecraft/sounds/Music;
[23:09:22] [main/DEBUG]: Skipping Lnet/minecraft/server/rcon/thread/package-info;
[23:09:22] [main/DEBUG]: Skipping Lnet/minecraft/server/rcon/thread/RconThread;
[23:09:22] [main/DEBUG]: Skipping Lnet/minecraft/server/rcon/thread/QueryThreadGs4;
[23:09:22] [main/DEBUG]: Skipping Lnet/minecraft/server/rcon/thread/QueryThreadGs4$RequestChallenge;
[23:09:22] [main/DEBUG]: Skipping Lnet/minecraft/server/rcon/thread/GenericThread;
[23:09:22] [main/DEBUG]: Skipping Lnet/minecraft/server/rcon/thread/RconClient;
[23:09:22] [main/DEBUG]: Skipping Lnet/minecraft/server/rcon/package-info;
[23:09:22] [main/DEBUG]: Skipping Lnet/minecraft/server/rcon/PktUtils;
[23:09:22] [main/DEBUG]: Skipping Lnet/minecraft/server/rcon/NetworkDataOutputStream;
[23:09:22] [main/DEBUG]: Skipping Lnet/minecraft/server/rcon/RconConsoleSource;
[23:09:22] [main/DEBUG]: Skipping Lnet/minecraft/server/players/package-info;
[23:09:22] [main/DEBUG]: Skipping Lnet/minecraft/server/players/UserWhiteListEntry;
[23:09:22] [main/DEBUG]: Skipping Lnet/minecraft/server/players/UserWhiteList;
[23:09:22] [main/DEBUG]: Skipping Lnet/minecraft/server/players/UserBanListEntry;
[23:09:22] [main/DEBUG]: Skipping Lnet/minecraft/server/players/UserBanList;
[23:09:22] [main/DEBUG]: Skipping Lnet/minecraft/server/players/StoredUserList;
[23:09:22] [main/DEBUG]: Skipping Lnet/minecraft/server/players/StoredUserEntry;
[23:09:22] [main/DEBUG]: Skipping Lnet/minecraft/server/players/SleepStatus;
[23:09:22] [main/DEBUG]: Skipping Lnet/minecraft/server/players/ServerOpListEntry;
[23:09:22] [main/DEBUG]: Skipping Lnet/minecraft/server/players/ServerOpList;
[23:09:22] [main/DEBUG]: Skipping Lnet/minecraft/server/players/OldUsersConverter;
[23:09:22] [main/DEBUG]: Skipping Lnet/minecraft/server/players/OldUsersConverter$ConversionError;
[23:09:22] [main/DEBUG]: Skipping Lnet/minecraft/server/players/OldUsersConverter$5;
[23:09:22] [main/DEBUG]: Skipping Lnet/minecraft/server/players/OldUsersConverter$4;
[23:09:22] [main/DEBUG]: Skipping Lnet/minecraft/server/players/OldUsersConverter$3;
[23:09:22] [main/DEBUG]: Skipping Lnet/minecraft/server/players/OldUsersConverter$2;
[23:09:22] [main/DEBUG]: Skipping Lnet/minecraft/server/players/OldUsersConverter$1;
[23:09:22] [main/DEBUG]: Skipping Lnet/minecraft/server/players/IpBanListEntry;
[23:09:22] [main/DEBUG]: Skipping Lnet/minecraft/server/players/IpBanList;
[23:09:22] [main/DEBUG]: Skipping Lnet/minecraft/server/players/GameProfileCache;
[23:09:22] [main/DEBUG]: Skipping Lnet/minecraft/server/players/GameProfileCache$GameProfileInfo;
[23:09:22] [main/DEBUG]: Skipping Lnet/minecraft/server/players/GameProfileCache$1;
[23:09:22] [main/DEBUG]: Skipping Lnet/minecraft/server/players/BanListEntry;
[23:09:22] [main/DEBUG]: Skipping Lnet/minecraft/server/players/PlayerList;
[23:09:22] [main/DEBUG]: Skipping Lnet/minecraft/server/players/PlayerList$1;
[23:09:22] [main/DEBUG]: Skipping Lnet/minecraft/server/packs/resources/package-info;
[23:09:22] [main/DEBUG]: Skipping Lnet/minecraft/server/packs/resources/SimpleReloadInstance;
[23:09:22] [main/DEBUG]: Skipping Lnet/minecraft/server/packs/resources/SimpleReloadInstance$StateFactory;
[23:09:22] [main/DEBUG]: Skipping Lnet/minecraft/server/packs/resources/SimpleReloadInstance$1;
[23:09:22] [main/DEBUG]: Skipping Lnet/minecraft/server/packs/resources/SimplePreparableReloadListener;
[23:09:22] [main/DEBUG]: Skipping Lnet/minecraft/server/packs/resources/ResourceProvider;
[23:09:22] [main/DEBUG]: Skipping Lnet/minecraft/server/packs/resources/ResourceMetadata;
[23:09:22] [main/DEBUG]: Skipping Lnet/minecraft/server/packs/resources/ResourceMetadata$Builder;
[23:09:22] [main/DEBUG]: Skipping Lnet/minecraft/server/packs/resources/ResourceMetadata$Builder$1;
[23:09:22] [main/DEBUG]: Skipping Lnet/minecraft/server/packs/resources/ResourceMetadata$2;
[23:09:22] [main/DEBUG]: Skipping Lnet/minecraft/server/packs/resources/ResourceMetadata$1;
[23:09:22] [main/DEBUG]: Skipping Lnet/minecraft/server/packs/resources/ResourceManagerReloadListener;
[23:09:22] [main/DEBUG]: Skipping Lnet/minecraft/server/packs/resources/ResourceManager;
[23:09:22] [main/DEBUG]: Skipping Lnet/minecraft/server/packs/resources/ResourceManager$Empty;
[23:09:22] [main/DEBUG]: Skipping Lnet/minecraft/server/packs/resources/ResourceFilterSection;
[23:09:22] [main/DEBUG]: Skipping Lnet/minecraft/server/packs/resources/Resource;
[23:09:22] [main/DEBUG]: Skipping Lnet/minecraft/server/packs/resources/ReloadInstance;
[23:09:22] [main/DEBUG]: Skipping Lnet/minecraft/server/packs/resources/ProfiledReloadInstance;
[23:09:22] [main/DEBUG]: Skipping Lnet/minecraft/server/packs/resources/ProfiledReloadInstance$State;
[23:09:22] [main/DEBUG]: Skipping Lnet/minecraft/server/packs/resources/PreparableReloadListener;
[23:09:22] [main/DEBUG]: Skipping Lnet/minecraft/server/packs/resources/PreparableReloadListener$PreparationBarrier;
[23:09:22] [main/DEBUG]: Skipping Lnet/minecraft/server/packs/resources/MultiPackResourceManager;
[23:09:22] [main/DEBUG]: Skipping Lnet/minecraft/server/packs/resources/IoSupplier;
[23:09:22] [main/DEBUG]: Skipping Lnet/minecraft/server/packs/resources/CloseableResourceManager;
[23:09:22] [main/DEBUG]: Skipping Lnet/minecraft/server/packs/resources/SimpleJsonResourceReloadListener;
[23:09:22] [main/DEBUG]: Skipping Lnet/minecraft/server/packs/resources/ReloadableResourceManager;
[23:09:22] [main/DEBUG]: Transforming class Lnet/minecraft/server/packs/resources/FallbackResourceManager;
[23:09:22] [main/DEBUG]: Transforming net/minecraft/server/packs/resources/FallbackResourceManager FIELD f_10599_ to access PUBLIC and LEAVE
[23:09:22] [main/DEBUG]: Skipping Lnet/minecraft/server/packs/resources/FallbackResourceManager$ResourceWithSource;
[23:09:22] [main/DEBUG]: Skipping Lnet/minecraft/server/packs/resources/FallbackResourceManager$PackEntry;
[23:09:22] [main/DEBUG]: Skipping Lnet/minecraft/server/packs/resources/FallbackResourceManager$LeakedResourceWarningInputStream;
[23:09:22] [main/DEBUG]: Skipping Lnet/minecraft/server/packs/resources/FallbackResourceManager$EntryStack;
[23:09:22] [main/DEBUG]: Skipping Lnet/minecraft/server/packs/resources/FallbackResourceManager$1ResourceWithSourceAndIndex;
[23:09:22] [main/DEBUG]: Skipping Lnet/minecraft/server/packs/repository/package-info;
[23:09:22] [main/DEBUG]: Skipping Lnet/minecraft/server/packs/repository/RepositorySource;
[23:09:22] [main/DEBUG]: Skipping Lnet/minecraft/server/packs/repository/PackSource;
[23:09:22] [main/DEBUG]: Skipping Lnet/minecraft/server/packs/repository/PackSource$1;
[23:09:22] [main/DEBUG]: Skipping Lnet/minecraft/server/packs/repository/PackCompatibility;
[23:09:22] [main/DEBUG]: Skipping Lnet/minecraft/server/packs/repository/KnownPack;
[23:09:22] [main/DEBUG]: Transforming class Lnet/minecraft/server/packs/repository/FolderRepositorySource;
[23:09:22] [main/DEBUG]: Transforming net/minecraft/server/packs/repository/FolderRepositorySource INNERCLASS FolderPackDetector to access PUBLIC and LEAVE
[23:09:22] [main/DEBUG]: Transforming class Lnet/minecraft/server/packs/repository/FolderRepositorySource$FolderPackDetector;
[23:09:22] [main/DEBUG]: Transforming net/minecraft/server/packs/repository/FolderRepositorySource$FolderPackDetector CLASS to access PUBLIC and LEAVE
[23:09:22] [main/DEBUG]: Transforming net/minecraft/server/packs/repository/FolderRepositorySource$FolderPackDetector METHOD <init>(Lnet/minecraft/world/level/validation/DirectoryValidator;)V to access PUBLIC and LEAVE
[23:09:22] [main/DEBUG]: Skipping Lnet/minecraft/server/packs/repository/BuiltInPackSource;
[23:09:22] [main/DEBUG]: Skipping Lnet/minecraft/server/packs/repository/BuiltInPackSource$1;
[23:09:22] [main/DEBUG]: Transforming class Lnet/minecraft/server/packs/repository/ServerPacksSource;
[23:09:22] [main/DEBUG]: Transforming net/minecraft/server/packs/repository/ServerPacksSource METHOD m_246173_()Lnet/minecraft/server/packs/VanillaPackResources; to access PUBLIC and LEAVE
[23:09:22] [main/DEBUG]: Skipping Lnet/minecraft/server/packs/repository/PackRepository;
[23:09:22] [main/DEBUG]: Skipping Lnet/minecraft/server/packs/repository/PackDetector;
[23:09:22] [main/DEBUG]: Skipping Lnet/minecraft/server/packs/repository/Pack;
[23:09:22] [main/DEBUG]: Skipping Lnet/minecraft/server/packs/repository/Pack$ResourcesSupplier;
[23:09:22] [main/DEBUG]: Skipping Lnet/minecraft/server/packs/repository/Pack$Position;
[23:09:22] [main/DEBUG]: Skipping Lnet/minecraft/server/packs/repository/Pack$Metadata;
[23:09:22] [main/DEBUG]: Skipping Lnet/minecraft/server/packs/package-info;
[23:09:22] [main/DEBUG]: Skipping Lnet/minecraft/server/packs/metadata/package-info;
[23:09:22] [main/DEBUG]: Skipping Lnet/minecraft/server/packs/metadata/pack/package-info;
[23:09:22] [main/DEBUG]: Skipping Lnet/minecraft/server/packs/metadata/pack/PackMetadataSection;
[23:09:22] [main/DEBUG]: Skipping Lnet/minecraft/server/packs/metadata/MetadataSectionType;
[23:09:22] [main/DEBUG]: Skipping Lnet/minecraft/server/packs/metadata/MetadataSectionType$1;
[23:09:22] [main/DEBUG]: Skipping Lnet/minecraft/server/packs/metadata/MetadataSectionSerializer;
[23:09:22] [main/DEBUG]: Skipping Lnet/minecraft/server/packs/linkfs/package-info;
[23:09:22] [main/DEBUG]: Skipping Lnet/minecraft/server/packs/linkfs/PathContents;
[23:09:22] [main/DEBUG]: Skipping Lnet/minecraft/server/packs/linkfs/PathContents$FileContents;
[23:09:22] [main/DEBUG]: Skipping Lnet/minecraft/server/packs/linkfs/PathContents$DirectoryContents;
[23:09:22] [main/DEBUG]: Skipping Lnet/minecraft/server/packs/linkfs/PathContents$2;
[23:09:22] [main/DEBUG]: Skipping Lnet/minecraft/server/packs/linkfs/PathContents$1;
[23:09:22] [main/DEBUG]: Skipping Lnet/minecraft/server/packs/linkfs/LinkFileSystem;
[23:09:22] [main/DEBUG]: Skipping Lnet/minecraft/server/packs/linkfs/LinkFileSystem$DirectoryEntry;
[23:09:22] [main/DEBUG]: Skipping Lnet/minecraft/server/packs/linkfs/LinkFileSystem$Builder;
[23:09:22] [main/DEBUG]: Skipping Lnet/minecraft/server/packs/linkfs/LinkFSProvider;
[23:09:22] [main/DEBUG]: Skipping Lnet/minecraft/server/packs/linkfs/LinkFSProvider$2;
[23:09:22] [main/DEBUG]: Skipping Lnet/minecraft/server/packs/linkfs/LinkFSProvider$1;
[23:09:22] [main/DEBUG]: Skipping Lnet/minecraft/server/packs/linkfs/LinkFSPath;
[23:09:22] [main/DEBUG]: Skipping Lnet/minecraft/server/packs/linkfs/LinkFSPath$3;
[23:09:22] [main/DEBUG]: Skipping Lnet/minecraft/server/packs/linkfs/LinkFSPath$2;
[23:09:22] [main/DEBUG]: Skipping Lnet/minecraft/server/packs/linkfs/LinkFSPath$1;
[23:09:22] [main/DEBUG]: Skipping Lnet/minecraft/server/packs/linkfs/LinkFSFileStore;
[23:09:22] [main/DEBUG]: Skipping Lnet/minecraft/server/packs/linkfs/DummyFileAttributes;
[23:09:22] [main/DEBUG]: Skipping Lnet/minecraft/server/packs/VanillaPackResourcesBuilder;
[23:09:22] [main/DEBUG]: Skipping Lnet/minecraft/server/packs/VanillaPackResources;
[23:09:22] [main/DEBUG]: Skipping Lnet/minecraft/server/packs/PathPackResources;
[23:09:22] [main/DEBUG]: Skipping Lnet/minecraft/server/packs/PathPackResources$PathResourcesSupplier;
[23:09:22] [main/DEBUG]: Skipping Lnet/minecraft/server/packs/PackType;
[23:09:22] [main/DEBUG]: Skipping Lnet/minecraft/server/packs/PackSelectionConfig;
[23:09:22] [main/DEBUG]: Skipping Lnet/minecraft/server/packs/PackLocationInfo;
[23:09:22] [main/DEBUG]: Skipping Lnet/minecraft/server/packs/OverlayMetadataSection;
[23:09:22] [main/DEBUG]: Skipping Lnet/minecraft/server/packs/OverlayMetadataSection$OverlayEntry;
[23:09:22] [main/DEBUG]: Skipping Lnet/minecraft/server/packs/FilePackResources;
[23:09:22] [main/DEBUG]: Skipping Lnet/minecraft/server/packs/FilePackResources$SharedZipFileAccess;
[23:09:22] [main/DEBUG]: Skipping Lnet/minecraft/server/packs/FilePackResources$FileResourcesSupplier;
[23:09:22] [main/DEBUG]: Skipping Lnet/minecraft/server/packs/FeatureFlagsMetadataSection;
[23:09:22] [main/DEBUG]: Skipping Lnet/minecraft/server/packs/DownloadQueue;
[23:09:22] [main/DEBUG]: Skipping Lnet/minecraft/server/packs/DownloadQueue$LogEntry;
[23:09:22] [main/DEBUG]: Skipping Lnet/minecraft/server/packs/DownloadQueue$FileInfoEntry;
[23:09:22] [main/DEBUG]: Skipping Lnet/minecraft/server/packs/DownloadQueue$DownloadRequest;
[23:09:22] [main/DEBUG]: Skipping Lnet/minecraft/server/packs/DownloadQueue$BatchResult;
[23:09:22] [main/DEBUG]: Skipping Lnet/minecraft/server/packs/DownloadQueue$BatchConfig;
[23:09:22] [main/DEBUG]: Skipping Lnet/minecraft/server/packs/DownloadCacheCleaner;
[23:09:22] [main/DEBUG]: Skipping Lnet/minecraft/server/packs/DownloadCacheCleaner$PathAndTime;
[23:09:22] [main/DEBUG]: Skipping Lnet/minecraft/server/packs/DownloadCacheCleaner$PathAndPriority;
[23:09:22] [main/DEBUG]: Skipping Lnet/minecraft/server/packs/DownloadCacheCleaner$1;
[23:09:22] [main/DEBUG]: Skipping Lnet/minecraft/server/packs/CompositePackResources;
[23:09:22] [main/DEBUG]: Skipping Lnet/minecraft/server/packs/BuiltInMetadata;
[23:09:22] [main/DEBUG]: Skipping Lnet/minecraft/server/packs/PackResources;
[23:09:22] [main/DEBUG]: Skipping Lnet/minecraft/server/packs/PackResources$ResourceOutput;
[23:09:22] [main/DEBUG]: Skipping Lnet/minecraft/server/packs/AbstractPackResources;
[23:09:22] [main/DEBUG]: Skipping Lnet/minecraft/server/package-info;
[23:09:22] [main/DEBUG]: Skipping Lnet/minecraft/server/network/package-info;
[23:09:22] [main/DEBUG]: Skipping Lnet/minecraft/server/network/config/package-info;
[23:09:22] [main/DEBUG]: Skipping Lnet/minecraft/server/network/config/SynchronizeRegistriesTask;
[23:09:22] [main/DEBUG]: Skipping Lnet/minecraft/server/network/config/ServerResourcePackConfigurationTask;
[23:09:22] [main/DEBUG]: Skipping Lnet/minecraft/server/network/config/JoinWorldTask;
[23:09:22] [main/DEBUG]: Skipping Lnet/minecraft/server/network/TextFilterClient;
[23:09:22] [main/DEBUG]: Skipping Lnet/minecraft/server/network/TextFilterClient$RequestFailedException;
[23:09:22] [main/DEBUG]: Skipping Lnet/minecraft/server/network/TextFilterClient$PlayerContext;
[23:09:22] [main/DEBUG]: Skipping Lnet/minecraft/server/network/TextFilterClient$MessageEncoder;
[23:09:22] [main/DEBUG]: Skipping Lnet/minecraft/server/network/TextFilterClient$JoinOrLeaveEncoder;
[23:09:22] [main/DEBUG]: Skipping Lnet/minecraft/server/network/TextFilterClient$IgnoreStrategy;
[23:09:22] [main/DEBUG]: Skipping Lnet/minecraft/server/network/TextFilter;
[23:09:22] [main/DEBUG]: Skipping Lnet/minecraft/server/network/TextFilter$1;
[23:09:22] [main/DEBUG]: Skipping Lnet/minecraft/server/network/ServerPlayerConnection;
[23:09:22] [main/DEBUG]: Skipping Lnet/minecraft/server/network/LegacyQueryHandler;
[23:09:22] [main/DEBUG]: Skipping Lnet/minecraft/server/network/LegacyProtocolUtils;
[23:09:22] [main/DEBUG]: Skipping Lnet/minecraft/server/network/FilteredText;
[23:09:22] [main/DEBUG]: Skipping Lnet/minecraft/server/network/Filterable;
[23:09:22] [main/DEBUG]: Skipping Lnet/minecraft/server/network/CommonListenerCookie;
[23:09:22] [main/DEBUG]: Skipping Lnet/minecraft/server/network/ServerStatusPacketListenerImpl;
[23:09:22] [main/DEBUG]: Skipping Lnet/minecraft/server/network/ServerLoginPacketListenerImpl;
[23:09:22] [main/DEBUG]: Skipping Lnet/minecraft/server/network/ServerLoginPacketListenerImpl$State;
[23:09:22] [main/DEBUG]: Skipping Lnet/minecraft/server/network/ServerLoginPacketListenerImpl$1;
[23:09:22] [main/DEBUG]: Skipping Lnet/minecraft/server/network/ServerHandshakePacketListenerImpl;
[23:09:22] [main/DEBUG]: Skipping Lnet/minecraft/server/network/ServerHandshakePacketListenerImpl$1;
[23:09:22] [main/DEBUG]: Skipping Lnet/minecraft/server/network/ServerGamePacketListenerImpl;
[23:09:22] [main/DEBUG]: Skipping Lnet/minecraft/server/network/ServerGamePacketListenerImpl$EntityInteraction;
[23:09:22] [main/DEBUG]: Skipping Lnet/minecraft/server/network/ServerGamePacketListenerImpl$2;
[23:09:22] [main/DEBUG]: Skipping Lnet/minecraft/server/network/ServerGamePacketListenerImpl$1;
[23:09:22] [main/DEBUG]: Skipping Lnet/minecraft/server/network/ServerConnectionListener;
[23:09:22] [main/DEBUG]: Skipping Lnet/minecraft/server/network/ServerConnectionListener$LatencySimulator;
[23:09:22] [main/DEBUG]: Skipping Lnet/minecraft/server/network/ServerConnectionListener$LatencySimulator$DelayedMessage;
[23:09:22] [main/DEBUG]: Skipping Lnet/minecraft/server/network/ServerConnectionListener$2;
[23:09:22] [main/DEBUG]: Skipping Lnet/minecraft/server/network/ServerConnectionListener$1;
[23:09:22] [main/DEBUG]: Transforming class Lnet/minecraft/server/network/ServerConfigurationPacketListenerImpl;
[23:09:22] [main/DEBUG]: Transforming net/minecraft/server/network/ServerConfigurationPacketListenerImpl METHOD m_293514_(Lnet/minecraft/server/network/ConfigurationTask$Type;)V to access PUBLIC and LEAVE
[23:09:22] [main/DEBUG]: Skipping Lnet/minecraft/server/network/ServerCommonPacketListenerImpl;
[23:09:22] [main/DEBUG]: Skipping Lnet/minecraft/server/network/PlayerChunkSender;
[23:09:22] [main/DEBUG]: Skipping Lnet/minecraft/server/network/MemoryServerHandshakePacketListenerImpl;
[23:09:22] [main/DEBUG]: Skipping Lnet/minecraft/server/network/ConfigurationTask;
[23:09:22] [main/DEBUG]: Skipping Lnet/minecraft/server/network/ConfigurationTask$Type;
[23:09:22] [main/DEBUG]: Skipping Lnet/minecraft/server/level/progress/package-info;
[23:09:22] [main/DEBUG]: Skipping Lnet/minecraft/server/level/progress/StoringChunkProgressListener;
[23:09:22] [main/DEBUG]: Skipping Lnet/minecraft/server/level/progress/ProcessorChunkProgressListener;
[23:09:22] [main/DEBUG]: Skipping Lnet/minecraft/server/level/progress/LoggerChunkProgressListener;
[23:09:22] [main/DEBUG]: Skipping Lnet/minecraft/server/level/progress/ChunkProgressListenerFactory;
[23:09:22] [main/DEBUG]: Skipping Lnet/minecraft/server/level/progress/ChunkProgressListener;
[23:09:22] [main/DEBUG]: Skipping Lnet/minecraft/server/level/package-info;
[23:09:22] [main/DEBUG]: Skipping Lnet/minecraft/server/level/TickingTracker;
[23:09:22] [main/DEBUG]: Skipping Lnet/minecraft/server/level/TicketType;
[23:09:22] [main/DEBUG]: Skipping Lnet/minecraft/server/level/ThreadedLevelLightEngine;
[23:09:22] [main/DEBUG]: Skipping Lnet/minecraft/server/level/ThreadedLevelLightEngine$TaskType;
[23:09:22] [main/DEBUG]: Skipping Lnet/minecraft/server/level/ServerBossEvent;
[23:09:22] [main/DEBUG]: Skipping Lnet/minecraft/server/level/SectionTracker;
[23:09:22] [main/DEBUG]: Skipping Lnet/minecraft/server/level/PlayerRespawnLogic;
[23:09:22] [main/DEBUG]: Skipping Lnet/minecraft/server/level/PlayerMap;
[23:09:22] [main/DEBUG]: Skipping Lnet/minecraft/server/level/GeneratingChunkMap;
[23:09:22] [main/DEBUG]: Skipping Lnet/minecraft/server/level/FullChunkStatus;
[23:09:22] [main/DEBUG]: Skipping Lnet/minecraft/server/level/DemoMode;
[23:09:22] [main/DEBUG]: Skipping Lnet/minecraft/server/level/ColumnPos;
[23:09:22] [main/DEBUG]: Skipping Lnet/minecraft/server/level/ClientInformation;
[23:09:22] [main/DEBUG]: Skipping Lnet/minecraft/server/level/ChunkTrackingView;
[23:09:22] [main/DEBUG]: Skipping Lnet/minecraft/server/level/ChunkTrackingView$Positioned;
[23:09:22] [main/DEBUG]: Skipping Lnet/minecraft/server/level/ChunkTrackingView$1;
[23:09:22] [main/DEBUG]: Skipping Lnet/minecraft/server/level/ChunkTracker;
[23:09:22] [main/DEBUG]: Skipping Lnet/minecraft/server/level/ChunkTaskPriorityQueueSorter;
[23:09:22] [main/DEBUG]: Skipping Lnet/minecraft/server/level/ChunkTaskPriorityQueueSorter$Release;
[23:09:22] [main/DEBUG]: Skipping Lnet/minecraft/server/level/ChunkTaskPriorityQueueSorter$Message;
[23:09:22] [main/DEBUG]: Skipping Lnet/minecraft/server/level/ChunkTaskPriorityQueue;
[23:09:22] [main/DEBUG]: Skipping Lnet/minecraft/server/level/ChunkResult;
[23:09:22] [main/DEBUG]: Skipping Lnet/minecraft/server/level/ChunkResult$Success;
[23:09:22] [main/DEBUG]: Skipping Lnet/minecraft/server/level/ChunkResult$Fail;
[23:09:22] [main/DEBUG]: Skipping Lnet/minecraft/server/level/ChunkLevel;
[23:09:22] [main/DEBUG]: Skipping Lnet/minecraft/server/level/ChunkLevel$1;
[23:09:22] [main/DEBUG]: Skipping Lnet/minecraft/server/level/ChunkHolder;
[23:09:22] [main/DEBUG]: Skipping Lnet/minecraft/server/level/ChunkHolder$PlayerProvider;
[23:09:22] [main/DEBUG]: Skipping Lnet/minecraft/server/level/ChunkHolder$LevelChangeListener;
[23:09:22] [main/DEBUG]: Skipping Lnet/minecraft/server/level/ChunkGenerationTask;
[23:09:22] [main/DEBUG]: Skipping Lnet/minecraft/server/level/BlockDestructionProgress;
[23:09:22] [main/DEBUG]: Skipping Lnet/minecraft/server/level/WorldGenRegion;
[23:09:22] [main/DEBUG]: Skipping Lnet/minecraft/server/level/Ticket;
[23:09:22] [main/DEBUG]: Skipping Lnet/minecraft/server/level/ServerPlayerGameMode;
[23:09:22] [main/DEBUG]: Transforming class Lnet/minecraft/server/level/ServerPlayer;
[23:09:22] [main/DEBUG]: Transforming net/minecraft/server/level/ServerPlayer FIELD f_8940_ to access PUBLIC and LEAVE
[23:09:22] [main/DEBUG]: Transforming net/minecraft/server/level/ServerPlayer METHOD m_143399_(Lnet/minecraft/world/inventory/AbstractContainerMenu;)V to access PUBLIC and LEAVE
[23:09:22] [main/DEBUG]: Transforming net/minecraft/server/level/ServerPlayer METHOD m_9217_()V to access PUBLIC and LEAVE
[23:09:22] [main/DEBUG]: Skipping Lnet/minecraft/server/level/ServerPlayer$RespawnPosAngle;
[23:09:22] [main/DEBUG]: Skipping Lnet/minecraft/server/level/ServerPlayer$2;
[23:09:22] [main/DEBUG]: Skipping Lnet/minecraft/server/level/ServerPlayer$1;
[23:09:22] [main/DEBUG]: Transforming class Lnet/minecraft/server/level/ServerLevel;
[23:09:22] [main/DEBUG]: Transforming net/minecraft/server/level/ServerLevel METHOD m_142646_()Lnet/minecraft/world/level/entity/LevelEntityGetter; to access PUBLIC and LEAVE
[23:09:22] [main/DEBUG]: Skipping Lnet/minecraft/server/level/ServerLevel$EntityCallbacks;
[23:09:22] [main/DEBUG]: Skipping Lnet/minecraft/server/level/ServerEntity;
[23:09:22] [main/DEBUG]: Transforming class Lnet/minecraft/server/level/ServerChunkCache;
[23:09:22] [main/DEBUG]: Transforming net/minecraft/server/level/ServerChunkCache FIELD f_8329_ to access PUBLIC and LEAVE
[23:09:22] [main/DEBUG]: Skipping Lnet/minecraft/server/level/ServerChunkCache$MainThreadExecutor;
[23:09:22] [main/DEBUG]: Skipping Lnet/minecraft/server/level/ServerChunkCache$ChunkAndHolder;
[23:09:22] [main/DEBUG]: Skipping Lnet/minecraft/server/level/GenerationChunkHolder;
[23:09:22] [main/DEBUG]: Skipping Lnet/minecraft/server/level/DistanceManager;
[23:09:22] [main/DEBUG]: Skipping Lnet/minecraft/server/level/DistanceManager$PlayerTicketTracker;
[23:09:22] [main/DEBUG]: Skipping Lnet/minecraft/server/level/DistanceManager$FixedPlayerDistanceChunkTracker;
[23:09:22] [main/DEBUG]: Skipping Lnet/minecraft/server/level/DistanceManager$ChunkTicketTracker;
[23:09:22] [main/DEBUG]: Skipping Lnet/minecraft/server/level/ChunkMap;
[23:09:22] [main/DEBUG]: Skipping Lnet/minecraft/server/level/ChunkMap$TrackedEntity;
[23:09:22] [main/DEBUG]: Skipping Lnet/minecraft/server/level/ChunkMap$DistanceManager;
[23:09:22] [main/DEBUG]: Skipping Lnet/minecraft/server/gui/package-info;
[23:09:22] [main/DEBUG]: Skipping Lnet/minecraft/server/gui/StatsComponent;
[23:09:22] [main/DEBUG]: Skipping Lnet/minecraft/server/gui/PlayerListComponent;
[23:09:22] [main/DEBUG]: Skipping Lnet/minecraft/server/gui/MinecraftServerGui;
[23:09:22] [main/DEBUG]: Skipping Lnet/minecraft/server/gui/MinecraftServerGui$2;
[23:09:22] [main/DEBUG]: Skipping Lnet/minecraft/server/gui/MinecraftServerGui$1;
[23:09:22] [main/DEBUG]: Skipping Lnet/minecraft/server/dedicated/package-info;
[23:09:22] [main/DEBUG]: Skipping Lnet/minecraft/server/dedicated/DedicatedServerSettings;
[23:09:22] [main/DEBUG]: Skipping Lnet/minecraft/server/dedicated/DedicatedServerProperties;
[23:09:22] [main/DEBUG]: Skipping Lnet/minecraft/server/dedicated/DedicatedServerProperties$WorldDimensionData;
[23:09:22] [main/DEBUG]: Skipping Lnet/minecraft/server/dedicated/DedicatedPlayerList;
[23:09:22] [main/DEBUG]: Skipping Lnet/minecraft/server/dedicated/Settings;
[23:09:22] [main/DEBUG]: Skipping Lnet/minecraft/server/dedicated/Settings$MutableValue;
[23:09:22] [main/DEBUG]: Skipping Lnet/minecraft/server/dedicated/ServerWatchdog;
[23:09:22] [main/DEBUG]: Skipping Lnet/minecraft/server/dedicated/ServerWatchdog$1;
[23:09:22] [main/DEBUG]: Transforming class Lnet/minecraft/server/dedicated/DedicatedServer;
[23:09:22] [main/DEBUG]: Transforming net/minecraft/server/dedicated/DedicatedServer FIELD f_139600_ to access PUBLIC and LEAVE
[23:09:22] [main/DEBUG]: Skipping Lnet/minecraft/server/dedicated/DedicatedServer$1;
[23:09:22] [main/DEBUG]: Skipping Lnet/minecraft/server/commands/package-info;
[23:09:22] [main/DEBUG]: Skipping Lnet/minecraft/server/commands/data/package-info;
[23:09:22] [main/DEBUG]: Skipping Lnet/minecraft/server/commands/data/StorageDataAccessor;
[23:09:22] [main/DEBUG]: Skipping Lnet/minecraft/server/commands/data/StorageDataAccessor$1;
[23:09:22] [main/DEBUG]: Skipping Lnet/minecraft/server/commands/data/EntityDataAccessor;
[23:09:22] [main/DEBUG]: Skipping Lnet/minecraft/server/commands/data/EntityDataAccessor$1;
[23:09:22] [main/DEBUG]: Skipping Lnet/minecraft/server/commands/data/DataCommands;
[23:09:22] [main/DEBUG]: Skipping Lnet/minecraft/server/commands/data/DataCommands$StringProcessor;
[23:09:22] [main/DEBUG]: Skipping Lnet/minecraft/server/commands/data/DataCommands$DataProvider;
[23:09:22] [main/DEBUG]: Skipping Lnet/minecraft/server/commands/data/DataCommands$DataManipulatorDecorator;
[23:09:22] [main/DEBUG]: Skipping Lnet/minecraft/server/commands/data/DataCommands$DataManipulator;
[23:09:22] [main/DEBUG]: Skipping Lnet/minecraft/server/commands/data/DataAccessor;
[23:09:22] [main/DEBUG]: Skipping Lnet/minecraft/server/commands/data/BlockDataAccessor;
[23:09:22] [main/DEBUG]: Skipping Lnet/minecraft/server/commands/data/BlockDataAccessor$1;
[23:09:22] [main/DEBUG]: Skipping Lnet/minecraft/server/commands/WorldBorderCommand;
[23:09:22] [main/DEBUG]: Skipping Lnet/minecraft/server/commands/WhitelistCommand;
[23:09:22] [main/DEBUG]: Skipping Lnet/minecraft/server/commands/WeatherCommand;
[23:09:22] [main/DEBUG]: Skipping Lnet/minecraft/server/commands/WardenSpawnTrackerCommand;
[23:09:22] [main/DEBUG]: Skipping Lnet/minecraft/server/commands/TriggerCommand;
[23:09:22] [main/DEBUG]: Skipping Lnet/minecraft/server/commands/TransferCommand;
[23:09:22] [main/DEBUG]: Skipping Lnet/minecraft/server/commands/TitleCommand;
[23:09:22] [main/DEBUG]: Skipping Lnet/minecraft/server/commands/TimeCommand;
[23:09:22] [main/DEBUG]: Skipping Lnet/minecraft/server/commands/TickCommand;
[23:09:22] [main/DEBUG]: Skipping Lnet/minecraft/server/commands/TellRawCommand;
[23:09:22] [main/DEBUG]: Skipping Lnet/minecraft/server/commands/TeamMsgCommand;
[23:09:22] [main/DEBUG]: Skipping Lnet/minecraft/server/commands/TeamCommand;
[23:09:22] [main/DEBUG]: Skipping Lnet/minecraft/server/commands/TagCommand;
[23:09:22] [main/DEBUG]: Skipping Lnet/minecraft/server/commands/SummonCommand;
[23:09:22] [main/DEBUG]: Skipping Lnet/minecraft/server/commands/StopSoundCommand;
[23:09:22] [main/DEBUG]: Skipping Lnet/minecraft/server/commands/StopCommand;
[23:09:22] [main/DEBUG]: Skipping Lnet/minecraft/server/commands/SpectateCommand;
[23:09:22] [main/DEBUG]: Skipping Lnet/minecraft/server/commands/SpawnArmorTrimsCommand;
[23:09:22] [main/DEBUG]: Skipping Lnet/minecraft/server/commands/SetWorldSpawnCommand;
[23:09:22] [main/DEBUG]: Skipping Lnet/minecraft/server/commands/SetSpawnCommand;
[23:09:22] [main/DEBUG]: Skipping Lnet/minecraft/server/commands/SetPlayerIdleTimeoutCommand;
[23:09:22] [main/DEBUG]: Skipping Lnet/minecraft/server/commands/SetBlockCommand;
[23:09:22] [main/DEBUG]: Skipping Lnet/minecraft/server/commands/SetBlockCommand$Mode;
[23:09:22] [main/DEBUG]: Skipping Lnet/minecraft/server/commands/SetBlockCommand$Filter;
[23:09:22] [main/DEBUG]: Skipping Lnet/minecraft/server/commands/ServerPackCommand;
[23:09:22] [main/DEBUG]: Skipping Lnet/minecraft/server/commands/SeedCommand;
[23:09:22] [main/DEBUG]: Skipping Lnet/minecraft/server/commands/ScoreboardCommand;
[23:09:22] [main/DEBUG]: Skipping Lnet/minecraft/server/commands/ScoreboardCommand$NumberFormatCommandExecutor;
[23:09:22] [main/DEBUG]: Skipping Lnet/minecraft/server/commands/ScheduleCommand;
[23:09:22] [main/DEBUG]: Skipping Lnet/minecraft/server/commands/SayCommand;
[23:09:22] [main/DEBUG]: Skipping Lnet/minecraft/server/commands/SaveOnCommand;
[23:09:22] [main/DEBUG]: Skipping Lnet/minecraft/server/commands/SaveOffCommand;
[23:09:22] [main/DEBUG]: Skipping Lnet/minecraft/server/commands/SaveAllCommand;
[23:09:22] [main/DEBUG]: Skipping Lnet/minecraft/server/commands/RideCommand;
[23:09:22] [main/DEBUG]: Skipping Lnet/minecraft/server/commands/ReturnCommand;
[23:09:22] [main/DEBUG]: Skipping Lnet/minecraft/server/commands/ReturnCommand$ReturnValueCustomExecutor;
[23:09:22] [main/DEBUG]: Skipping Lnet/minecraft/server/commands/ReturnCommand$ReturnFromCommandCustomModifier;
[23:09:22] [main/DEBUG]: Skipping Lnet/minecraft/server/commands/ReturnCommand$ReturnFailCustomExecutor;
[23:09:22] [main/DEBUG]: Skipping Lnet/minecraft/server/commands/ReloadCommand;
[23:09:22] [main/DEBUG]: Skipping Lnet/minecraft/server/commands/RecipeCommand;
[23:09:22] [main/DEBUG]: Skipping Lnet/minecraft/server/commands/RandomCommand;
[23:09:22] [main/DEBUG]: Skipping Lnet/minecraft/server/commands/RaidCommand;
[23:09:22] [main/DEBUG]: Skipping Lnet/minecraft/server/commands/PublishCommand;
[23:09:22] [main/DEBUG]: Skipping Lnet/minecraft/server/commands/PlaySoundCommand;
[23:09:22] [main/DEBUG]: Skipping Lnet/minecraft/server/commands/PlaceCommand;
[23:09:22] [main/DEBUG]: Skipping Lnet/minecraft/server/commands/PerfCommand;
[23:09:22] [main/DEBUG]: Skipping Lnet/minecraft/server/commands/ParticleCommand;
[23:09:22] [main/DEBUG]: Skipping Lnet/minecraft/server/commands/PardonIpCommand;
[23:09:22] [main/DEBUG]: Skipping Lnet/minecraft/server/commands/PardonCommand;
[23:09:22] [main/DEBUG]: Skipping Lnet/minecraft/server/commands/OpCommand;
[23:09:22] [main/DEBUG]: Skipping Lnet/minecraft/server/commands/MsgCommand;
[23:09:22] [main/DEBUG]: Skipping Lnet/minecraft/server/commands/LootCommand;
[23:09:22] [main/DEBUG]: Skipping Lnet/minecraft/server/commands/LootCommand$TailProvider;
[23:09:22] [main/DEBUG]: Skipping Lnet/minecraft/server/commands/LootCommand$DropConsumer;
[23:09:22] [main/DEBUG]: Skipping Lnet/minecraft/server/commands/LootCommand$Callback;
[23:09:22] [main/DEBUG]: Skipping Lnet/minecraft/server/commands/LocateCommand;
[23:09:22] [main/DEBUG]: Skipping Lnet/minecraft/server/commands/ListPlayersCommand;
[23:09:22] [main/DEBUG]: Skipping Lnet/minecraft/server/commands/KillCommand;
[23:09:22] [main/DEBUG]: Skipping Lnet/minecraft/server/commands/KickCommand;
[23:09:22] [main/DEBUG]: Skipping Lnet/minecraft/server/commands/JfrCommand;
[23:09:22] [main/DEBUG]: Skipping Lnet/minecraft/server/commands/ItemCommands;
[23:09:22] [main/DEBUG]: Skipping Lnet/minecraft/server/commands/HelpCommand;
[23:09:22] [main/DEBUG]: Skipping Lnet/minecraft/server/commands/GiveCommand;
[23:09:22] [main/DEBUG]: Skipping Lnet/minecraft/server/commands/GameRuleCommand;
[23:09:22] [main/DEBUG]: Skipping Lnet/minecraft/server/commands/GameRuleCommand$1;
[23:09:22] [main/DEBUG]: Skipping Lnet/minecraft/server/commands/GameModeCommand;
[23:09:22] [main/DEBUG]: Skipping Lnet/minecraft/server/commands/FunctionCommand;
[23:09:22] [main/DEBUG]: Skipping Lnet/minecraft/server/commands/FunctionCommand$FunctionCustomExecutor;
[23:09:22] [main/DEBUG]: Skipping Lnet/minecraft/server/commands/FunctionCommand$Callbacks;
[23:09:22] [main/DEBUG]: Skipping Lnet/minecraft/server/commands/FunctionCommand$5;
[23:09:22] [main/DEBUG]: Skipping Lnet/minecraft/server/commands/FunctionCommand$4;
[23:09:22] [main/DEBUG]: Skipping Lnet/minecraft/server/commands/FunctionCommand$3;
[23:09:22] [main/DEBUG]: Skipping Lnet/minecraft/server/commands/FunctionCommand$2;
[23:09:22] [main/DEBUG]: Skipping Lnet/minecraft/server/commands/FunctionCommand$1Accumulator;
[23:09:22] [main/DEBUG]: Skipping Lnet/minecraft/server/commands/FunctionCommand$1;
[23:09:22] [main/DEBUG]: Skipping Lnet/minecraft/server/commands/ForceLoadCommand;
[23:09:22] [main/DEBUG]: Skipping Lnet/minecraft/server/commands/FillCommand;
[23:09:22] [main/DEBUG]: Skipping Lnet/minecraft/server/commands/FillCommand$Mode;
[23:09:22] [main/DEBUG]: Skipping Lnet/minecraft/server/commands/FillBiomeCommand;
[23:09:22] [main/DEBUG]: Skipping Lnet/minecraft/server/commands/ExperienceCommand;
[23:09:22] [main/DEBUG]: Skipping Lnet/minecraft/server/commands/ExperienceCommand$Type;
[23:09:22] [main/DEBUG]: Skipping Lnet/minecraft/server/commands/ExecuteCommand;
[23:09:22] [main/DEBUG]: Skipping Lnet/minecraft/server/commands/ExecuteCommand$IntBiPredicate;
[23:09:22] [main/DEBUG]: Skipping Lnet/minecraft/server/commands/ExecuteCommand$ExecuteIfFunctionCustomModifier;
[23:09:22] [main/DEBUG]: Skipping Lnet/minecraft/server/commands/ExecuteCommand$CommandPredicate;
[23:09:22] [main/DEBUG]: Skipping Lnet/minecraft/server/commands/ExecuteCommand$CommandNumericPredicate;
[23:09:22] [main/DEBUG]: Skipping Lnet/minecraft/server/commands/ExecuteCommand$CommandGetter;
[23:09:22] [main/DEBUG]: Skipping Lnet/minecraft/server/commands/EnchantCommand;
[23:09:22] [main/DEBUG]: Skipping Lnet/minecraft/server/commands/EmoteCommands;
[23:09:22] [main/DEBUG]: Skipping Lnet/minecraft/server/commands/EffectCommands;
[23:09:22] [main/DEBUG]: Skipping Lnet/minecraft/server/commands/DifficultyCommand;
[23:09:22] [main/DEBUG]: Skipping Lnet/minecraft/server/commands/DefaultGameModeCommands;
[23:09:22] [main/DEBUG]: Skipping Lnet/minecraft/server/commands/DebugPathCommand;
[23:09:22] [main/DEBUG]: Skipping Lnet/minecraft/server/commands/DebugMobSpawningCommand;
[23:09:22] [main/DEBUG]: Skipping Lnet/minecraft/server/commands/DebugConfigCommand;
[23:09:22] [main/DEBUG]: Skipping Lnet/minecraft/server/commands/DebugCommand;
[23:09:22] [main/DEBUG]: Skipping Lnet/minecraft/server/commands/DebugCommand$Tracer;
[23:09:22] [main/DEBUG]: Skipping Lnet/minecraft/server/commands/DebugCommand$TraceCustomExecutor;
[23:09:22] [main/DEBUG]: Skipping Lnet/minecraft/server/commands/DebugCommand$TraceCustomExecutor$1;
[23:09:22] [main/DEBUG]: Skipping Lnet/minecraft/server/commands/DeOpCommands;
[23:09:22] [main/DEBUG]: Skipping Lnet/minecraft/server/commands/DataPackCommand;
[23:09:22] [main/DEBUG]: Skipping Lnet/minecraft/server/commands/DataPackCommand$Inserter;
[23:09:22] [main/DEBUG]: Skipping Lnet/minecraft/server/commands/DamageCommand;
[23:09:22] [main/DEBUG]: Skipping Lnet/minecraft/server/commands/CloneCommands;
[23:09:22] [main/DEBUG]: Skipping Lnet/minecraft/server/commands/CloneCommands$Mode;
[23:09:22] [main/DEBUG]: Skipping Lnet/minecraft/server/commands/CloneCommands$DimensionAndPosition;
[23:09:22] [main/DEBUG]: Skipping Lnet/minecraft/server/commands/CloneCommands$CommandFunction;
[23:09:22] [main/DEBUG]: Skipping Lnet/minecraft/server/commands/CloneCommands$CloneBlockInfo;
[23:09:22] [main/DEBUG]: Skipping Lnet/minecraft/server/commands/CloneCommands$CloneBlockEntityInfo;
[23:09:22] [main/DEBUG]: Skipping Lnet/minecraft/server/commands/ClearInventoryCommands;
[23:09:22] [main/DEBUG]: Skipping Lnet/minecraft/server/commands/ChaseCommand;
[23:09:22] [main/DEBUG]: Skipping Lnet/minecraft/server/commands/BossBarCommands;
[23:09:22] [main/DEBUG]: Skipping Lnet/minecraft/server/commands/BanPlayerCommands;
[23:09:22] [main/DEBUG]: Skipping Lnet/minecraft/server/commands/BanListCommands;
[23:09:22] [main/DEBUG]: Skipping Lnet/minecraft/server/commands/BanIpCommands;
[23:09:22] [main/DEBUG]: Skipping Lnet/minecraft/server/commands/AttributeCommand;
[23:09:22] [main/DEBUG]: Skipping Lnet/minecraft/server/commands/AdvancementCommands;
[23:09:22] [main/DEBUG]: Skipping Lnet/minecraft/server/commands/AdvancementCommands$Mode;
[23:09:22] [main/DEBUG]: Skipping Lnet/minecraft/server/commands/AdvancementCommands$Action;
[23:09:22] [main/DEBUG]: Skipping Lnet/minecraft/server/commands/AdvancementCommands$Action$2;
[23:09:22] [main/DEBUG]: Skipping Lnet/minecraft/server/commands/AdvancementCommands$Action$1;
[23:09:22] [main/DEBUG]: Skipping Lnet/minecraft/server/commands/TeleportCommand;
[23:09:22] [main/DEBUG]: Skipping Lnet/minecraft/server/commands/TeleportCommand$LookAtPosition;
[23:09:22] [main/DEBUG]: Skipping Lnet/minecraft/server/commands/TeleportCommand$LookAtEntity;
[23:09:22] [main/DEBUG]: Skipping Lnet/minecraft/server/commands/TeleportCommand$LookAt;
[23:09:22] [main/DEBUG]: Skipping Lnet/minecraft/server/commands/SpreadPlayersCommand;
[23:09:22] [main/DEBUG]: Skipping Lnet/minecraft/server/commands/SpreadPlayersCommand$Position;
[23:09:22] [main/DEBUG]: Skipping Lnet/minecraft/server/chase/package-info;
[23:09:22] [main/DEBUG]: Skipping Lnet/minecraft/server/chase/ChaseServer;
[23:09:22] [main/DEBUG]: Skipping Lnet/minecraft/server/chase/ChaseServer$PlayerPosition;
[23:09:22] [main/DEBUG]: Skipping Lnet/minecraft/server/chase/ChaseClient;
[23:09:22] [main/DEBUG]: Skipping Lnet/minecraft/server/chase/ChaseClient$TeleportTarget;
[23:09:22] [main/DEBUG]: Skipping Lnet/minecraft/server/bossevents/package-info;
[23:09:22] [main/DEBUG]: Skipping Lnet/minecraft/server/bossevents/CustomBossEvents;
[23:09:22] [main/DEBUG]: Skipping Lnet/minecraft/server/bossevents/CustomBossEvent;
[23:09:22] [main/DEBUG]: Skipping Lnet/minecraft/server/advancements/package-info;
[23:09:22] [main/DEBUG]: Skipping Lnet/minecraft/server/advancements/AdvancementVisibilityEvaluator;
[23:09:22] [main/DEBUG]: Skipping Lnet/minecraft/server/advancements/AdvancementVisibilityEvaluator$VisibilityRule;
[23:09:22] [main/DEBUG]: Skipping Lnet/minecraft/server/advancements/AdvancementVisibilityEvaluator$Output;
[23:09:22] [main/DEBUG]: Skipping Lnet/minecraft/server/WorldStem;
[23:09:22] [main/DEBUG]: Skipping Lnet/minecraft/server/WorldLoader;
[23:09:22] [main/DEBUG]: Skipping Lnet/minecraft/server/WorldLoader$WorldDataSupplier;
[23:09:22] [main/DEBUG]: Skipping Lnet/minecraft/server/WorldLoader$ResultFactory;
[23:09:22] [main/DEBUG]: Skipping Lnet/minecraft/server/WorldLoader$PackConfig;
[23:09:22] [main/DEBUG]: Skipping Lnet/minecraft/server/WorldLoader$InitConfig;
[23:09:22] [main/DEBUG]: Skipping Lnet/minecraft/server/WorldLoader$DataLoadOutput;
[23:09:22] [main/DEBUG]: Skipping Lnet/minecraft/server/WorldLoader$DataLoadContext;
[23:09:22] [main/DEBUG]: Skipping Lnet/minecraft/server/TickTask;
[23:09:22] [main/DEBUG]: Skipping Lnet/minecraft/server/Services;
[23:09:22] [main/DEBUG]: Skipping Lnet/minecraft/server/ServerTickRateManager;
[23:09:22] [main/DEBUG]: Skipping Lnet/minecraft/server/ServerScoreboard;
[23:09:22] [main/DEBUG]: Skipping Lnet/minecraft/server/ServerScoreboard$Method;
[23:09:22] [main/DEBUG]: Skipping Lnet/minecraft/server/ServerLinks;
[23:09:22] [main/DEBUG]: Skipping Lnet/minecraft/server/ServerLinks$UntrustedEntry;
[23:09:22] [main/DEBUG]: Skipping Lnet/minecraft/server/ServerLinks$KnownLinkType;
[23:09:22] [main/DEBUG]: Skipping Lnet/minecraft/server/ServerLinks$Entry;
[23:09:22] [main/DEBUG]: Skipping Lnet/minecraft/server/ServerInterface;
[23:09:22] [main/DEBUG]: Skipping Lnet/minecraft/server/ServerInfo;
[23:09:22] [main/DEBUG]: Skipping Lnet/minecraft/server/ServerFunctionManager;
[23:09:22] [main/DEBUG]: Skipping Lnet/minecraft/server/ServerFunctionLibrary;
[23:09:22] [main/DEBUG]: Skipping Lnet/minecraft/server/RunningOnDifferentThreadException;
[23:09:22] [main/DEBUG]: Skipping Lnet/minecraft/server/ReloadableServerRegistries;
[23:09:22] [main/DEBUG]: Skipping Lnet/minecraft/server/ReloadableServerRegistries$Holder;
[23:09:22] [main/DEBUG]: Skipping Lnet/minecraft/server/ReloadableServerRegistries$EmptyTagLookupWrapper;
[23:09:22] [main/DEBUG]: Skipping Lnet/minecraft/server/RegistryLayer;
[23:09:22] [main/DEBUG]: Skipping Lnet/minecraft/server/LoggedPrintStream;
[23:09:22] [main/DEBUG]: Skipping Lnet/minecraft/server/DebugLoggedPrintStream;
[23:09:22] [main/DEBUG]: Skipping Lnet/minecraft/server/ConsoleInput;
[23:09:22] [main/DEBUG]: Skipping Lnet/minecraft/server/ChainedJsonException;
[23:09:22] [main/DEBUG]: Skipping Lnet/minecraft/server/ChainedJsonException$Entry;
[23:09:22] [main/DEBUG]: Skipping Lnet/minecraft/server/ServerAdvancementManager;
[23:09:22] [main/DEBUG]: Skipping Lnet/minecraft/server/ReloadableServerResources;
[23:09:22] [main/DEBUG]: Skipping Lnet/minecraft/server/ReloadableServerResources$MissingTagAccessPolicy;
[23:09:22] [main/DEBUG]: Skipping Lnet/minecraft/server/ReloadableServerResources$ConfigurableRegistryLookup;
[23:09:22] [main/DEBUG]: Skipping Lnet/minecraft/server/ReloadableServerResources$ConfigurableRegistryLookup$1;
[23:09:22] [main/DEBUG]: Skipping Lnet/minecraft/server/PlayerAdvancements;
[23:09:22] [main/DEBUG]: Skipping Lnet/minecraft/server/PlayerAdvancements$Data;
[23:09:22] [main/DEBUG]: Transforming class Lnet/minecraft/server/MinecraftServer;
[23:09:22] [main/DEBUG]: Transforming net/minecraft/server/MinecraftServer INNERCLASS ReloadableResources to access PUBLIC and LEAVE
[23:09:22] [main/DEBUG]: Transforming net/minecraft/server/MinecraftServer FIELD f_303727_ to access PUBLIC and LEAVE
[23:09:22] [main/DEBUG]: Transforming net/minecraft/server/MinecraftServer FIELD f_302313_ to access PROTECTED and LEAVE
[23:09:22] [main/DEBUG]: Skipping Lnet/minecraft/server/MinecraftServer$TimeProfiler;
[23:09:22] [main/DEBUG]: Skipping Lnet/minecraft/server/MinecraftServer$TimeProfiler$1;
[23:09:22] [main/DEBUG]: Skipping Lnet/minecraft/server/MinecraftServer$ServerResourcePackInfo;
[23:09:22] [main/DEBUG]: Transforming class Lnet/minecraft/server/MinecraftServer$ReloadableResources;
[23:09:22] [main/DEBUG]: Transforming net/minecraft/server/MinecraftServer$ReloadableResources CLASS to access PUBLIC and LEAVE
[23:09:22] [main/DEBUG]: Skipping Lnet/minecraft/server/MinecraftServer$1;
[23:09:22] [main/DEBUG]: Skipping Lnet/minecraft/server/Main;
[23:09:22] [main/DEBUG]: Skipping Lnet/minecraft/server/Main$1;
[23:09:22] [main/DEBUG]: Skipping Lnet/minecraft/server/Eula;
[23:09:22] [main/DEBUG]: Skipping Lnet/minecraft/server/Bootstrap;
[23:09:22] [main/DEBUG]: Skipping Lnet/minecraft/server/Bootstrap$1;
[23:09:22] [main/DEBUG]: Skipping Lnet/minecraft/resources/package-info;
[23:09:22] [main/DEBUG]: Skipping Lnet/minecraft/resources/RegistryFixedCodec;
[23:09:22] [main/DEBUG]: Skipping Lnet/minecraft/resources/RegistryFileCodec;
[23:09:22] [main/DEBUG]: Skipping Lnet/minecraft/resources/FileToIdConverter;
[23:09:22] [main/DEBUG]: Transforming class Lnet/minecraft/resources/ResourceLocation;
[23:09:22] [main/DEBUG]: Transforming net/minecraft/resources/ResourceLocation METHOD m_135841_(Ljava/lang/String;)Z to access PUBLIC and LEAVE
[23:09:22] [main/DEBUG]: Transforming net/minecraft/resources/ResourceLocation METHOD m_135843_(Ljava/lang/String;)Z to access PUBLIC and LEAVE
[23:09:22] [main/DEBUG]: Transforming net/minecraft/resources/ResourceLocation METHOD m_135835_(C)Z to access PUBLIC and LEAVE
[23:09:22] [main/DEBUG]: Skipping Lnet/minecraft/resources/ResourceLocation$Serializer;
[23:09:22] [main/DEBUG]: Skipping Lnet/minecraft/resources/ResourceKey;
[23:09:22] [main/DEBUG]: Skipping Lnet/minecraft/resources/ResourceKey$InternKey;
[23:09:22] [main/DEBUG]: Skipping Lnet/minecraft/resources/RegistryOps;
[23:09:22] [main/DEBUG]: Skipping Lnet/minecraft/resources/RegistryOps$RegistryInfoLookup;
[23:09:22] [main/DEBUG]: Skipping Lnet/minecraft/resources/RegistryOps$RegistryInfo;
[23:09:22] [main/DEBUG]: Skipping Lnet/minecraft/resources/RegistryOps$HolderLookupAdapter;
[23:09:22] [main/DEBUG]: Skipping Lnet/minecraft/resources/RegistryDataLoader;
[23:09:22] [main/DEBUG]: Skipping Lnet/minecraft/resources/RegistryDataLoader$RegistryData;
[23:09:22] [main/DEBUG]: Skipping Lnet/minecraft/resources/RegistryDataLoader$LoadingFunction;
[23:09:22] [main/DEBUG]: Skipping Lnet/minecraft/resources/RegistryDataLoader$Loader;
[23:09:22] [main/DEBUG]: Skipping Lnet/minecraft/resources/RegistryDataLoader$1;
[23:09:22] [main/DEBUG]: Skipping Lnet/minecraft/resources/HolderSetCodec;
[23:09:22] [main/DEBUG]: Skipping Lnet/minecraft/resources/DelegatingOps;
[23:09:22] [main/DEBUG]: Skipping Lnet/minecraft/references/Items;
[23:09:22] [main/DEBUG]: Skipping Lnet/minecraft/references/Blocks;
[23:09:22] [main/DEBUG]: Skipping Lnet/minecraft/recipebook/package-info;
[23:09:22] [main/DEBUG]: Skipping Lnet/minecraft/recipebook/ServerPlaceRecipe;
[23:09:22] [main/DEBUG]: Skipping Lnet/minecraft/recipebook/PlaceRecipe;
[23:09:22] [main/DEBUG]: Skipping Lnet/minecraft/realms/package-info;
[23:09:22] [main/DEBUG]: Skipping Lnet/minecraft/realms/RepeatedNarrator;
[23:09:22] [main/DEBUG]: Skipping Lnet/minecraft/realms/RepeatedNarrator$Params;
[23:09:22] [main/DEBUG]: Skipping Lnet/minecraft/realms/RealmsScreen;
[23:09:22] [main/DEBUG]: Skipping Lnet/minecraft/realms/RealmsObjectSelectionList;
[23:09:22] [main/DEBUG]: Skipping Lnet/minecraft/realms/RealmsLabel;
[23:09:22] [main/DEBUG]: Skipping Lnet/minecraft/realms/RealmsConnect;
[23:09:22] [main/DEBUG]: Skipping Lnet/minecraft/realms/RealmsConnect$1;
[23:09:22] [main/DEBUG]: Skipping Lnet/minecraft/realms/DisconnectedRealmsScreen;
[23:09:22] [main/DEBUG]: Skipping Lnet/minecraft/package-info;
[23:09:22] [main/DEBUG]: Skipping Lnet/minecraft/obfuscate/package-info;
[23:09:22] [main/DEBUG]: Skipping Lnet/minecraft/obfuscate/DontObfuscate;
[23:09:22] [main/DEBUG]: Skipping Lnet/minecraft/network/syncher/package-info;
[23:09:22] [main/DEBUG]: Skipping Lnet/minecraft/network/syncher/SyncedDataHolder;
[23:09:22] [main/DEBUG]: Skipping Lnet/minecraft/network/syncher/EntityDataSerializer;
[23:09:22] [main/DEBUG]: Skipping Lnet/minecraft/network/syncher/EntityDataSerializer$ForValueType;
[23:09:22] [main/DEBUG]: Skipping Lnet/minecraft/network/syncher/EntityDataAccessor;
[23:09:22] [main/DEBUG]: Skipping Lnet/minecraft/network/syncher/SynchedEntityData;
[23:09:22] [main/DEBUG]: Skipping Lnet/minecraft/network/syncher/SynchedEntityData$DataValue;
[23:09:22] [main/DEBUG]: Skipping Lnet/minecraft/network/syncher/SynchedEntityData$DataItem;
[23:09:22] [main/DEBUG]: Skipping Lnet/minecraft/network/syncher/SynchedEntityData$Builder;
[23:09:22] [main/DEBUG]: Skipping Lnet/minecraft/network/syncher/EntityDataSerializers;
[23:09:22] [main/DEBUG]: Skipping Lnet/minecraft/network/syncher/EntityDataSerializers$4;
[23:09:22] [main/DEBUG]: Skipping Lnet/minecraft/network/syncher/EntityDataSerializers$3;
[23:09:22] [main/DEBUG]: Skipping Lnet/minecraft/network/syncher/EntityDataSerializers$2;
[23:09:22] [main/DEBUG]: Skipping Lnet/minecraft/network/syncher/EntityDataSerializers$1;
[23:09:22] [main/DEBUG]: Skipping Lnet/minecraft/network/protocol/status/package-info;
[23:09:22] [main/DEBUG]: Skipping Lnet/minecraft/network/protocol/status/StatusProtocols;
[23:09:22] [main/DEBUG]: Skipping Lnet/minecraft/network/protocol/status/StatusPacketTypes;
[23:09:22] [main/DEBUG]: Skipping Lnet/minecraft/network/protocol/status/ServerboundStatusRequestPacket;
[23:09:22] [main/DEBUG]: Skipping Lnet/minecraft/network/protocol/status/ServerStatusPacketListener;
[23:09:22] [main/DEBUG]: Skipping Lnet/minecraft/network/protocol/status/ClientStatusPacketListener;
[23:09:22] [main/DEBUG]: Skipping Lnet/minecraft/network/protocol/status/ServerStatus;
[23:09:22] [main/DEBUG]: Skipping Lnet/minecraft/network/protocol/status/ServerStatus$Version;
[23:09:22] [main/DEBUG]: Skipping Lnet/minecraft/network/protocol/status/ServerStatus$Players;
[23:09:22] [main/DEBUG]: Skipping Lnet/minecraft/network/protocol/status/ServerStatus$Favicon;
[23:09:22] [main/DEBUG]: Skipping Lnet/minecraft/network/protocol/status/ClientboundStatusResponsePacket;
[23:09:22] [main/DEBUG]: Skipping Lnet/minecraft/network/protocol/ping/package-info;
[23:09:22] [main/DEBUG]: Skipping Lnet/minecraft/network/protocol/ping/ServerboundPingRequestPacket;
[23:09:22] [main/DEBUG]: Skipping Lnet/minecraft/network/protocol/ping/ServerPingPacketListener;
[23:09:22] [main/DEBUG]: Skipping Lnet/minecraft/network/protocol/ping/PingPacketTypes;
[23:09:22] [main/DEBUG]: Skipping Lnet/minecraft/network/protocol/ping/ClientboundPongResponsePacket;
[23:09:22] [main/DEBUG]: Skipping Lnet/minecraft/network/protocol/ping/ClientPongPacketListener;
[23:09:22] [main/DEBUG]: Skipping Lnet/minecraft/network/protocol/package-info;
[23:09:22] [main/DEBUG]: Skipping Lnet/minecraft/network/protocol/login/package-info;
[23:09:22] [main/DEBUG]: Skipping Lnet/minecraft/network/protocol/login/custom/package-info;
[23:09:22] [main/DEBUG]: Skipping Lnet/minecraft/network/protocol/login/custom/CustomQueryPayload;
[23:09:22] [main/DEBUG]: Skipping Lnet/minecraft/network/protocol/login/custom/CustomQueryAnswerPayload;
[23:09:22] [main/DEBUG]: Skipping Lnet/minecraft/network/protocol/login/custom/DiscardedQueryPayload;
[23:09:22] [main/DEBUG]: Skipping Lnet/minecraft/network/protocol/login/custom/DiscardedQueryAnswerPayload;
[23:09:22] [main/DEBUG]: Skipping Lnet/minecraft/network/protocol/login/ServerboundLoginAcknowledgedPacket;
[23:09:22] [main/DEBUG]: Skipping Lnet/minecraft/network/protocol/login/ServerboundKeyPacket;
[23:09:22] [main/DEBUG]: Skipping Lnet/minecraft/network/protocol/login/ServerboundHelloPacket;
[23:09:22] [main/DEBUG]: Skipping Lnet/minecraft/network/protocol/login/ServerboundCustomQueryAnswerPacket;
[23:09:22] [main/DEBUG]: Skipping Lnet/minecraft/network/protocol/login/ServerLoginPacketListener;
[23:09:22] [main/DEBUG]: Skipping Lnet/minecraft/network/protocol/login/LoginProtocols;
[23:09:22] [main/DEBUG]: Skipping Lnet/minecraft/network/protocol/login/LoginPacketTypes;
[23:09:22] [main/DEBUG]: Skipping Lnet/minecraft/network/protocol/login/ClientboundLoginDisconnectPacket;
[23:09:22] [main/DEBUG]: Skipping Lnet/minecraft/network/protocol/login/ClientboundLoginCompressionPacket;
[23:09:22] [main/DEBUG]: Skipping Lnet/minecraft/network/protocol/login/ClientboundHelloPacket;
[23:09:22] [main/DEBUG]: Skipping Lnet/minecraft/network/protocol/login/ClientboundGameProfilePacket;
[23:09:22] [main/DEBUG]: Skipping Lnet/minecraft/network/protocol/login/ClientboundCustomQueryPacket;
[23:09:22] [main/DEBUG]: Skipping Lnet/minecraft/network/protocol/login/ClientLoginPacketListener;
[23:09:22] [main/DEBUG]: Skipping Lnet/minecraft/network/protocol/handshake/package-info;
[23:09:22] [main/DEBUG]: Skipping Lnet/minecraft/network/protocol/handshake/ServerHandshakePacketListener;
[23:09:22] [main/DEBUG]: Skipping Lnet/minecraft/network/protocol/handshake/HandshakeProtocols;
[23:09:22] [main/DEBUG]: Skipping Lnet/minecraft/network/protocol/handshake/HandshakePacketTypes;
[23:09:22] [main/DEBUG]: Skipping Lnet/minecraft/network/protocol/handshake/ClientIntentionPacket;
[23:09:22] [main/DEBUG]: Skipping Lnet/minecraft/network/protocol/handshake/ClientIntent;
[23:09:22] [main/DEBUG]: Skipping Lnet/minecraft/network/protocol/game/package-info;
[23:09:22] [main/DEBUG]: Skipping Lnet/minecraft/network/protocol/game/VecDeltaCodec;
[23:09:22] [main/DEBUG]: Skipping Lnet/minecraft/network/protocol/game/ServerboundUseItemPacket;
[23:09:22] [main/DEBUG]: Skipping Lnet/minecraft/network/protocol/game/ServerboundUseItemOnPacket;
[23:09:22] [main/DEBUG]: Skipping Lnet/minecraft/network/protocol/game/ServerboundTeleportToEntityPacket;
[23:09:22] [main/DEBUG]: Skipping Lnet/minecraft/network/protocol/game/ServerboundSwingPacket;
[23:09:22] [main/DEBUG]: Skipping Lnet/minecraft/network/protocol/game/ServerboundSignUpdatePacket;
[23:09:22] [main/DEBUG]: Skipping Lnet/minecraft/network/protocol/game/ServerboundSetStructureBlockPacket;
[23:09:22] [main/DEBUG]: Skipping Lnet/minecraft/network/protocol/game/ServerboundSetJigsawBlockPacket;
[23:09:22] [main/DEBUG]: Skipping Lnet/minecraft/network/protocol/game/ServerboundSetCreativeModeSlotPacket;
[23:09:22] [main/DEBUG]: Skipping Lnet/minecraft/network/protocol/game/ServerboundSetCommandMinecartPacket;
[23:09:22] [main/DEBUG]: Skipping Lnet/minecraft/network/protocol/game/ServerboundSetCommandBlockPacket;
[23:09:22] [main/DEBUG]: Skipping Lnet/minecraft/network/protocol/game/ServerboundSetCarriedItemPacket;
[23:09:22] [main/DEBUG]: Skipping Lnet/minecraft/network/protocol/game/ServerboundSetBeaconPacket;
[23:09:22] [main/DEBUG]: Skipping Lnet/minecraft/network/protocol/game/ServerboundSelectTradePacket;
[23:09:22] [main/DEBUG]: Skipping Lnet/minecraft/network/protocol/game/ServerboundSeenAdvancementsPacket;
[23:09:22] [main/DEBUG]: Skipping Lnet/minecraft/network/protocol/game/ServerboundSeenAdvancementsPacket$Action;
[23:09:22] [main/DEBUG]: Skipping Lnet/minecraft/network/protocol/game/ServerboundRenameItemPacket;
[23:09:22] [main/DEBUG]: Skipping Lnet/minecraft/network/protocol/game/ServerboundRecipeBookSeenRecipePacket;
[23:09:22] [main/DEBUG]: Skipping Lnet/minecraft/network/protocol/game/ServerboundRecipeBookChangeSettingsPacket;
[23:09:22] [main/DEBUG]: Skipping Lnet/minecraft/network/protocol/game/ServerboundPlayerInputPacket;
[23:09:22] [main/DEBUG]: Skipping Lnet/minecraft/network/protocol/game/ServerboundPlayerCommandPacket;
[23:09:22] [main/DEBUG]: Skipping Lnet/minecraft/network/protocol/game/ServerboundPlayerCommandPacket$Action;
[23:09:22] [main/DEBUG]: Skipping Lnet/minecraft/network/protocol/game/ServerboundPlayerActionPacket;
[23:09:22] [main/DEBUG]: Skipping Lnet/minecraft/network/protocol/game/ServerboundPlayerActionPacket$Action;
[23:09:22] [main/DEBUG]: Skipping Lnet/minecraft/network/protocol/game/ServerboundPlayerAbilitiesPacket;
[23:09:22] [main/DEBUG]: Skipping Lnet/minecraft/network/protocol/game/ServerboundPlaceRecipePacket;
[23:09:22] [main/DEBUG]: Skipping Lnet/minecraft/network/protocol/game/ServerboundPickItemPacket;
[23:09:22] [main/DEBUG]: Skipping Lnet/minecraft/network/protocol/game/ServerboundPaddleBoatPacket;
[23:09:22] [main/DEBUG]: Skipping Lnet/minecraft/network/protocol/game/ServerboundMoveVehiclePacket;
[23:09:22] [main/DEBUG]: Skipping Lnet/minecraft/network/protocol/game/ServerboundMovePlayerPacket;
[23:09:22] [main/DEBUG]: Skipping Lnet/minecraft/network/protocol/game/ServerboundMovePlayerPacket$StatusOnly;
[23:09:22] [main/DEBUG]: Skipping Lnet/minecraft/network/protocol/game/ServerboundMovePlayerPacket$Rot;
[23:09:22] [main/DEBUG]: Skipping Lnet/minecraft/network/protocol/game/ServerboundMovePlayerPacket$PosRot;
[23:09:22] [main/DEBUG]: Skipping Lnet/minecraft/network/protocol/game/ServerboundMovePlayerPacket$Pos;
[23:09:22] [main/DEBUG]: Skipping Lnet/minecraft/network/protocol/game/ServerboundLockDifficultyPacket;
[23:09:22] [main/DEBUG]: Skipping Lnet/minecraft/network/protocol/game/ServerboundJigsawGeneratePacket;
[23:09:22] [main/DEBUG]: Skipping Lnet/minecraft/network/protocol/game/ServerboundInteractPacket;
[23:09:22] [main/DEBUG]: Skipping Lnet/minecraft/network/protocol/game/ServerboundInteractPacket$InteractionAtLocationAction;
[23:09:22] [main/DEBUG]: Skipping Lnet/minecraft/network/protocol/game/ServerboundInteractPacket$InteractionAction;
[23:09:22] [main/DEBUG]: Skipping Lnet/minecraft/network/protocol/game/ServerboundInteractPacket$Handler;
[23:09:22] [main/DEBUG]: Skipping Lnet/minecraft/network/protocol/game/ServerboundInteractPacket$ActionType;
[23:09:22] [main/DEBUG]: Skipping Lnet/minecraft/network/protocol/game/ServerboundInteractPacket$Action;
[23:09:22] [main/DEBUG]: Skipping Lnet/minecraft/network/protocol/game/ServerboundInteractPacket$1;
[23:09:22] [main/DEBUG]: Skipping Lnet/minecraft/network/protocol/game/ServerboundEntityTagQueryPacket;
[23:09:22] [main/DEBUG]: Skipping Lnet/minecraft/network/protocol/game/ServerboundEditBookPacket;
[23:09:22] [main/DEBUG]: Skipping Lnet/minecraft/network/protocol/game/ServerboundDebugSampleSubscriptionPacket;
[23:09:22] [main/DEBUG]: Skipping Lnet/minecraft/network/protocol/game/ServerboundContainerSlotStateChangedPacket;
[23:09:22] [main/DEBUG]: Skipping Lnet/minecraft/network/protocol/game/ServerboundContainerClosePacket;
[23:09:22] [main/DEBUG]: Skipping Lnet/minecraft/network/protocol/game/ServerboundContainerClickPacket;
[23:09:22] [main/DEBUG]: Skipping Lnet/minecraft/network/protocol/game/ServerboundContainerButtonClickPacket;
[23:09:22] [main/DEBUG]: Skipping Lnet/minecraft/network/protocol/game/ServerboundConfigurationAcknowledgedPacket;
[23:09:22] [main/DEBUG]: Skipping Lnet/minecraft/network/protocol/game/ServerboundCommandSuggestionPacket;
[23:09:22] [main/DEBUG]: Skipping Lnet/minecraft/network/protocol/game/ServerboundClientCommandPacket;
[23:09:22] [main/DEBUG]: Skipping Lnet/minecraft/network/protocol/game/ServerboundClientCommandPacket$Action;
[23:09:22] [main/DEBUG]: Skipping Lnet/minecraft/network/protocol/game/ServerboundChunkBatchReceivedPacket;
[23:09:22] [main/DEBUG]: Skipping Lnet/minecraft/network/protocol/game/ServerboundChatSessionUpdatePacket;
[23:09:22] [main/DEBUG]: Skipping Lnet/minecraft/network/protocol/game/ServerboundChatPacket;
[23:09:22] [main/DEBUG]: Skipping Lnet/minecraft/network/protocol/game/ServerboundChatCommandSignedPacket;
[23:09:22] [main/DEBUG]: Skipping Lnet/minecraft/network/protocol/game/ServerboundChatCommandPacket;
[23:09:22] [main/DEBUG]: Skipping Lnet/minecraft/network/protocol/game/ServerboundChatAckPacket;
[23:09:22] [main/DEBUG]: Skipping Lnet/minecraft/network/protocol/game/ServerboundChangeDifficultyPacket;
[23:09:22] [main/DEBUG]: Skipping Lnet/minecraft/network/protocol/game/ServerboundBlockEntityTagQueryPacket;
[23:09:22] [main/DEBUG]: Skipping Lnet/minecraft/network/protocol/game/ServerboundAcceptTeleportationPacket;
[23:09:22] [main/DEBUG]: Skipping Lnet/minecraft/network/protocol/game/ServerPacketListener;
[23:09:22] [main/DEBUG]: Skipping Lnet/minecraft/network/protocol/game/ServerGamePacketListener;
[23:09:22] [main/DEBUG]: Skipping Lnet/minecraft/network/protocol/game/GameProtocols;
[23:09:22] [main/DEBUG]: Skipping Lnet/minecraft/network/protocol/game/GamePacketTypes;
[23:09:22] [main/DEBUG]: Skipping Lnet/minecraft/network/protocol/game/DebugPackets;
[23:09:22] [main/DEBUG]: Skipping Lnet/minecraft/network/protocol/game/DebugEntityNameGenerator;
[23:09:22] [main/DEBUG]: Skipping Lnet/minecraft/network/protocol/game/CommonPlayerSpawnInfo;
[23:09:22] [main/DEBUG]: Skipping Lnet/minecraft/network/protocol/game/ClientboundUpdateRecipesPacket;
[23:09:22] [main/DEBUG]: Skipping Lnet/minecraft/network/protocol/game/ClientboundUpdateMobEffectPacket;
[23:09:22] [main/DEBUG]: Skipping Lnet/minecraft/network/protocol/game/ClientboundUpdateAttributesPacket;
[23:09:22] [main/DEBUG]: Skipping Lnet/minecraft/network/protocol/game/ClientboundUpdateAttributesPacket$AttributeSnapshot;
[23:09:22] [main/DEBUG]: Skipping Lnet/minecraft/network/protocol/game/ClientboundUpdateAdvancementsPacket;
[23:09:22] [main/DEBUG]: Skipping Lnet/minecraft/network/protocol/game/ClientboundTickingStepPacket;
[23:09:22] [main/DEBUG]: Skipping Lnet/minecraft/network/protocol/game/ClientboundTickingStatePacket;
[23:09:22] [main/DEBUG]: Skipping Lnet/minecraft/network/protocol/game/ClientboundTeleportEntityPacket;
[23:09:22] [main/DEBUG]: Skipping Lnet/minecraft/network/protocol/game/ClientboundTakeItemEntityPacket;
[23:09:22] [main/DEBUG]: Skipping Lnet/minecraft/network/protocol/game/ClientboundTagQueryPacket;
[23:09:22] [main/DEBUG]: Skipping Lnet/minecraft/network/protocol/game/ClientboundTabListPacket;
[23:09:22] [main/DEBUG]: Skipping Lnet/minecraft/network/protocol/game/ClientboundSystemChatPacket;
[23:09:22] [main/DEBUG]: Skipping Lnet/minecraft/network/protocol/game/ClientboundStopSoundPacket;
[23:09:22] [main/DEBUG]: Skipping Lnet/minecraft/network/protocol/game/ClientboundStartConfigurationPacket;
[23:09:22] [main/DEBUG]: Skipping Lnet/minecraft/network/protocol/game/ClientboundSoundPacket;
[23:09:22] [main/DEBUG]: Skipping Lnet/minecraft/network/protocol/game/ClientboundSoundEntityPacket;
[23:09:22] [main/DEBUG]: Skipping Lnet/minecraft/network/protocol/game/ClientboundSetTitlesAnimationPacket;
[23:09:22] [main/DEBUG]: Skipping Lnet/minecraft/network/protocol/game/ClientboundSetTitleTextPacket;
[23:09:22] [main/DEBUG]: Skipping Lnet/minecraft/network/protocol/game/ClientboundSetTimePacket;
[23:09:22] [main/DEBUG]: Skipping Lnet/minecraft/network/protocol/game/ClientboundSetSubtitleTextPacket;
[23:09:22] [main/DEBUG]: Skipping Lnet/minecraft/network/protocol/game/ClientboundSetSimulationDistancePacket;
[23:09:22] [main/DEBUG]: Skipping Lnet/minecraft/network/protocol/game/ClientboundSetScorePacket;
[23:09:22] [main/DEBUG]: Skipping Lnet/minecraft/network/protocol/game/ClientboundSetPlayerTeamPacket;
[23:09:22] [main/DEBUG]: Skipping Lnet/minecraft/network/protocol/game/ClientboundSetPlayerTeamPacket$Parameters;
[23:09:22] [main/DEBUG]: Skipping Lnet/minecraft/network/protocol/game/ClientboundSetPlayerTeamPacket$Action;
[23:09:22] [main/DEBUG]: Skipping Lnet/minecraft/network/protocol/game/ClientboundSetPassengersPacket;
[23:09:22] [main/DEBUG]: Skipping Lnet/minecraft/network/protocol/game/ClientboundSetObjectivePacket;
[23:09:22] [main/DEBUG]: Skipping Lnet/minecraft/network/protocol/game/ClientboundSetHealthPacket;
[23:09:22] [main/DEBUG]: Skipping Lnet/minecraft/network/protocol/game/ClientboundSetExperiencePacket;
[23:09:22] [main/DEBUG]: Skipping Lnet/minecraft/network/protocol/game/ClientboundSetEquipmentPacket;
[23:09:22] [main/DEBUG]: Skipping Lnet/minecraft/network/protocol/game/ClientboundSetEntityMotionPacket;
[23:09:22] [main/DEBUG]: Skipping Lnet/minecraft/network/protocol/game/ClientboundSetEntityLinkPacket;
[23:09:22] [main/DEBUG]: Skipping Lnet/minecraft/network/protocol/game/ClientboundSetEntityDataPacket;
[23:09:22] [main/DEBUG]: Skipping Lnet/minecraft/network/protocol/game/ClientboundSetDisplayObjectivePacket;
[23:09:22] [main/DEBUG]: Skipping Lnet/minecraft/network/protocol/game/ClientboundSetDefaultSpawnPositionPacket;
[23:09:22] [main/DEBUG]: Skipping Lnet/minecraft/network/protocol/game/ClientboundSetChunkCacheRadiusPacket;
[23:09:22] [main/DEBUG]: Skipping Lnet/minecraft/network/protocol/game/ClientboundSetChunkCacheCenterPacket;
[23:09:22] [main/DEBUG]: Skipping Lnet/minecraft/network/protocol/game/ClientboundSetCarriedItemPacket;
[23:09:22] [main/DEBUG]: Skipping Lnet/minecraft/network/protocol/game/ClientboundSetCameraPacket;
[23:09:22] [main/DEBUG]: Skipping Lnet/minecraft/network/protocol/game/ClientboundSetBorderWarningDistancePacket;
[23:09:22] [main/DEBUG]: Skipping Lnet/minecraft/network/protocol/game/ClientboundSetBorderWarningDelayPacket;
[23:09:22] [main/DEBUG]: Skipping Lnet/minecraft/network/protocol/game/ClientboundSetBorderSizePacket;
[23:09:22] [main/DEBUG]: Skipping Lnet/minecraft/network/protocol/game/ClientboundSetBorderLerpSizePacket;
[23:09:22] [main/DEBUG]: Skipping Lnet/minecraft/network/protocol/game/ClientboundSetBorderCenterPacket;
[23:09:22] [main/DEBUG]: Skipping Lnet/minecraft/network/protocol/game/ClientboundSetActionBarTextPacket;
[23:09:22] [main/DEBUG]: Skipping Lnet/minecraft/network/protocol/game/ClientboundServerDataPacket;
[23:09:22] [main/DEBUG]: Skipping Lnet/minecraft/network/protocol/game/ClientboundSelectAdvancementsTabPacket;
[23:09:22] [main/DEBUG]: Skipping Lnet/minecraft/network/protocol/game/ClientboundSectionBlocksUpdatePacket;
[23:09:22] [main/DEBUG]: Skipping Lnet/minecraft/network/protocol/game/ClientboundRotateHeadPacket;
[23:09:22] [main/DEBUG]: Skipping Lnet/minecraft/network/protocol/game/ClientboundRespawnPacket;
[23:09:22] [main/DEBUG]: Skipping Lnet/minecraft/network/protocol/game/ClientboundResetScorePacket;
[23:09:22] [main/DEBUG]: Skipping Lnet/minecraft/network/protocol/game/ClientboundRemoveMobEffectPacket;
[23:09:22] [main/DEBUG]: Skipping Lnet/minecraft/network/protocol/game/ClientboundRemoveEntitiesPacket;
[23:09:22] [main/DEBUG]: Skipping Lnet/minecraft/network/protocol/game/ClientboundRecipePacket;
[23:09:22] [main/DEBUG]: Skipping Lnet/minecraft/network/protocol/game/ClientboundRecipePacket$State;
[23:09:22] [main/DEBUG]: Skipping Lnet/minecraft/network/protocol/game/ClientboundProjectilePowerPacket;
[23:09:22] [main/DEBUG]: Skipping Lnet/minecraft/network/protocol/game/ClientboundPlayerPositionPacket;
[23:09:22] [main/DEBUG]: Skipping Lnet/minecraft/network/protocol/game/ClientboundPlayerLookAtPacket;
[23:09:22] [main/DEBUG]: Skipping Lnet/minecraft/network/protocol/game/ClientboundPlayerInfoUpdatePacket;
[23:09:22] [main/DEBUG]: Skipping Lnet/minecraft/network/protocol/game/ClientboundPlayerInfoUpdatePacket$EntryBuilder;
[23:09:22] [main/DEBUG]: Skipping Lnet/minecraft/network/protocol/game/ClientboundPlayerInfoUpdatePacket$Entry;
[23:09:22] [main/DEBUG]: Skipping Lnet/minecraft/network/protocol/game/ClientboundPlayerInfoUpdatePacket$Action;
[23:09:22] [main/DEBUG]: Skipping Lnet/minecraft/network/protocol/game/ClientboundPlayerInfoUpdatePacket$Action$Writer;
[23:09:22] [main/DEBUG]: Skipping Lnet/minecraft/network/protocol/game/ClientboundPlayerInfoUpdatePacket$Action$Reader;
[23:09:22] [main/DEBUG]: Skipping Lnet/minecraft/network/protocol/game/ClientboundPlayerInfoRemovePacket;
[23:09:22] [main/DEBUG]: Skipping Lnet/minecraft/network/protocol/game/ClientboundPlayerCombatKillPacket;
[23:09:22] [main/DEBUG]: Skipping Lnet/minecraft/network/protocol/game/ClientboundPlayerCombatEnterPacket;
[23:09:22] [main/DEBUG]: Skipping Lnet/minecraft/network/protocol/game/ClientboundPlayerCombatEndPacket;
[23:09:22] [main/DEBUG]: Skipping Lnet/minecraft/network/protocol/game/ClientboundPlayerChatPacket;
[23:09:22] [main/DEBUG]: Skipping Lnet/minecraft/network/protocol/game/ClientboundPlayerAbilitiesPacket;
[23:09:22] [main/DEBUG]: Skipping Lnet/minecraft/network/protocol/game/ClientboundPlaceGhostRecipePacket;
[23:09:22] [main/DEBUG]: Skipping Lnet/minecraft/network/protocol/game/ClientboundOpenSignEditorPacket;
[23:09:22] [main/DEBUG]: Skipping Lnet/minecraft/network/protocol/game/ClientboundOpenScreenPacket;
[23:09:22] [main/DEBUG]: Skipping Lnet/minecraft/network/protocol/game/ClientboundOpenBookPacket;
[23:09:22] [main/DEBUG]: Skipping Lnet/minecraft/network/protocol/game/ClientboundMoveVehiclePacket;
[23:09:22] [main/DEBUG]: Skipping Lnet/minecraft/network/protocol/game/ClientboundMoveEntityPacket;
[23:09:22] [main/DEBUG]: Skipping Lnet/minecraft/network/protocol/game/ClientboundMoveEntityPacket$Rot;
[23:09:22] [main/DEBUG]: Skipping Lnet/minecraft/network/protocol/game/ClientboundMoveEntityPacket$PosRot;
[23:09:22] [main/DEBUG]: Skipping Lnet/minecraft/network/protocol/game/ClientboundMoveEntityPacket$Pos;
[23:09:22] [main/DEBUG]: Skipping Lnet/minecraft/network/protocol/game/ClientboundMerchantOffersPacket;
[23:09:22] [main/DEBUG]: Skipping Lnet/minecraft/network/protocol/game/ClientboundMapItemDataPacket;
[23:09:22] [main/DEBUG]: Skipping Lnet/minecraft/network/protocol/game/ClientboundLoginPacket;
[23:09:22] [main/DEBUG]: Skipping Lnet/minecraft/network/protocol/game/ClientboundLightUpdatePacketData;
[23:09:22] [main/DEBUG]: Skipping Lnet/minecraft/network/protocol/game/ClientboundLightUpdatePacket;
[23:09:22] [main/DEBUG]: Skipping Lnet/minecraft/network/protocol/game/ClientboundLevelParticlesPacket;
[23:09:22] [main/DEBUG]: Skipping Lnet/minecraft/network/protocol/game/ClientboundLevelEventPacket;
[23:09:22] [main/DEBUG]: Skipping Lnet/minecraft/network/protocol/game/ClientboundLevelChunkWithLightPacket;
[23:09:22] [main/DEBUG]: Skipping Lnet/minecraft/network/protocol/game/ClientboundLevelChunkPacketData;
[23:09:22] [main/DEBUG]: Skipping Lnet/minecraft/network/protocol/game/ClientboundLevelChunkPacketData$BlockEntityTagOutput;
[23:09:22] [main/DEBUG]: Skipping Lnet/minecraft/network/protocol/game/ClientboundLevelChunkPacketData$BlockEntityInfo;
[23:09:22] [main/DEBUG]: Skipping Lnet/minecraft/network/protocol/game/ClientboundInitializeBorderPacket;
[23:09:22] [main/DEBUG]: Skipping Lnet/minecraft/network/protocol/game/ClientboundHurtAnimationPacket;
[23:09:22] [main/DEBUG]: Skipping Lnet/minecraft/network/protocol/game/ClientboundHorseScreenOpenPacket;
[23:09:22] [main/DEBUG]: Skipping Lnet/minecraft/network/protocol/game/ClientboundGameEventPacket;
[23:09:22] [main/DEBUG]: Skipping Lnet/minecraft/network/protocol/game/ClientboundGameEventPacket$Type;
[23:09:22] [main/DEBUG]: Skipping Lnet/minecraft/network/protocol/game/ClientboundForgetLevelChunkPacket;
[23:09:22] [main/DEBUG]: Skipping Lnet/minecraft/network/protocol/game/ClientboundExplodePacket;
[23:09:22] [main/DEBUG]: Skipping Lnet/minecraft/network/protocol/game/ClientboundEntityEventPacket;
[23:09:22] [main/DEBUG]: Skipping Lnet/minecraft/network/protocol/game/ClientboundDisguisedChatPacket;
[23:09:22] [main/DEBUG]: Skipping Lnet/minecraft/network/protocol/game/ClientboundDeleteChatPacket;
[23:09:22] [main/DEBUG]: Skipping Lnet/minecraft/network/protocol/game/ClientboundDebugSamplePacket;
[23:09:22] [main/DEBUG]: Skipping Lnet/minecraft/network/protocol/game/ClientboundDamageEventPacket;
[23:09:22] [main/DEBUG]: Skipping Lnet/minecraft/network/protocol/game/ClientboundCustomChatCompletionsPacket;
[23:09:22] [main/DEBUG]: Skipping Lnet/minecraft/network/protocol/game/ClientboundCustomChatCompletionsPacket$Action;
[23:09:22] [main/DEBUG]: Skipping Lnet/minecraft/network/protocol/game/ClientboundCooldownPacket;
[23:09:22] [main/DEBUG]: Skipping Lnet/minecraft/network/protocol/game/ClientboundContainerSetSlotPacket;
[23:09:22] [main/DEBUG]: Skipping Lnet/minecraft/network/protocol/game/ClientboundContainerSetDataPacket;
[23:09:22] [main/DEBUG]: Skipping Lnet/minecraft/network/protocol/game/ClientboundContainerSetContentPacket;
[23:09:22] [main/DEBUG]: Skipping Lnet/minecraft/network/protocol/game/ClientboundContainerClosePacket;
[23:09:22] [main/DEBUG]: Skipping Lnet/minecraft/network/protocol/game/ClientboundCommandsPacket;
[23:09:22] [main/DEBUG]: Skipping Lnet/minecraft/network/protocol/game/ClientboundCommandsPacket$NodeStub;
[23:09:22] [main/DEBUG]: Skipping Lnet/minecraft/network/protocol/game/ClientboundCommandsPacket$NodeResolver;
[23:09:22] [main/DEBUG]: Skipping Lnet/minecraft/network/protocol/game/ClientboundCommandsPacket$LiteralNodeStub;
[23:09:22] [main/DEBUG]: Skipping Lnet/minecraft/network/protocol/game/ClientboundCommandsPacket$Entry;
[23:09:22] [main/DEBUG]: Skipping Lnet/minecraft/network/protocol/game/ClientboundCommandsPacket$ArgumentNodeStub;
[23:09:22] [main/DEBUG]: Skipping Lnet/minecraft/network/protocol/game/ClientboundCommandSuggestionsPacket;
[23:09:22] [main/DEBUG]: Skipping Lnet/minecraft/network/protocol/game/ClientboundCommandSuggestionsPacket$Entry;
[23:09:22] [main/DEBUG]: Skipping Lnet/minecraft/network/protocol/game/ClientboundClearTitlesPacket;
[23:09:22] [main/DEBUG]: Skipping Lnet/minecraft/network/protocol/game/ClientboundChunksBiomesPacket;
[23:09:22] [main/DEBUG]: Skipping Lnet/minecraft/network/protocol/game/ClientboundChunksBiomesPacket$ChunkBiomeData;
[23:09:22] [main/DEBUG]: Skipping Lnet/minecraft/network/protocol/game/ClientboundChunkBatchStartPacket;
[23:09:22] [main/DEBUG]: Skipping Lnet/minecraft/network/protocol/game/ClientboundChunkBatchFinishedPacket;
[23:09:22] [main/DEBUG]: Skipping Lnet/minecraft/network/protocol/game/ClientboundChangeDifficultyPacket;
[23:09:22] [main/DEBUG]: Skipping Lnet/minecraft/network/protocol/game/ClientboundBundlePacket;
[23:09:22] [main/DEBUG]: Skipping Lnet/minecraft/network/protocol/game/ClientboundBundleDelimiterPacket;
[23:09:22] [main/DEBUG]: Skipping Lnet/minecraft/network/protocol/game/ClientboundBossEventPacket;
[23:09:22] [main/DEBUG]: Skipping Lnet/minecraft/network/protocol/game/ClientboundBossEventPacket$UpdateStyleOperation;
[23:09:22] [main/DEBUG]: Skipping Lnet/minecraft/network/protocol/game/ClientboundBossEventPacket$UpdatePropertiesOperation;
[23:09:22] [main/DEBUG]: Skipping Lnet/minecraft/network/protocol/game/ClientboundBossEventPacket$UpdateProgressOperation;
[23:09:22] [main/DEBUG]: Skipping Lnet/minecraft/network/protocol/game/ClientboundBossEventPacket$UpdateNameOperation;
[23:09:22] [main/DEBUG]: Skipping Lnet/minecraft/network/protocol/game/ClientboundBossEventPacket$OperationType;
[23:09:22] [main/DEBUG]: Skipping Lnet/minecraft/network/protocol/game/ClientboundBossEventPacket$Operation;
[23:09:22] [main/DEBUG]: Skipping Lnet/minecraft/network/protocol/game/ClientboundBossEventPacket$Handler;
[23:09:22] [main/DEBUG]: Skipping Lnet/minecraft/network/protocol/game/ClientboundBossEventPacket$AddOperation;
[23:09:22] [main/DEBUG]: Skipping Lnet/minecraft/network/protocol/game/ClientboundBossEventPacket$1;
[23:09:22] [main/DEBUG]: Skipping Lnet/minecraft/network/protocol/game/ClientboundBlockUpdatePacket;
[23:09:22] [main/DEBUG]: Skipping Lnet/minecraft/network/protocol/game/ClientboundBlockEventPacket;
[23:09:22] [main/DEBUG]: Skipping Lnet/minecraft/network/protocol/game/ClientboundBlockEntityDataPacket;
[23:09:22] [main/DEBUG]: Skipping Lnet/minecraft/network/protocol/game/ClientboundBlockDestructionPacket;
[23:09:22] [main/DEBUG]: Skipping Lnet/minecraft/network/protocol/game/ClientboundBlockChangedAckPacket;
[23:09:22] [main/DEBUG]: Skipping Lnet/minecraft/network/protocol/game/ClientboundAwardStatsPacket;
[23:09:22] [main/DEBUG]: Skipping Lnet/minecraft/network/protocol/game/ClientboundAnimatePacket;
[23:09:22] [main/DEBUG]: Skipping Lnet/minecraft/network/protocol/game/ClientboundAddExperienceOrbPacket;
[23:09:22] [main/DEBUG]: Skipping Lnet/minecraft/network/protocol/game/ClientboundAddEntityPacket;
[23:09:22] [main/DEBUG]: Skipping Lnet/minecraft/network/protocol/game/ClientGamePacketListener;
[23:09:22] [main/DEBUG]: Skipping Lnet/minecraft/network/protocol/cookie/package-info;
[23:09:22] [main/DEBUG]: Skipping Lnet/minecraft/network/protocol/cookie/ServerboundCookieResponsePacket;
[23:09:22] [main/DEBUG]: Skipping Lnet/minecraft/network/protocol/cookie/ServerCookiePacketListener;
[23:09:22] [main/DEBUG]: Skipping Lnet/minecraft/network/protocol/cookie/CookiePacketTypes;
[23:09:22] [main/DEBUG]: Skipping Lnet/minecraft/network/protocol/cookie/ClientboundCookieRequestPacket;
[23:09:22] [main/DEBUG]: Skipping Lnet/minecraft/network/protocol/cookie/ClientCookiePacketListener;
[23:09:22] [main/DEBUG]: Skipping Lnet/minecraft/network/protocol/configuration/package-info;
[23:09:22] [main/DEBUG]: Skipping Lnet/minecraft/network/protocol/configuration/ServerboundSelectKnownPacks;
[23:09:22] [main/DEBUG]: Skipping Lnet/minecraft/network/protocol/configuration/ServerboundFinishConfigurationPacket;
[23:09:22] [main/DEBUG]: Skipping Lnet/minecraft/network/protocol/configuration/ServerConfigurationPacketListener;
[23:09:22] [main/DEBUG]: Skipping Lnet/minecraft/network/protocol/configuration/ConfigurationProtocols;
[23:09:22] [main/DEBUG]: Skipping Lnet/minecraft/network/protocol/configuration/ConfigurationPacketTypes;
[23:09:22] [main/DEBUG]: Skipping Lnet/minecraft/network/protocol/configuration/ClientboundUpdateEnabledFeaturesPacket;
[23:09:22] [main/DEBUG]: Skipping Lnet/minecraft/network/protocol/configuration/ClientboundSelectKnownPacks;
[23:09:22] [main/DEBUG]: Skipping Lnet/minecraft/network/protocol/configuration/ClientboundResetChatPacket;
[23:09:22] [main/DEBUG]: Skipping Lnet/minecraft/network/protocol/configuration/ClientboundRegistryDataPacket;
[23:09:22] [main/DEBUG]: Skipping Lnet/minecraft/network/protocol/configuration/ClientboundFinishConfigurationPacket;
[23:09:22] [main/DEBUG]: Skipping Lnet/minecraft/network/protocol/configuration/ClientConfigurationPacketListener;
[23:09:22] [main/DEBUG]: Skipping Lnet/minecraft/network/protocol/common/package-info;
[23:09:22] [main/DEBUG]: Skipping Lnet/minecraft/network/protocol/common/custom/package-info;
[23:09:22] [main/DEBUG]: Skipping Lnet/minecraft/network/protocol/common/custom/WorldGenAttemptDebugPayload;
[23:09:22] [main/DEBUG]: Skipping Lnet/minecraft/network/protocol/common/custom/VillageSectionsDebugPayload;
[23:09:22] [main/DEBUG]: Skipping Lnet/minecraft/network/protocol/common/custom/StructuresDebugPayload;
[23:09:22] [main/DEBUG]: Skipping Lnet/minecraft/network/protocol/common/custom/StructuresDebugPayload$PieceInfo;
[23:09:22] [main/DEBUG]: Skipping Lnet/minecraft/network/protocol/common/custom/RaidsDebugPayload;
[23:09:22] [main/DEBUG]: Skipping Lnet/minecraft/network/protocol/common/custom/PoiTicketCountDebugPayload;
[23:09:22] [main/DEBUG]: Skipping Lnet/minecraft/network/protocol/common/custom/PoiRemovedDebugPayload;
[23:09:22] [main/DEBUG]: Skipping Lnet/minecraft/network/protocol/common/custom/PoiAddedDebugPayload;
[23:09:22] [main/DEBUG]: Skipping Lnet/minecraft/network/protocol/common/custom/PathfindingDebugPayload;
[23:09:22] [main/DEBUG]: Skipping Lnet/minecraft/network/protocol/common/custom/NeighborUpdatesDebugPayload;
[23:09:22] [main/DEBUG]: Skipping Lnet/minecraft/network/protocol/common/custom/HiveDebugPayload;
[23:09:22] [main/DEBUG]: Skipping Lnet/minecraft/network/protocol/common/custom/HiveDebugPayload$HiveInfo;
[23:09:22] [main/DEBUG]: Skipping Lnet/minecraft/network/protocol/common/custom/GoalDebugPayload;
[23:09:22] [main/DEBUG]: Skipping Lnet/minecraft/network/protocol/common/custom/GoalDebugPayload$DebugGoal;
[23:09:22] [main/DEBUG]: Skipping Lnet/minecraft/network/protocol/common/custom/GameTestClearMarkersDebugPayload;
[23:09:22] [main/DEBUG]: Skipping Lnet/minecraft/network/protocol/common/custom/GameTestAddMarkerDebugPayload;
[23:09:22] [main/DEBUG]: Skipping Lnet/minecraft/network/protocol/common/custom/GameEventListenerDebugPayload;
[23:09:22] [main/DEBUG]: Skipping Lnet/minecraft/network/protocol/common/custom/GameEventDebugPayload;
[23:09:22] [main/DEBUG]: Skipping Lnet/minecraft/network/protocol/common/custom/DiscardedPayload;
[23:09:22] [main/DEBUG]: Skipping Lnet/minecraft/network/protocol/common/custom/BreezeDebugPayload;
[23:09:22] [main/DEBUG]: Skipping Lnet/minecraft/network/protocol/common/custom/BreezeDebugPayload$BreezeInfo;
[23:09:22] [main/DEBUG]: Skipping Lnet/minecraft/network/protocol/common/custom/BrandPayload;
[23:09:22] [main/DEBUG]: Skipping Lnet/minecraft/network/protocol/common/custom/BrainDebugPayload;
[23:09:22] [main/DEBUG]: Skipping Lnet/minecraft/network/protocol/common/custom/BrainDebugPayload$BrainDump;
[23:09:22] [main/DEBUG]: Skipping Lnet/minecraft/network/protocol/common/custom/BeeDebugPayload;
[23:09:22] [main/DEBUG]: Skipping Lnet/minecraft/network/protocol/common/custom/BeeDebugPayload$BeeInfo;
[23:09:22] [main/DEBUG]: Skipping Lnet/minecraft/network/protocol/common/custom/CustomPacketPayload;
[23:09:22] [main/DEBUG]: Skipping Lnet/minecraft/network/protocol/common/custom/CustomPacketPayload$TypeAndCodec;
[23:09:22] [main/DEBUG]: Skipping Lnet/minecraft/network/protocol/common/custom/CustomPacketPayload$Type;
[23:09:22] [main/DEBUG]: Skipping Lnet/minecraft/network/protocol/common/custom/CustomPacketPayload$FallbackProvider;
[23:09:22] [main/DEBUG]: Skipping Lnet/minecraft/network/protocol/common/custom/CustomPacketPayload$1;
[23:09:22] [main/DEBUG]: Skipping Lnet/minecraft/network/protocol/common/ServerboundResourcePackPacket;
[23:09:22] [main/DEBUG]: Skipping Lnet/minecraft/network/protocol/common/ServerboundResourcePackPacket$Action;
[23:09:22] [main/DEBUG]: Skipping Lnet/minecraft/network/protocol/common/ServerboundPongPacket;
[23:09:22] [main/DEBUG]: Skipping Lnet/minecraft/network/protocol/common/ServerboundKeepAlivePacket;
[23:09:22] [main/DEBUG]: Skipping Lnet/minecraft/network/protocol/common/ServerboundClientInformationPacket;
[23:09:22] [main/DEBUG]: Skipping Lnet/minecraft/network/protocol/common/ServerCommonPacketListener;
[23:09:22] [main/DEBUG]: Skipping Lnet/minecraft/network/protocol/common/CommonPacketTypes;
[23:09:22] [main/DEBUG]: Skipping Lnet/minecraft/network/protocol/common/ClientboundUpdateTagsPacket;
[23:09:22] [main/DEBUG]: Skipping Lnet/minecraft/network/protocol/common/ClientboundTransferPacket;
[23:09:22] [main/DEBUG]: Skipping Lnet/minecraft/network/protocol/common/ClientboundStoreCookiePacket;
[23:09:22] [main/DEBUG]: Skipping Lnet/minecraft/network/protocol/common/ClientboundServerLinksPacket;
[23:09:22] [main/DEBUG]: Skipping Lnet/minecraft/network/protocol/common/ClientboundResourcePackPushPacket;
[23:09:22] [main/DEBUG]: Skipping Lnet/minecraft/network/protocol/common/ClientboundResourcePackPopPacket;
[23:09:22] [main/DEBUG]: Skipping Lnet/minecraft/network/protocol/common/ClientboundPingPacket;
[23:09:22] [main/DEBUG]: Skipping Lnet/minecraft/network/protocol/common/ClientboundKeepAlivePacket;
[23:09:22] [main/DEBUG]: Skipping Lnet/minecraft/network/protocol/common/ClientboundDisconnectPacket;
[23:09:22] [main/DEBUG]: Skipping Lnet/minecraft/network/protocol/common/ClientboundCustomReportDetailsPacket;
[23:09:22] [main/DEBUG]: Skipping Lnet/minecraft/network/protocol/common/ClientCommonPacketListener;
[23:09:22] [main/DEBUG]: Skipping Lnet/minecraft/network/protocol/common/ServerboundCustomPayloadPacket;
[23:09:22] [main/DEBUG]: Skipping Lnet/minecraft/network/protocol/common/ClientboundCustomPayloadPacket;
[23:09:22] [main/DEBUG]: Skipping Lnet/minecraft/network/protocol/ProtocolInfoBuilder;
[23:09:22] [main/DEBUG]: Skipping Lnet/minecraft/network/protocol/ProtocolInfoBuilder$Implementation;
[23:09:22] [main/DEBUG]: Skipping Lnet/minecraft/network/protocol/ProtocolInfoBuilder$CodecEntry;
[23:09:22] [main/DEBUG]: Skipping Lnet/minecraft/network/protocol/ProtocolInfoBuilder$1;
[23:09:22] [main/DEBUG]: Skipping Lnet/minecraft/network/protocol/ProtocolCodecBuilder;
[23:09:22] [main/DEBUG]: Skipping Lnet/minecraft/network/protocol/PacketUtils;
[23:09:22] [main/DEBUG]: Skipping Lnet/minecraft/network/protocol/PacketType;
[23:09:22] [main/DEBUG]: Skipping Lnet/minecraft/network/protocol/PacketFlow;
[23:09:22] [main/DEBUG]: Skipping Lnet/minecraft/network/protocol/Packet;
[23:09:22] [main/DEBUG]: Skipping Lnet/minecraft/network/protocol/BundlerInfo;
[23:09:22] [main/DEBUG]: Skipping Lnet/minecraft/network/protocol/BundlerInfo$Bundler;
[23:09:22] [main/DEBUG]: Skipping Lnet/minecraft/network/protocol/BundlerInfo$1;
[23:09:22] [main/DEBUG]: Skipping Lnet/minecraft/network/protocol/BundlerInfo$1$1;
[23:09:22] [main/DEBUG]: Skipping Lnet/minecraft/network/protocol/BundlePacket;
[23:09:22] [main/DEBUG]: Skipping Lnet/minecraft/network/protocol/BundleDelimiterPacket;
[23:09:22] [main/DEBUG]: Skipping Lnet/minecraft/network/package-info;
[23:09:22] [main/DEBUG]: Skipping Lnet/minecraft/network/codec/package-info;
[23:09:22] [main/DEBUG]: Skipping Lnet/minecraft/network/codec/StreamMemberEncoder;
[23:09:22] [main/DEBUG]: Skipping Lnet/minecraft/network/codec/StreamEncoder;
[23:09:22] [main/DEBUG]: Skipping Lnet/minecraft/network/codec/StreamDecoder;
[23:09:22] [main/DEBUG]: Skipping Lnet/minecraft/network/codec/StreamCodec;
[23:09:22] [main/DEBUG]: Skipping Lnet/minecraft/network/codec/StreamCodec$CodecOperation;
[23:09:22] [main/DEBUG]: Skipping Lnet/minecraft/network/codec/StreamCodec$9;
[23:09:22] [main/DEBUG]: Skipping Lnet/minecraft/network/codec/StreamCodec$8;
[23:09:22] [main/DEBUG]: Skipping Lnet/minecraft/network/codec/StreamCodec$7;
[23:09:22] [main/DEBUG]: Skipping Lnet/minecraft/network/codec/StreamCodec$6;
[23:09:22] [main/DEBUG]: Skipping Lnet/minecraft/network/codec/StreamCodec$5;
[23:09:22] [main/DEBUG]: Skipping Lnet/minecraft/network/codec/StreamCodec$4;
[23:09:22] [main/DEBUG]: Skipping Lnet/minecraft/network/codec/StreamCodec$3;
[23:09:22] [main/DEBUG]: Skipping Lnet/minecraft/network/codec/StreamCodec$2;
[23:09:22] [main/DEBUG]: Skipping Lnet/minecraft/network/codec/StreamCodec$13;
[23:09:22] [main/DEBUG]: Skipping Lnet/minecraft/network/codec/StreamCodec$12;
[23:09:22] [main/DEBUG]: Skipping Lnet/minecraft/network/codec/StreamCodec$11;
[23:09:22] [main/DEBUG]: Skipping Lnet/minecraft/network/codec/StreamCodec$10;
[23:09:22] [main/DEBUG]: Skipping Lnet/minecraft/network/codec/StreamCodec$1;
[23:09:22] [main/DEBUG]: Skipping Lnet/minecraft/network/codec/IdDispatchCodec;
[23:09:22] [main/DEBUG]: Skipping Lnet/minecraft/network/codec/IdDispatchCodec$Entry;
[23:09:22] [main/DEBUG]: Skipping Lnet/minecraft/network/codec/IdDispatchCodec$Builder;
[23:09:22] [main/DEBUG]: Skipping Lnet/minecraft/network/codec/ByteBufCodecs;
[23:09:22] [main/DEBUG]: Skipping Lnet/minecraft/network/codec/ByteBufCodecs$9;
[23:09:22] [main/DEBUG]: Skipping Lnet/minecraft/network/codec/ByteBufCodecs$8;
[23:09:22] [main/DEBUG]: Skipping Lnet/minecraft/network/codec/ByteBufCodecs$7;
[23:09:22] [main/DEBUG]: Skipping Lnet/minecraft/network/codec/ByteBufCodecs$6;
[23:09:22] [main/DEBUG]: Skipping Lnet/minecraft/network/codec/ByteBufCodecs$5;
[23:09:22] [main/DEBUG]: Skipping Lnet/minecraft/network/codec/ByteBufCodecs$4;
[23:09:22] [main/DEBUG]: Skipping Lnet/minecraft/network/codec/ByteBufCodecs$3;
[23:09:22] [main/DEBUG]: Skipping Lnet/minecraft/network/codec/ByteBufCodecs$28;
[23:09:22] [main/DEBUG]: Skipping Lnet/minecraft/network/codec/ByteBufCodecs$27;
[23:09:22] [main/DEBUG]: Skipping Lnet/minecraft/network/codec/ByteBufCodecs$26;
[23:09:22] [main/DEBUG]: Skipping Lnet/minecraft/network/codec/ByteBufCodecs$25;
[23:09:22] [main/DEBUG]: Skipping Lnet/minecraft/network/codec/ByteBufCodecs$24;
[23:09:22] [main/DEBUG]: Skipping Lnet/minecraft/network/codec/ByteBufCodecs$23;
[23:09:22] [main/DEBUG]: Skipping Lnet/minecraft/network/codec/ByteBufCodecs$22;
[23:09:22] [main/DEBUG]: Skipping Lnet/minecraft/network/codec/ByteBufCodecs$21;
[23:09:22] [main/DEBUG]: Skipping Lnet/minecraft/network/codec/ByteBufCodecs$20;
[23:09:22] [main/DEBUG]: Skipping Lnet/minecraft/network/codec/ByteBufCodecs$2;
[23:09:22] [main/DEBUG]: Skipping Lnet/minecraft/network/codec/ByteBufCodecs$19;
[23:09:22] [main/DEBUG]: Skipping Lnet/minecraft/network/codec/ByteBufCodecs$18;
[23:09:22] [main/DEBUG]: Skipping Lnet/minecraft/network/codec/ByteBufCodecs$17;
[23:09:22] [main/DEBUG]: Skipping Lnet/minecraft/network/codec/ByteBufCodecs$16;
[23:09:22] [main/DEBUG]: Skipping Lnet/minecraft/network/codec/ByteBufCodecs$15;
[23:09:22] [main/DEBUG]: Skipping Lnet/minecraft/network/codec/ByteBufCodecs$14;
[23:09:22] [main/DEBUG]: Skipping Lnet/minecraft/network/codec/ByteBufCodecs$13;
[23:09:22] [main/DEBUG]: Skipping Lnet/minecraft/network/codec/ByteBufCodecs$12;
[23:09:22] [main/DEBUG]: Skipping Lnet/minecraft/network/codec/ByteBufCodecs$11;
[23:09:22] [main/DEBUG]: Skipping Lnet/minecraft/network/codec/ByteBufCodecs$10;
[23:09:22] [main/DEBUG]: Skipping Lnet/minecraft/network/codec/ByteBufCodecs$1;
[23:09:22] [main/DEBUG]: Skipping Lnet/minecraft/network/chat/package-info;
[23:09:22] [main/DEBUG]: Skipping Lnet/minecraft/network/chat/numbers/package-info;
[23:09:22] [main/DEBUG]: Skipping Lnet/minecraft/network/chat/numbers/StyledFormat;
[23:09:22] [main/DEBUG]: Skipping Lnet/minecraft/network/chat/numbers/StyledFormat$1;
[23:09:22] [main/DEBUG]: Skipping Lnet/minecraft/network/chat/numbers/NumberFormatTypes;
[23:09:22] [main/DEBUG]: Skipping Lnet/minecraft/network/chat/numbers/NumberFormatType;
[23:09:22] [main/DEBUG]: Skipping Lnet/minecraft/network/chat/numbers/NumberFormat;
[23:09:22] [main/DEBUG]: Skipping Lnet/minecraft/network/chat/numbers/FixedFormat;
[23:09:22] [main/DEBUG]: Skipping Lnet/minecraft/network/chat/numbers/FixedFormat$1;
[23:09:22] [main/DEBUG]: Skipping Lnet/minecraft/network/chat/numbers/BlankFormat;
[23:09:22] [main/DEBUG]: Skipping Lnet/minecraft/network/chat/numbers/BlankFormat$1;
[23:09:22] [main/DEBUG]: Skipping Lnet/minecraft/network/chat/contents/package-info;
[23:09:22] [main/DEBUG]: Skipping Lnet/minecraft/network/chat/contents/TranslatableFormatException;
[23:09:22] [main/DEBUG]: Skipping Lnet/minecraft/network/chat/contents/StorageDataSource;
[23:09:22] [main/DEBUG]: Skipping Lnet/minecraft/network/chat/contents/SelectorContents;
[23:09:22] [main/DEBUG]: Skipping Lnet/minecraft/network/chat/contents/ScoreContents;
[23:09:22] [main/DEBUG]: Skipping Lnet/minecraft/network/chat/contents/PlainTextContents;
[23:09:22] [main/DEBUG]: Skipping Lnet/minecraft/network/chat/contents/PlainTextContents$LiteralContents;
[23:09:22] [main/DEBUG]: Skipping Lnet/minecraft/network/chat/contents/PlainTextContents$1;
[23:09:22] [main/DEBUG]: Skipping Lnet/minecraft/network/chat/contents/NbtContents;
[23:09:22] [main/DEBUG]: Skipping Lnet/minecraft/network/chat/contents/KeybindResolver;
[23:09:22] [main/DEBUG]: Skipping Lnet/minecraft/network/chat/contents/KeybindContents;
[23:09:22] [main/DEBUG]: Skipping Lnet/minecraft/network/chat/contents/EntityDataSource;
[23:09:22] [main/DEBUG]: Skipping Lnet/minecraft/network/chat/contents/DataSource;
[23:09:22] [main/DEBUG]: Skipping Lnet/minecraft/network/chat/contents/DataSource$Type;
[23:09:22] [main/DEBUG]: Skipping Lnet/minecraft/network/chat/contents/BlockDataSource;
[23:09:22] [main/DEBUG]: Skipping Lnet/minecraft/network/chat/contents/TranslatableContents;
[23:09:22] [main/DEBUG]: Skipping Lnet/minecraft/network/chat/ThrowingComponent;
[23:09:22] [main/DEBUG]: Skipping Lnet/minecraft/network/chat/TextColor;
[23:09:22] [main/DEBUG]: Skipping Lnet/minecraft/network/chat/SubStringSource;
[23:09:22] [main/DEBUG]: Skipping Lnet/minecraft/network/chat/Style;
[23:09:22] [main/DEBUG]: Skipping Lnet/minecraft/network/chat/Style$Serializer;
[23:09:22] [main/DEBUG]: Skipping Lnet/minecraft/network/chat/Style$1Collector;
[23:09:22] [main/DEBUG]: Skipping Lnet/minecraft/network/chat/Style$1;
[23:09:22] [main/DEBUG]: Skipping Lnet/minecraft/network/chat/SignedMessageValidator;
[23:09:22] [main/DEBUG]: Skipping Lnet/minecraft/network/chat/SignedMessageValidator$KeyBased;
[23:09:22] [main/DEBUG]: Skipping Lnet/minecraft/network/chat/SignedMessageLink;
[23:09:22] [main/DEBUG]: Skipping Lnet/minecraft/network/chat/SignedMessageChain;
[23:09:22] [main/DEBUG]: Skipping Lnet/minecraft/network/chat/SignedMessageChain$Encoder;
[23:09:22] [main/DEBUG]: Skipping Lnet/minecraft/network/chat/SignedMessageChain$Decoder;
[23:09:22] [main/DEBUG]: Skipping Lnet/minecraft/network/chat/SignedMessageChain$DecodeException;
[23:09:22] [main/DEBUG]: Skipping Lnet/minecraft/network/chat/SignedMessageChain$1;
[23:09:22] [main/DEBUG]: Skipping Lnet/minecraft/network/chat/SignedMessageBody;
[23:09:22] [main/DEBUG]: Skipping Lnet/minecraft/network/chat/SignedMessageBody$Packed;
[23:09:22] [main/DEBUG]: Skipping Lnet/minecraft/network/chat/SignableCommand;
[23:09:22] [main/DEBUG]: Skipping Lnet/minecraft/network/chat/SignableCommand$Argument;
[23:09:22] [main/DEBUG]: Skipping Lnet/minecraft/network/chat/RemoteChatSession;
[23:09:22] [main/DEBUG]: Skipping Lnet/minecraft/network/chat/RemoteChatSession$Data;
[23:09:22] [main/DEBUG]: Skipping Lnet/minecraft/network/chat/PlayerChatMessage;
[23:09:22] [main/DEBUG]: Skipping Lnet/minecraft/network/chat/OutgoingChatMessage;
[23:09:22] [main/DEBUG]: Skipping Lnet/minecraft/network/chat/OutgoingChatMessage$Player;
[23:09:22] [main/DEBUG]: Skipping Lnet/minecraft/network/chat/OutgoingChatMessage$Disguised;
[23:09:22] [main/DEBUG]: Skipping Lnet/minecraft/network/chat/MutableComponent;
[23:09:22] [main/DEBUG]: Skipping Lnet/minecraft/network/chat/MessageSignatureCache;
[23:09:22] [main/DEBUG]: Skipping Lnet/minecraft/network/chat/MessageSignature;
[23:09:22] [main/DEBUG]: Skipping Lnet/minecraft/network/chat/MessageSignature$Packed;
[23:09:22] [main/DEBUG]: Skipping Lnet/minecraft/network/chat/LocalChatSession;
[23:09:22] [main/DEBUG]: Skipping Lnet/minecraft/network/chat/LastSeenTrackedEntry;
[23:09:22] [main/DEBUG]: Skipping Lnet/minecraft/network/chat/LastSeenMessagesValidator;
[23:09:22] [main/DEBUG]: Skipping Lnet/minecraft/network/chat/LastSeenMessagesTracker;
[23:09:22] [main/DEBUG]: Skipping Lnet/minecraft/network/chat/LastSeenMessagesTracker$Update;
[23:09:22] [main/DEBUG]: Skipping Lnet/minecraft/network/chat/LastSeenMessages;
[23:09:22] [main/DEBUG]: Skipping Lnet/minecraft/network/chat/LastSeenMessages$Update;
[23:09:22] [main/DEBUG]: Skipping Lnet/minecraft/network/chat/LastSeenMessages$Packed;
[23:09:22] [main/DEBUG]: Skipping Lnet/minecraft/network/chat/HoverEvent;
[23:09:22] [main/DEBUG]: Skipping Lnet/minecraft/network/chat/HoverEvent$TypedHoverEvent;
[23:09:22] [main/DEBUG]: Skipping Lnet/minecraft/network/chat/HoverEvent$LegacyConverter;
[23:09:22] [main/DEBUG]: Skipping Lnet/minecraft/network/chat/HoverEvent$ItemStackInfo;
[23:09:22] [main/DEBUG]: Skipping Lnet/minecraft/network/chat/HoverEvent$EntityTooltipInfo;
[23:09:22] [main/DEBUG]: Skipping Lnet/minecraft/network/chat/HoverEvent$Action;
[23:09:22] [main/DEBUG]: Skipping Lnet/minecraft/network/chat/HoverEvent$Action$1;
[23:09:22] [main/DEBUG]: Skipping Lnet/minecraft/network/chat/FormattedText;
[23:09:22] [main/DEBUG]: Skipping Lnet/minecraft/network/chat/FormattedText$StyledContentConsumer;
[23:09:22] [main/DEBUG]: Skipping Lnet/minecraft/network/chat/FormattedText$ContentConsumer;
[23:09:22] [main/DEBUG]: Skipping Lnet/minecraft/network/chat/FormattedText$4;
[23:09:22] [main/DEBUG]: Skipping Lnet/minecraft/network/chat/FormattedText$3;
[23:09:22] [main/DEBUG]: Skipping Lnet/minecraft/network/chat/FormattedText$2;
[23:09:22] [main/DEBUG]: Skipping Lnet/minecraft/network/chat/FormattedText$1;
[23:09:22] [main/DEBUG]: Skipping Lnet/minecraft/network/chat/FilterMask;
[23:09:22] [main/DEBUG]: Skipping Lnet/minecraft/network/chat/FilterMask$Type;
[23:09:22] [main/DEBUG]: Skipping Lnet/minecraft/network/chat/ComponentUtils;
[23:09:22] [main/DEBUG]: Skipping Lnet/minecraft/network/chat/ComponentSerialization;
[23:09:22] [main/DEBUG]: Skipping Lnet/minecraft/network/chat/ComponentSerialization$StrictEither;
[23:09:22] [main/DEBUG]: Skipping Lnet/minecraft/network/chat/ComponentSerialization$FuzzyCodec;
[23:09:22] [main/DEBUG]: Skipping Lnet/minecraft/network/chat/ComponentSerialization$1;
[23:09:22] [main/DEBUG]: Skipping Lnet/minecraft/network/chat/ComponentContents;
[23:09:22] [main/DEBUG]: Skipping Lnet/minecraft/network/chat/ComponentContents$Type;
[23:09:22] [main/DEBUG]: Skipping Lnet/minecraft/network/chat/Component;
[23:09:22] [main/DEBUG]: Skipping Lnet/minecraft/network/chat/Component$SerializerAdapter;
[23:09:22] [main/DEBUG]: Skipping Lnet/minecraft/network/chat/Component$Serializer;
[23:09:22] [main/DEBUG]: Skipping Lnet/minecraft/network/chat/CommonComponents;
[23:09:22] [main/DEBUG]: Skipping Lnet/minecraft/network/chat/ClickEvent;
[23:09:22] [main/DEBUG]: Skipping Lnet/minecraft/network/chat/ClickEvent$Action;
[23:09:22] [main/DEBUG]: Skipping Lnet/minecraft/network/chat/ChatTypeDecoration;
[23:09:22] [main/DEBUG]: Skipping Lnet/minecraft/network/chat/ChatTypeDecoration$Parameter;
[23:09:22] [main/DEBUG]: Skipping Lnet/minecraft/network/chat/ChatTypeDecoration$Parameter$Selector;
[23:09:22] [main/DEBUG]: Skipping Lnet/minecraft/network/chat/ChatType;
[23:09:22] [main/DEBUG]: Skipping Lnet/minecraft/network/chat/ChatType$Bound;
[23:09:22] [main/DEBUG]: Skipping Lnet/minecraft/network/chat/ChatDecorator;
[23:09:22] [main/DEBUG]: Skipping Lnet/minecraft/network/Varint21LengthFieldPrepender;
[23:09:22] [main/DEBUG]: Skipping Lnet/minecraft/network/Varint21FrameDecoder;
[23:09:22] [main/DEBUG]: Skipping Lnet/minecraft/network/VarLong;
[23:09:22] [main/DEBUG]: Skipping Lnet/minecraft/network/VarInt;
[23:09:22] [main/DEBUG]: Skipping Lnet/minecraft/network/Utf8String;
[23:09:22] [main/DEBUG]: Skipping Lnet/minecraft/network/UnconfiguredPipelineHandler;
[23:09:22] [main/DEBUG]: Skipping Lnet/minecraft/network/UnconfiguredPipelineHandler$OutboundConfigurationTask;
[23:09:22] [main/DEBUG]: Skipping Lnet/minecraft/network/UnconfiguredPipelineHandler$Outbound;
[23:09:22] [main/DEBUG]: Skipping Lnet/minecraft/network/UnconfiguredPipelineHandler$InboundConfigurationTask;
[23:09:22] [main/DEBUG]: Skipping Lnet/minecraft/network/UnconfiguredPipelineHandler$Inbound;
[23:09:22] [main/DEBUG]: Skipping Lnet/minecraft/network/TickablePacketListener;
[23:09:22] [main/DEBUG]: Skipping Lnet/minecraft/network/SkipPacketException;
[23:09:22] [main/DEBUG]: Skipping Lnet/minecraft/network/ServerboundPacketListener;
[23:09:22] [main/DEBUG]: Skipping Lnet/minecraft/network/RateKickingConnection;
[23:09:22] [main/DEBUG]: Skipping Lnet/minecraft/network/ProtocolSwapHandler;
[23:09:22] [main/DEBUG]: Skipping Lnet/minecraft/network/ProtocolInfo;
[23:09:22] [main/DEBUG]: Skipping Lnet/minecraft/network/ProtocolInfo$Unbound;
[23:09:22] [main/DEBUG]: Skipping Lnet/minecraft/network/ProtocolInfo$Unbound$PacketVisitor;
[23:09:22] [main/DEBUG]: Skipping Lnet/minecraft/network/PacketSendListener;
[23:09:22] [main/DEBUG]: Skipping Lnet/minecraft/network/PacketSendListener$2;
[23:09:22] [main/DEBUG]: Skipping Lnet/minecraft/network/PacketSendListener$1;
[23:09:22] [main/DEBUG]: Skipping Lnet/minecraft/network/PacketListener;
[23:09:22] [main/DEBUG]: Skipping Lnet/minecraft/network/PacketEncoder;
[23:09:22] [main/DEBUG]: Skipping Lnet/minecraft/network/PacketDecoder;
[23:09:22] [main/DEBUG]: Skipping Lnet/minecraft/network/PacketBundleUnpacker;
[23:09:22] [main/DEBUG]: Skipping Lnet/minecraft/network/PacketBundlePacker;
[23:09:22] [main/DEBUG]: Skipping Lnet/minecraft/network/NoOpFrameEncoder;
[23:09:22] [main/DEBUG]: Skipping Lnet/minecraft/network/NoOpFrameDecoder;
[23:09:22] [main/DEBUG]: Skipping Lnet/minecraft/network/MonitorFrameDecoder;
[23:09:22] [main/DEBUG]: Skipping Lnet/minecraft/network/HandlerNames;
[23:09:22] [main/DEBUG]: Skipping Lnet/minecraft/network/DisconnectionDetails;
[23:09:22] [main/DEBUG]: Skipping Lnet/minecraft/network/ConnectionProtocol;
[23:09:22] [main/DEBUG]: Skipping Lnet/minecraft/network/CompressionDecoder;
[23:09:22] [main/DEBUG]: Skipping Lnet/minecraft/network/ClientboundPacketListener;
[23:09:22] [main/DEBUG]: Skipping Lnet/minecraft/network/CipherEncoder;
[23:09:22] [main/DEBUG]: Skipping Lnet/minecraft/network/CipherDecoder;
[23:09:22] [main/DEBUG]: Skipping Lnet/minecraft/network/CipherBase;
[23:09:22] [main/DEBUG]: Skipping Lnet/minecraft/network/BandwidthDebugMonitor;
[23:09:22] [main/DEBUG]: Skipping Lnet/minecraft/network/RegistryFriendlyByteBuf;
[23:09:22] [main/DEBUG]: Skipping Lnet/minecraft/network/FriendlyByteBuf;
[23:09:22] [main/DEBUG]: Skipping Lnet/minecraft/network/Connection;
[23:09:22] [main/DEBUG]: Skipping Lnet/minecraft/network/Connection$3;
[23:09:22] [main/DEBUG]: Skipping Lnet/minecraft/network/Connection$2;
[23:09:22] [main/DEBUG]: Skipping Lnet/minecraft/network/Connection$1;
[23:09:22] [main/DEBUG]: Skipping Lnet/minecraft/network/CompressionEncoder;
[23:09:22] [main/DEBUG]: Skipping Lnet/minecraft/nbt/visitors/package-info;
[23:09:22] [main/DEBUG]: Skipping Lnet/minecraft/nbt/visitors/SkipFields;
[23:09:22] [main/DEBUG]: Skipping Lnet/minecraft/nbt/visitors/SkipAll;
[23:09:22] [main/DEBUG]: Skipping Lnet/minecraft/nbt/visitors/SkipAll$1;
[23:09:22] [main/DEBUG]: Skipping Lnet/minecraft/nbt/visitors/FieldTree;
[23:09:22] [main/DEBUG]: Skipping Lnet/minecraft/nbt/visitors/FieldSelector;
[23:09:22] [main/DEBUG]: Skipping Lnet/minecraft/nbt/visitors/CollectToTag;
[23:09:22] [main/DEBUG]: Skipping Lnet/minecraft/nbt/visitors/CollectFields;
[23:09:22] [main/DEBUG]: Skipping Lnet/minecraft/nbt/package-info;
[23:09:22] [main/DEBUG]: Skipping Lnet/minecraft/nbt/TextComponentTagVisitor;
[23:09:22] [main/DEBUG]: Skipping Lnet/minecraft/nbt/TagVisitor;
[23:09:22] [main/DEBUG]: Skipping Lnet/minecraft/nbt/TagTypes;
[23:09:22] [main/DEBUG]: Skipping Lnet/minecraft/nbt/TagType;
[23:09:22] [main/DEBUG]: Skipping Lnet/minecraft/nbt/TagType$VariableSize;
[23:09:22] [main/DEBUG]: Skipping Lnet/minecraft/nbt/TagType$StaticSize;
[23:09:22] [main/DEBUG]: Skipping Lnet/minecraft/nbt/TagType$2;
[23:09:22] [main/DEBUG]: Skipping Lnet/minecraft/nbt/TagType$1;
[23:09:22] [main/DEBUG]: Skipping Lnet/minecraft/nbt/TagParser;
[23:09:22] [main/DEBUG]: Skipping Lnet/minecraft/nbt/Tag;
[23:09:22] [main/DEBUG]: Skipping Lnet/minecraft/nbt/StringTagVisitor;
[23:09:22] [main/DEBUG]: Skipping Lnet/minecraft/nbt/StringTag;
[23:09:22] [main/DEBUG]: Skipping Lnet/minecraft/nbt/StringTag$1;
[23:09:22] [main/DEBUG]: Skipping Lnet/minecraft/nbt/StreamTagVisitor;
[23:09:22] [main/DEBUG]: Skipping Lnet/minecraft/nbt/StreamTagVisitor$ValueResult;
[23:09:22] [main/DEBUG]: Skipping Lnet/minecraft/nbt/StreamTagVisitor$EntryResult;
[23:09:22] [main/DEBUG]: Skipping Lnet/minecraft/nbt/SnbtPrinterTagVisitor;
[23:09:22] [main/DEBUG]: Skipping Lnet/minecraft/nbt/ShortTag;
[23:09:22] [main/DEBUG]: Skipping Lnet/minecraft/nbt/ShortTag$Cache;
[23:09:22] [main/DEBUG]: Skipping Lnet/minecraft/nbt/ShortTag$1;
[23:09:22] [main/DEBUG]: Skipping Lnet/minecraft/nbt/ReportedNbtException;
[23:09:22] [main/DEBUG]: Skipping Lnet/minecraft/nbt/NumericTag;
[23:09:22] [main/DEBUG]: Skipping Lnet/minecraft/nbt/NbtUtils;
[23:09:22] [main/DEBUG]: Skipping Lnet/minecraft/nbt/NbtOps;
[23:09:22] [main/DEBUG]: Skipping Lnet/minecraft/nbt/NbtOps$NbtRecordBuilder;
[23:09:22] [main/DEBUG]: Skipping Lnet/minecraft/nbt/NbtOps$LongListCollector;
[23:09:22] [main/DEBUG]: Skipping Lnet/minecraft/nbt/NbtOps$ListCollector;
[23:09:22] [main/DEBUG]: Skipping Lnet/minecraft/nbt/NbtOps$IntListCollector;
[23:09:22] [main/DEBUG]: Skipping Lnet/minecraft/nbt/NbtOps$InitialListCollector;
[23:09:22] [main/DEBUG]: Skipping Lnet/minecraft/nbt/NbtOps$HomogenousListCollector;
[23:09:22] [main/DEBUG]: Skipping Lnet/minecraft/nbt/NbtOps$HeterogenousListCollector;
[23:09:22] [main/DEBUG]: Skipping Lnet/minecraft/nbt/NbtOps$ByteListCollector;
[23:09:22] [main/DEBUG]: Skipping Lnet/minecraft/nbt/NbtOps$1;
[23:09:22] [main/DEBUG]: Skipping Lnet/minecraft/nbt/NbtIo;
[23:09:22] [main/DEBUG]: Skipping Lnet/minecraft/nbt/NbtIo$StringFallbackDataOutput;
[23:09:22] [main/DEBUG]: Skipping Lnet/minecraft/nbt/NbtIo$1;
[23:09:22] [main/DEBUG]: Skipping Lnet/minecraft/nbt/NbtFormatException;
[23:09:22] [main/DEBUG]: Skipping Lnet/minecraft/nbt/NbtException;
[23:09:22] [main/DEBUG]: Skipping Lnet/minecraft/nbt/NbtAccounterException;
[23:09:22] [main/DEBUG]: Skipping Lnet/minecraft/nbt/NbtAccounter;
[23:09:22] [main/DEBUG]: Skipping Lnet/minecraft/nbt/LongTag;
[23:09:22] [main/DEBUG]: Skipping Lnet/minecraft/nbt/LongTag$Cache;
[23:09:22] [main/DEBUG]: Skipping Lnet/minecraft/nbt/LongTag$1;
[23:09:22] [main/DEBUG]: Skipping Lnet/minecraft/nbt/LongArrayTag;
[23:09:22] [main/DEBUG]: Skipping Lnet/minecraft/nbt/LongArrayTag$1;
[23:09:22] [main/DEBUG]: Skipping Lnet/minecraft/nbt/ListTag;
[23:09:22] [main/DEBUG]: Skipping Lnet/minecraft/nbt/ListTag$2;
[23:09:22] [main/DEBUG]: Skipping Lnet/minecraft/nbt/ListTag$1;
[23:09:22] [main/DEBUG]: Skipping Lnet/minecraft/nbt/IntTag;
[23:09:22] [main/DEBUG]: Skipping Lnet/minecraft/nbt/IntTag$Cache;
[23:09:22] [main/DEBUG]: Skipping Lnet/minecraft/nbt/IntTag$1;
[23:09:22] [main/DEBUG]: Skipping Lnet/minecraft/nbt/IntArrayTag;
[23:09:22] [main/DEBUG]: Skipping Lnet/minecraft/nbt/IntArrayTag$1;
[23:09:22] [main/DEBUG]: Skipping Lnet/minecraft/nbt/FloatTag;
[23:09:22] [main/DEBUG]: Skipping Lnet/minecraft/nbt/FloatTag$1;
[23:09:22] [main/DEBUG]: Skipping Lnet/minecraft/nbt/EndTag;
[23:09:22] [main/DEBUG]: Skipping Lnet/minecraft/nbt/EndTag$1;
[23:09:22] [main/DEBUG]: Skipping Lnet/minecraft/nbt/DoubleTag;
[23:09:22] [main/DEBUG]: Skipping Lnet/minecraft/nbt/DoubleTag$1;
[23:09:22] [main/DEBUG]: Skipping Lnet/minecraft/nbt/CollectionTag;
[23:09:22] [main/DEBUG]: Skipping Lnet/minecraft/nbt/ByteTag;
[23:09:22] [main/DEBUG]: Skipping Lnet/minecraft/nbt/ByteTag$Cache;
[23:09:22] [main/DEBUG]: Skipping Lnet/minecraft/nbt/ByteTag$1;
[23:09:22] [main/DEBUG]: Skipping Lnet/minecraft/nbt/ByteArrayTag;
[23:09:22] [main/DEBUG]: Skipping Lnet/minecraft/nbt/ByteArrayTag$1;
[23:09:22] [main/DEBUG]: Skipping Lnet/minecraft/nbt/CompoundTag$3;
[23:09:22] [main/DEBUG]: Skipping Lnet/minecraft/nbt/CompoundTag;
[23:09:22] [main/DEBUG]: Skipping Lnet/minecraft/nbt/CompoundTag$2;
[23:09:22] [main/DEBUG]: Skipping Lnet/minecraft/nbt/CompoundTag$1;
[23:09:22] [main/DEBUG]: Skipping Lnet/minecraft/locale/package-info;
[23:09:22] [main/DEBUG]: Skipping Lnet/minecraft/locale/Language;
[23:09:22] [main/DEBUG]: Skipping Lnet/minecraft/locale/Language$1;
[23:09:22] [main/DEBUG]: Skipping Lnet/minecraft/gametest/framework/package-info;
[23:09:22] [main/DEBUG]: Skipping Lnet/minecraft/gametest/framework/TestReporter;
[23:09:22] [main/DEBUG]: Skipping Lnet/minecraft/gametest/framework/TestFunctionFinder;
[23:09:22] [main/DEBUG]: Skipping Lnet/minecraft/gametest/framework/TestFunctionArgument;
[23:09:22] [main/DEBUG]: Skipping Lnet/minecraft/gametest/framework/TestFunction;
[23:09:22] [main/DEBUG]: Skipping Lnet/minecraft/gametest/framework/TestFinder;
[23:09:22] [main/DEBUG]: Skipping Lnet/minecraft/gametest/framework/TestFinder$Builder;
[23:09:22] [main/DEBUG]: Skipping Lnet/minecraft/gametest/framework/TestClassNameArgument;
[23:09:22] [main/DEBUG]: Skipping Lnet/minecraft/gametest/framework/StructureGridSpawner;
[23:09:22] [main/DEBUG]: Skipping Lnet/minecraft/gametest/framework/StructureBlockPosFinder;
[23:09:22] [main/DEBUG]: Skipping Lnet/minecraft/gametest/framework/RetryOptions;
[23:09:22] [main/DEBUG]: Skipping Lnet/minecraft/gametest/framework/MultipleTestTracker;
[23:09:22] [main/DEBUG]: Skipping Lnet/minecraft/gametest/framework/MultipleTestTracker$1;
[23:09:22] [main/DEBUG]: Skipping Lnet/minecraft/gametest/framework/LogTestReporter;
[23:09:22] [main/DEBUG]: Skipping Lnet/minecraft/gametest/framework/JUnitLikeTestReporter;
[23:09:22] [main/DEBUG]: Skipping Lnet/minecraft/gametest/framework/GlobalTestReporter;
[23:09:22] [main/DEBUG]: Skipping Lnet/minecraft/gametest/framework/GameTestTimeoutException;
[23:09:22] [main/DEBUG]: Skipping Lnet/minecraft/gametest/framework/GameTestTicker;
[23:09:22] [main/DEBUG]: Skipping Lnet/minecraft/gametest/framework/GameTestSequence;
[23:09:22] [main/DEBUG]: Skipping Lnet/minecraft/gametest/framework/GameTestSequence$Condition;
[23:09:22] [main/DEBUG]: Skipping Lnet/minecraft/gametest/framework/GameTestRunner;
[23:09:22] [main/DEBUG]: Skipping Lnet/minecraft/gametest/framework/GameTestRunner$StructureSpawner;
[23:09:22] [main/DEBUG]: Skipping Lnet/minecraft/gametest/framework/GameTestRunner$GameTestBatcher;
[23:09:22] [main/DEBUG]: Skipping Lnet/minecraft/gametest/framework/GameTestRunner$Builder;
[23:09:22] [main/DEBUG]: Skipping Lnet/minecraft/gametest/framework/GameTestRunner$1;
[23:09:22] [main/DEBUG]: Skipping Lnet/minecraft/gametest/framework/GameTestListener;
[23:09:22] [main/DEBUG]: Skipping Lnet/minecraft/gametest/framework/GameTestGenerator;
[23:09:22] [main/DEBUG]: Skipping Lnet/minecraft/gametest/framework/GameTestEvent;
[23:09:22] [main/DEBUG]: Skipping Lnet/minecraft/gametest/framework/GameTestBatchListener;
[23:09:22] [main/DEBUG]: Skipping Lnet/minecraft/gametest/framework/GameTestBatchFactory;
[23:09:22] [main/DEBUG]: Skipping Lnet/minecraft/gametest/framework/GameTestBatch;
[23:09:22] [main/DEBUG]: Skipping Lnet/minecraft/gametest/framework/GameTestAssertPosException;
[23:09:22] [main/DEBUG]: Skipping Lnet/minecraft/gametest/framework/GameTestAssertException;
[23:09:22] [main/DEBUG]: Skipping Lnet/minecraft/gametest/framework/GameTest;
[23:09:22] [main/DEBUG]: Skipping Lnet/minecraft/gametest/framework/ExhaustedAttemptsException;
[23:09:22] [main/DEBUG]: Skipping Lnet/minecraft/gametest/framework/BeforeBatch;
[23:09:22] [main/DEBUG]: Skipping Lnet/minecraft/gametest/framework/AfterBatch;
[23:09:22] [main/DEBUG]: Skipping Lnet/minecraft/gametest/framework/GameTestHelper$3;
[23:09:22] [main/DEBUG]: Skipping Lnet/minecraft/gametest/framework/TestCommand;
[23:09:22] [main/DEBUG]: Skipping Lnet/minecraft/gametest/framework/TestCommand$TestSummaryDisplayer;
[23:09:22] [main/DEBUG]: Skipping Lnet/minecraft/gametest/framework/TestCommand$TestBatchSummaryDisplayer;
[23:09:22] [main/DEBUG]: Skipping Lnet/minecraft/gametest/framework/TestCommand$Runner;
[23:09:22] [main/DEBUG]: Skipping Lnet/minecraft/gametest/framework/StructureUtils;
[23:09:22] [main/DEBUG]: Skipping Lnet/minecraft/gametest/framework/StructureUtils$1;
[23:09:22] [main/DEBUG]: Skipping Lnet/minecraft/gametest/framework/ReportGameListener;
[23:09:22] [main/DEBUG]: Transforming class Lnet/minecraft/gametest/framework/GameTestServer;
[23:09:22] [main/DEBUG]: Transforming net/minecraft/gametest/framework/GameTestServer METHOD <init>(Ljava/lang/Thread;Lnet/minecraft/world/level/storage/LevelStorageSource$LevelStorageAccess;Lnet/minecraft/server/packs/repository/PackRepository;Lnet/minecraft/server/WorldStem;Ljava/util/Collection;Lnet/minecraft/core/BlockPos;)V to access PUBLIC and LEAVE
[23:09:22] [main/DEBUG]: Skipping Lnet/minecraft/gametest/framework/GameTestServer$1;
[23:09:22] [main/DEBUG]: Skipping Lnet/minecraft/gametest/framework/GameTestRegistry;
[23:09:22] [main/DEBUG]: Skipping Lnet/minecraft/gametest/framework/GameTestInfo;
[23:09:22] [main/DEBUG]: Skipping Lnet/minecraft/gametest/framework/GameTestHelper;
[23:09:22] [main/DEBUG]: Skipping Lnet/minecraft/gametest/framework/GameTestHelper$2;
[23:09:22] [main/DEBUG]: Skipping Lnet/minecraft/gametest/framework/GameTestHelper$1;
[23:09:22] [main/DEBUG]: Skipping Lnet/minecraft/data/worldgen/placement/package-info;
[23:09:22] [main/DEBUG]: Skipping Lnet/minecraft/data/worldgen/placement/VillagePlacements;
[23:09:22] [main/DEBUG]: Skipping Lnet/minecraft/data/worldgen/placement/VegetationPlacements;
[23:09:23] [main/DEBUG]: Skipping Lnet/minecraft/data/worldgen/placement/TreePlacements;
[23:09:23] [main/DEBUG]: Skipping Lnet/minecraft/data/worldgen/placement/PlacementUtils;
[23:09:23] [main/DEBUG]: Skipping Lnet/minecraft/data/worldgen/placement/OrePlacements;
[23:09:23] [main/DEBUG]: Skipping Lnet/minecraft/data/worldgen/placement/NetherPlacements;
[23:09:23] [main/DEBUG]: Skipping Lnet/minecraft/data/worldgen/placement/MiscOverworldPlacements;
[23:09:23] [main/DEBUG]: Skipping Lnet/minecraft/data/worldgen/placement/EndPlacements;
[23:09:23] [main/DEBUG]: Skipping Lnet/minecraft/data/worldgen/placement/CavePlacements;
[23:09:23] [main/DEBUG]: Skipping Lnet/minecraft/data/worldgen/placement/AquaticPlacements;
[23:09:23] [main/DEBUG]: Skipping Lnet/minecraft/data/worldgen/package-info;
[23:09:23] [main/DEBUG]: Skipping Lnet/minecraft/data/worldgen/features/package-info;
[23:09:23] [main/DEBUG]: Skipping Lnet/minecraft/data/worldgen/features/VegetationFeatures;
[23:09:23] [main/DEBUG]: Skipping Lnet/minecraft/data/worldgen/features/TreeFeatures;
[23:09:23] [main/DEBUG]: Skipping Lnet/minecraft/data/worldgen/features/PileFeatures;
[23:09:23] [main/DEBUG]: Skipping Lnet/minecraft/data/worldgen/features/OreFeatures;
[23:09:23] [main/DEBUG]: Skipping Lnet/minecraft/data/worldgen/features/NetherFeatures;
[23:09:23] [main/DEBUG]: Skipping Lnet/minecraft/data/worldgen/features/MiscOverworldFeatures;
[23:09:23] [main/DEBUG]: Skipping Lnet/minecraft/data/worldgen/features/FeatureUtils;
[23:09:23] [main/DEBUG]: Skipping Lnet/minecraft/data/worldgen/features/EndFeatures;
[23:09:23] [main/DEBUG]: Skipping Lnet/minecraft/data/worldgen/features/CaveFeatures;
[23:09:23] [main/DEBUG]: Skipping Lnet/minecraft/data/worldgen/features/AquaticFeatures;
[23:09:23] [main/DEBUG]: Skipping Lnet/minecraft/data/worldgen/biome/package-info;
[23:09:23] [main/DEBUG]: Skipping Lnet/minecraft/data/worldgen/biome/OverworldBiomes;
[23:09:23] [main/DEBUG]: Skipping Lnet/minecraft/data/worldgen/biome/NetherBiomes;
[23:09:23] [main/DEBUG]: Skipping Lnet/minecraft/data/worldgen/biome/EndBiomes;
[23:09:23] [main/DEBUG]: Skipping Lnet/minecraft/data/worldgen/biome/BiomeData;
[23:09:23] [main/DEBUG]: Skipping Lnet/minecraft/data/worldgen/VillagePools;
[23:09:23] [main/DEBUG]: Skipping Lnet/minecraft/data/worldgen/TrialChambersStructurePools;
[23:09:23] [main/DEBUG]: Skipping Lnet/minecraft/data/worldgen/TrailRuinsStructurePools;
[23:09:23] [main/DEBUG]: Skipping Lnet/minecraft/data/worldgen/TerrainProvider;
[23:09:23] [main/DEBUG]: Skipping Lnet/minecraft/data/worldgen/TaigaVillagePools;
[23:09:23] [main/DEBUG]: Skipping Lnet/minecraft/data/worldgen/SurfaceRuleData;
[23:09:23] [main/DEBUG]: Skipping Lnet/minecraft/data/worldgen/Structures;
[23:09:23] [main/DEBUG]: Skipping Lnet/minecraft/data/worldgen/StructureSets;
[23:09:23] [main/DEBUG]: Skipping Lnet/minecraft/data/worldgen/SnowyVillagePools;
[23:09:23] [main/DEBUG]: Skipping Lnet/minecraft/data/worldgen/SavannaVillagePools;
[23:09:23] [main/DEBUG]: Skipping Lnet/minecraft/data/worldgen/ProcessorLists;
[23:09:23] [main/DEBUG]: Skipping Lnet/minecraft/data/worldgen/Pools;
[23:09:23] [main/DEBUG]: Skipping Lnet/minecraft/data/worldgen/PlainVillagePools;
[23:09:23] [main/DEBUG]: Skipping Lnet/minecraft/data/worldgen/PillagerOutpostPools;
[23:09:23] [main/DEBUG]: Skipping Lnet/minecraft/data/worldgen/NoiseData;
[23:09:23] [main/DEBUG]: Skipping Lnet/minecraft/data/worldgen/DimensionTypes;
[23:09:23] [main/DEBUG]: Skipping Lnet/minecraft/data/worldgen/DesertVillagePools;
[23:09:23] [main/DEBUG]: Skipping Lnet/minecraft/data/worldgen/Carvers;
[23:09:23] [main/DEBUG]: Skipping Lnet/minecraft/data/worldgen/BiomeDefaultFeatures;
[23:09:23] [main/DEBUG]: Skipping Lnet/minecraft/data/worldgen/BastionTreasureRoomPools;
[23:09:23] [main/DEBUG]: Skipping Lnet/minecraft/data/worldgen/BastionSharedPools;
[23:09:23] [main/DEBUG]: Skipping Lnet/minecraft/data/worldgen/BastionPieces;
[23:09:23] [main/DEBUG]: Skipping Lnet/minecraft/data/worldgen/BastionHousingUnitsPools;
[23:09:23] [main/DEBUG]: Skipping Lnet/minecraft/data/worldgen/BastionHoglinStablePools;
[23:09:23] [main/DEBUG]: Skipping Lnet/minecraft/data/worldgen/BastionBridgePools;
[23:09:23] [main/DEBUG]: Skipping Lnet/minecraft/data/worldgen/AncientCityStructurePools;
[23:09:23] [main/DEBUG]: Skipping Lnet/minecraft/data/worldgen/AncientCityStructurePieces;
[23:09:23] [main/DEBUG]: Skipping Lnet/minecraft/data/worldgen/BootstrapContext;
[23:09:23] [main/DEBUG]: Skipping Lnet/minecraft/data/tags/package-info;
[23:09:23] [main/DEBUG]: Skipping Lnet/minecraft/data/tags/VanillaItemTagsProvider;
[23:09:23] [main/DEBUG]: Skipping Lnet/minecraft/data/tags/VanillaEnchantmentTagsProvider;
[23:09:23] [main/DEBUG]: Skipping Lnet/minecraft/data/tags/VanillaBlockTagsProvider;
[23:09:23] [main/DEBUG]: Skipping Lnet/minecraft/data/tags/TradeRebalanceStructureTagsProvider;
[23:09:23] [main/DEBUG]: Skipping Lnet/minecraft/data/tags/TradeRebalanceEnchantmentTagsProvider;
[23:09:23] [main/DEBUG]: Skipping Lnet/minecraft/data/tags/EnchantmentTagsProvider;
[23:09:23] [main/DEBUG]: Skipping Lnet/minecraft/data/tags/WorldPresetTagsProvider;
[23:09:23] [main/DEBUG]: Transforming class Lnet/minecraft/data/tags/TagsProvider;
[23:09:23] [main/DEBUG]: Transforming net/minecraft/data/tags/TagsProvider INNERCLASS TagAppender to access PUBLIC and LEAVE
[23:09:23] [main/DEBUG]: Transforming net/minecraft/data/tags/TagsProvider FIELD f_126543_ to access PROTECTED and LEAVE
[23:09:23] [main/DEBUG]: Transforming net/minecraft/data/tags/TagsProvider METHOD m_6055_()Ljava/lang/String; to access PUBLIC and REMOVEFINAL
[23:09:23] [main/DEBUG]: Skipping Lnet/minecraft/data/tags/TagsProvider$TagLookup;
[23:09:23] [main/DEBUG]: Transforming class Lnet/minecraft/data/tags/TagsProvider$TagAppender;
[23:09:23] [main/DEBUG]: Transforming net/minecraft/data/tags/TagsProvider$TagAppender CLASS to access PUBLIC and LEAVE
[23:09:23] [main/DEBUG]: Skipping Lnet/minecraft/data/tags/TagsProvider$1CombinedData;
[23:09:23] [main/DEBUG]: Skipping Lnet/minecraft/data/tags/StructureTagsProvider;
[23:09:23] [main/DEBUG]: Skipping Lnet/minecraft/data/tags/PoiTypeTagsProvider;
[23:09:23] [main/DEBUG]: Skipping Lnet/minecraft/data/tags/PaintingVariantTagsProvider;
[23:09:23] [main/DEBUG]: Skipping Lnet/minecraft/data/tags/ItemTagsProvider;
[23:09:23] [main/DEBUG]: Transforming class Lnet/minecraft/data/tags/IntrinsicHolderTagsProvider;
[23:09:23] [main/DEBUG]: Transforming net/minecraft/data/tags/IntrinsicHolderTagsProvider INNERCLASS IntrinsicTagAppender to access PUBLIC and LEAVE
[23:09:23] [main/DEBUG]: Transforming class Lnet/minecraft/data/tags/IntrinsicHolderTagsProvider$IntrinsicTagAppender;
[23:09:23] [main/DEBUG]: Transforming net/minecraft/data/tags/IntrinsicHolderTagsProvider$IntrinsicTagAppender CLASS to access PUBLIC and LEAVE
[23:09:23] [main/DEBUG]: Skipping Lnet/minecraft/data/tags/InstrumentTagsProvider;
[23:09:23] [main/DEBUG]: Skipping Lnet/minecraft/data/tags/GameEventTagsProvider;
[23:09:23] [main/DEBUG]: Skipping Lnet/minecraft/data/tags/FluidTagsProvider;
[23:09:23] [main/DEBUG]: Skipping Lnet/minecraft/data/tags/FlatLevelGeneratorPresetTagsProvider;
[23:09:23] [main/DEBUG]: Skipping Lnet/minecraft/data/tags/EntityTypeTagsProvider;
[23:09:23] [main/DEBUG]: Skipping Lnet/minecraft/data/tags/DamageTypeTagsProvider;
[23:09:23] [main/DEBUG]: Skipping Lnet/minecraft/data/tags/CatVariantTagsProvider;
[23:09:23] [main/DEBUG]: Skipping Lnet/minecraft/data/tags/BiomeTagsProvider;
[23:09:23] [main/DEBUG]: Skipping Lnet/minecraft/data/tags/BannerPatternTagsProvider;
[23:09:23] [main/DEBUG]: Skipping Lnet/minecraft/data/structures/package-info;
[23:09:23] [main/DEBUG]: Skipping Lnet/minecraft/data/structures/StructureUpdater;
[23:09:23] [main/DEBUG]: Skipping Lnet/minecraft/data/structures/SnbtToNbt;
[23:09:23] [main/DEBUG]: Skipping Lnet/minecraft/data/structures/SnbtToNbt$TaskResult;
[23:09:23] [main/DEBUG]: Skipping Lnet/minecraft/data/structures/SnbtToNbt$StructureConversionException;
[23:09:23] [main/DEBUG]: Skipping Lnet/minecraft/data/structures/SnbtToNbt$Filter;
[23:09:23] [main/DEBUG]: Skipping Lnet/minecraft/data/structures/SnbtDatafixer;
[23:09:23] [main/DEBUG]: Skipping Lnet/minecraft/data/structures/NbtToSnbt;
[23:09:23] [main/DEBUG]: Skipping Lnet/minecraft/data/registries/package-info;
[23:09:23] [main/DEBUG]: Skipping Lnet/minecraft/data/registries/TradeRebalanceRegistries;
[23:09:23] [main/DEBUG]: Skipping Lnet/minecraft/data/registries/VanillaRegistries;
[23:09:23] [main/DEBUG]: Skipping Lnet/minecraft/data/registries/RegistryPatchGenerator;
[23:09:23] [main/DEBUG]: Transforming class Lnet/minecraft/data/registries/RegistriesDatapackGenerator;
[23:09:23] [main/DEBUG]: Transforming net/minecraft/data/registries/RegistriesDatapackGenerator METHOD m_6055_()Ljava/lang/String; to access PUBLIC and REMOVEFINAL
[23:09:23] [main/DEBUG]: Skipping Lnet/minecraft/data/recipes/packs/package-info;
[23:09:23] [main/DEBUG]: Transforming class Lnet/minecraft/data/recipes/packs/VanillaRecipeProvider;
[23:09:23] [main/DEBUG]: Transforming net/minecraft/data/recipes/packs/VanillaRecipeProvider FIELD f_243671_ to access PUBLIC and LEAVE
[23:09:23] [main/DEBUG]: Transforming net/minecraft/data/recipes/packs/VanillaRecipeProvider FIELD f_243779_ to access PUBLIC and LEAVE
[23:09:23] [main/DEBUG]: Transforming net/minecraft/data/recipes/packs/VanillaRecipeProvider FIELD f_243908_ to access PUBLIC and LEAVE
[23:09:23] [main/DEBUG]: Transforming net/minecraft/data/recipes/packs/VanillaRecipeProvider FIELD f_244369_ to access PUBLIC and LEAVE
[23:09:23] [main/DEBUG]: Transforming net/minecraft/data/recipes/packs/VanillaRecipeProvider FIELD f_243974_ to access PUBLIC and LEAVE
[23:09:23] [main/DEBUG]: Transforming net/minecraft/data/recipes/packs/VanillaRecipeProvider FIELD f_244628_ to access PUBLIC and LEAVE
[23:09:23] [main/DEBUG]: Transforming net/minecraft/data/recipes/packs/VanillaRecipeProvider FIELD f_244565_ to access PUBLIC and LEAVE
[23:09:23] [main/DEBUG]: Transforming net/minecraft/data/recipes/packs/VanillaRecipeProvider FIELD f_244430_ to access PUBLIC and LEAVE
[23:09:23] [main/DEBUG]: Skipping Lnet/minecraft/data/recipes/packs/VanillaRecipeProvider$TrimTemplate;
[23:09:23] [main/DEBUG]: Skipping Lnet/minecraft/data/recipes/packs/BundleRecipeProvider;
[23:09:23] [main/DEBUG]: Skipping Lnet/minecraft/data/recipes/package-info;
[23:09:23] [main/DEBUG]: Skipping Lnet/minecraft/data/recipes/SpecialRecipeBuilder;
[23:09:23] [main/DEBUG]: Skipping Lnet/minecraft/data/recipes/SmithingTrimRecipeBuilder;
[23:09:23] [main/DEBUG]: Skipping Lnet/minecraft/data/recipes/SmithingTransformRecipeBuilder;
[23:09:23] [main/DEBUG]: Skipping Lnet/minecraft/data/recipes/SingleItemRecipeBuilder;
[23:09:23] [main/DEBUG]: Skipping Lnet/minecraft/data/recipes/SimpleCookingRecipeBuilder;
[23:09:23] [main/DEBUG]: Skipping Lnet/minecraft/data/recipes/ShapelessRecipeBuilder;
[23:09:23] [main/DEBUG]: Skipping Lnet/minecraft/data/recipes/ShapedRecipeBuilder;
[23:09:23] [main/DEBUG]: Skipping Lnet/minecraft/data/recipes/RecipeCategory;
[23:09:23] [main/DEBUG]: Skipping Lnet/minecraft/data/recipes/RecipeBuilder;
[23:09:23] [main/DEBUG]: Skipping Lnet/minecraft/data/recipes/RecipeBuilder$1;
[23:09:23] [main/DEBUG]: Transforming class Lnet/minecraft/data/recipes/RecipeProvider;
[23:09:23] [main/DEBUG]: Transforming net/minecraft/data/recipes/RecipeProvider FIELD f_236355_ to access PROTECTED and LEAVE
[23:09:23] [main/DEBUG]: Transforming net/minecraft/data/recipes/RecipeProvider FIELD f_236356_ to access PROTECTED and LEAVE
[23:09:23] [main/DEBUG]: Transforming net/minecraft/data/recipes/RecipeProvider METHOD m_176658_(Lnet/minecraft/world/level/ItemLike;Lnet/minecraft/world/item/crafting/Ingredient;)Lnet/minecraft/data/recipes/RecipeBuilder; to access PROTECTED and LEAVE
[23:09:23] [main/DEBUG]: Transforming net/minecraft/data/recipes/RecipeProvider METHOD m_176678_(Lnet/minecraft/world/level/ItemLike;Lnet/minecraft/world/item/crafting/Ingredient;)Lnet/minecraft/data/recipes/RecipeBuilder; to access PROTECTED and LEAVE
[23:09:23] [main/DEBUG]: Transforming net/minecraft/data/recipes/RecipeProvider METHOD m_176684_(Lnet/minecraft/world/level/ItemLike;Lnet/minecraft/world/item/crafting/Ingredient;)Lnet/minecraft/data/recipes/RecipeBuilder; to access PROTECTED and LEAVE
[23:09:23] [main/DEBUG]: Transforming net/minecraft/data/recipes/RecipeProvider METHOD m_247347_(Lnet/minecraft/data/recipes/RecipeCategory;Lnet/minecraft/world/level/ItemLike;Lnet/minecraft/world/item/crafting/Ingredient;)Lnet/minecraft/data/recipes/RecipeBuilder; to access PROTECTED and LEAVE
[23:09:23] [main/DEBUG]: Transforming net/minecraft/data/recipes/RecipeProvider METHOD m_176720_(Lnet/minecraft/world/level/ItemLike;Lnet/minecraft/world/item/crafting/Ingredient;)Lnet/minecraft/data/recipes/RecipeBuilder; to access PROTECTED and LEAVE
[23:09:23] [main/DEBUG]: Transforming net/minecraft/data/recipes/RecipeProvider METHOD m_176726_(Lnet/minecraft/world/level/ItemLike;Lnet/minecraft/world/item/crafting/Ingredient;)Lnet/minecraft/data/recipes/RecipeBuilder; to access PROTECTED and LEAVE
[23:09:23] [main/DEBUG]: Transforming net/minecraft/data/recipes/RecipeProvider METHOD m_245864_(Lnet/minecraft/data/recipes/RecipeCategory;Lnet/minecraft/world/level/ItemLike;Lnet/minecraft/world/item/crafting/Ingredient;)Lnet/minecraft/data/recipes/RecipeBuilder; to access PROTECTED and LEAVE
[23:09:23] [main/DEBUG]: Transforming net/minecraft/data/recipes/RecipeProvider METHOD m_247174_(Lnet/minecraft/data/recipes/RecipeCategory;Lnet/minecraft/world/level/ItemLike;Lnet/minecraft/world/item/crafting/Ingredient;)Lnet/minecraft/data/recipes/RecipeBuilder; to access PROTECTED and LEAVE
[23:09:23] [main/DEBUG]: Transforming net/minecraft/data/recipes/RecipeProvider METHOD m_245792_(Lnet/minecraft/data/recipes/RecipeCategory;Lnet/minecraft/world/level/ItemLike;Lnet/minecraft/world/item/crafting/Ingredient;)Lnet/minecraft/data/recipes/ShapedRecipeBuilder; to access PROTECTED and LEAVE
[23:09:23] [main/DEBUG]: Transforming net/minecraft/data/recipes/RecipeProvider METHOD m_176523_(Lnet/minecraft/data/BlockFamily;Lnet/minecraft/data/BlockFamily$Variant;)Lnet/minecraft/world/level/block/Block; to access PROTECTED and LEAVE
[23:09:23] [main/DEBUG]: Skipping Lnet/minecraft/data/recipes/RecipeProvider$1;
[23:09:23] [main/DEBUG]: Skipping Lnet/minecraft/data/recipes/RecipeOutput;
[23:09:23] [main/DEBUG]: Skipping Lnet/minecraft/data/package-info;
[23:09:23] [main/DEBUG]: Skipping Lnet/minecraft/data/models/package-info;
[23:09:23] [main/DEBUG]: Skipping Lnet/minecraft/data/models/model/package-info;
[23:09:23] [main/DEBUG]: Skipping Lnet/minecraft/data/models/model/TexturedModel;
[23:09:23] [main/DEBUG]: Skipping Lnet/minecraft/data/models/model/TexturedModel$Provider;
[23:09:23] [main/DEBUG]: Skipping Lnet/minecraft/data/models/model/TextureSlot;
[23:09:23] [main/DEBUG]: Skipping Lnet/minecraft/data/models/model/TextureMapping;
[23:09:23] [main/DEBUG]: Skipping Lnet/minecraft/data/models/model/ModelTemplates;
[23:09:23] [main/DEBUG]: Skipping Lnet/minecraft/data/models/model/ModelTemplate;
[23:09:23] [main/DEBUG]: Skipping Lnet/minecraft/data/models/model/ModelTemplate$JsonFactory;
[23:09:23] [main/DEBUG]: Skipping Lnet/minecraft/data/models/model/ModelLocationUtils;
[23:09:23] [main/DEBUG]: Skipping Lnet/minecraft/data/models/model/DelegatedModel;
[23:09:23] [main/DEBUG]: Skipping Lnet/minecraft/data/models/blockstates/package-info;
[23:09:23] [main/DEBUG]: Skipping Lnet/minecraft/data/models/blockstates/VariantProperty;
[23:09:23] [main/DEBUG]: Skipping Lnet/minecraft/data/models/blockstates/VariantProperty$Value;
[23:09:23] [main/DEBUG]: Skipping Lnet/minecraft/data/models/blockstates/VariantProperties;
[23:09:23] [main/DEBUG]: Skipping Lnet/minecraft/data/models/blockstates/VariantProperties$Rotation;
[23:09:23] [main/DEBUG]: Skipping Lnet/minecraft/data/models/blockstates/Variant;
[23:09:23] [main/DEBUG]: Skipping Lnet/minecraft/data/models/blockstates/Selector;
[23:09:23] [main/DEBUG]: Skipping Lnet/minecraft/data/models/blockstates/PropertyDispatch;
[23:09:23] [main/DEBUG]: Skipping Lnet/minecraft/data/models/blockstates/PropertyDispatch$TriFunction;
[23:09:23] [main/DEBUG]: Skipping Lnet/minecraft/data/models/blockstates/PropertyDispatch$QuadFunction;
[23:09:23] [main/DEBUG]: Skipping Lnet/minecraft/data/models/blockstates/PropertyDispatch$PentaFunction;
[23:09:23] [main/DEBUG]: Skipping Lnet/minecraft/data/models/blockstates/PropertyDispatch$C5;
[23:09:23] [main/DEBUG]: Skipping Lnet/minecraft/data/models/blockstates/PropertyDispatch$C4;
[23:09:23] [main/DEBUG]: Skipping Lnet/minecraft/data/models/blockstates/PropertyDispatch$C3;
[23:09:23] [main/DEBUG]: Skipping Lnet/minecraft/data/models/blockstates/PropertyDispatch$C2;
[23:09:23] [main/DEBUG]: Skipping Lnet/minecraft/data/models/blockstates/PropertyDispatch$C1;
[23:09:23] [main/DEBUG]: Skipping Lnet/minecraft/data/models/blockstates/MultiVariantGenerator;
[23:09:23] [main/DEBUG]: Skipping Lnet/minecraft/data/models/blockstates/MultiPartGenerator;
[23:09:23] [main/DEBUG]: Skipping Lnet/minecraft/data/models/blockstates/MultiPartGenerator$Entry;
[23:09:23] [main/DEBUG]: Skipping Lnet/minecraft/data/models/blockstates/MultiPartGenerator$ConditionalEntry;
[23:09:23] [main/DEBUG]: Skipping Lnet/minecraft/data/models/blockstates/Condition;
[23:09:23] [main/DEBUG]: Skipping Lnet/minecraft/data/models/blockstates/Condition$TerminalCondition;
[23:09:23] [main/DEBUG]: Skipping Lnet/minecraft/data/models/blockstates/Condition$Operation;
[23:09:23] [main/DEBUG]: Skipping Lnet/minecraft/data/models/blockstates/Condition$CompositeCondition;
[23:09:23] [main/DEBUG]: Skipping Lnet/minecraft/data/models/blockstates/BlockStateGenerator;
[23:09:23] [main/DEBUG]: Skipping Lnet/minecraft/data/models/ModelProvider;
[23:09:23] [main/DEBUG]: Skipping Lnet/minecraft/data/models/ItemModelGenerators;
[23:09:23] [main/DEBUG]: Skipping Lnet/minecraft/data/models/ItemModelGenerators$TrimModelData;
[23:09:23] [main/DEBUG]: Skipping Lnet/minecraft/data/models/BlockModelGenerators;
[23:09:23] [main/DEBUG]: Skipping Lnet/minecraft/data/models/BlockModelGenerators$WoodProvider;
[23:09:23] [main/DEBUG]: Skipping Lnet/minecraft/data/models/BlockModelGenerators$TintState;
[23:09:23] [main/DEBUG]: Skipping Lnet/minecraft/data/models/BlockModelGenerators$BookSlotModelCacheKey;
[23:09:23] [main/DEBUG]: Skipping Lnet/minecraft/data/models/BlockModelGenerators$BlockStateGeneratorSupplier;
[23:09:23] [main/DEBUG]: Skipping Lnet/minecraft/data/models/BlockModelGenerators$BlockFamilyProvider;
[23:09:23] [main/DEBUG]: Skipping Lnet/minecraft/data/models/BlockModelGenerators$BlockEntityModelGenerator;
[23:09:23] [main/DEBUG]: Skipping Lnet/minecraft/data/models/BlockModelGenerators$1;
[23:09:23] [main/DEBUG]: Skipping Lnet/minecraft/data/metadata/package-info;
[23:09:23] [main/DEBUG]: Skipping Lnet/minecraft/data/metadata/PackMetadataGenerator;
[23:09:23] [main/DEBUG]: Skipping Lnet/minecraft/data/loot/packs/package-info;
[23:09:23] [main/DEBUG]: Skipping Lnet/minecraft/data/loot/packs/VanillaShearingLoot;
[23:09:23] [main/DEBUG]: Skipping Lnet/minecraft/data/loot/packs/VanillaPiglinBarterLoot;
[23:09:23] [main/DEBUG]: Skipping Lnet/minecraft/data/loot/packs/VanillaLootTableProvider;
[23:09:23] [main/DEBUG]: Skipping Lnet/minecraft/data/loot/packs/VanillaGiftLoot;
[23:09:23] [main/DEBUG]: Skipping Lnet/minecraft/data/loot/packs/VanillaFishingLoot;
[23:09:23] [main/DEBUG]: Skipping Lnet/minecraft/data/loot/packs/VanillaEquipmentLoot;
[23:09:23] [main/DEBUG]: Skipping Lnet/minecraft/data/loot/packs/VanillaEntityLoot;
[23:09:23] [main/DEBUG]: Skipping Lnet/minecraft/data/loot/packs/VanillaChestLoot;
[23:09:23] [main/DEBUG]: Skipping Lnet/minecraft/data/loot/packs/VanillaBlockLoot;
[23:09:23] [main/DEBUG]: Skipping Lnet/minecraft/data/loot/packs/VanillaArchaeologyLoot;
[23:09:23] [main/DEBUG]: Skipping Lnet/minecraft/data/loot/packs/TradeRebalanceLootTableProvider;
[23:09:23] [main/DEBUG]: Skipping Lnet/minecraft/data/loot/packs/TradeRebalanceChestLoot;
[23:09:23] [main/DEBUG]: Skipping Lnet/minecraft/data/loot/package-info;
[23:09:23] [main/DEBUG]: Skipping Lnet/minecraft/data/loot/LootTableSubProvider;
[23:09:23] [main/DEBUG]: Skipping Lnet/minecraft/data/loot/LootTableProvider;
[23:09:23] [main/DEBUG]: Skipping Lnet/minecraft/data/loot/LootTableProvider$SubProviderEntry;
[23:09:23] [main/DEBUG]: Transforming class Lnet/minecraft/data/loot/EntityLootSubProvider;
[23:09:23] [main/DEBUG]: Transforming net/minecraft/data/loot/EntityLootSubProvider METHOD m_245552_(Lnet/minecraft/world/entity/EntityType;)Z to access PROTECTED and LEAVE
[23:09:23] [main/DEBUG]: Transforming class Lnet/minecraft/data/loot/BlockLootSubProvider;
[23:09:23] [main/DEBUG]: Transforming net/minecraft/data/loot/BlockLootSubProvider METHOD m_246900_(Lnet/minecraft/world/level/block/Block;Lnet/minecraft/world/level/storage/loot/predicates/LootItemCondition$Builder;Lnet/minecraft/world/level/storage/loot/entries/LootPoolEntryContainer$Builder;)Lnet/minecraft/world/level/storage/loot/LootTable$Builder; to access PROTECTED and LEAVE
[23:09:23] [main/DEBUG]: Transforming net/minecraft/data/loot/BlockLootSubProvider METHOD m_245335_(Lnet/minecraft/world/level/ItemLike;)Lnet/minecraft/world/level/storage/loot/LootTable$Builder; to access PROTECTED and LEAVE
[23:09:23] [main/DEBUG]: Transforming net/minecraft/data/loot/BlockLootSubProvider METHOD m_245602_(Lnet/minecraft/world/level/ItemLike;)Lnet/minecraft/world/level/storage/loot/LootTable$Builder; to access PROTECTED and LEAVE
[23:09:23] [main/DEBUG]: Skipping Lnet/minecraft/data/info/package-info;
[23:09:23] [main/DEBUG]: Skipping Lnet/minecraft/data/info/RegistryDumpReport;
[23:09:23] [main/DEBUG]: Skipping Lnet/minecraft/data/info/PacketReport;
[23:09:23] [main/DEBUG]: Skipping Lnet/minecraft/data/info/ItemListReport;
[23:09:23] [main/DEBUG]: Skipping Lnet/minecraft/data/info/CommandsReport;
[23:09:23] [main/DEBUG]: Skipping Lnet/minecraft/data/info/BlockListReport;
[23:09:23] [main/DEBUG]: Skipping Lnet/minecraft/data/info/BiomeParametersDumpReport;
[23:09:23] [main/DEBUG]: Skipping Lnet/minecraft/data/advancements/packs/package-info;
[23:09:23] [main/DEBUG]: Skipping Lnet/minecraft/data/advancements/packs/VanillaTheEndAdvancements;
[23:09:23] [main/DEBUG]: Skipping Lnet/minecraft/data/advancements/packs/VanillaStoryAdvancements;
[23:09:23] [main/DEBUG]: Skipping Lnet/minecraft/data/advancements/packs/VanillaNetherAdvancements;
[23:09:23] [main/DEBUG]: Skipping Lnet/minecraft/data/advancements/packs/VanillaHusbandryAdvancements;
[23:09:23] [main/DEBUG]: Skipping Lnet/minecraft/data/advancements/packs/VanillaAdventureAdvancements;
[23:09:23] [main/DEBUG]: Skipping Lnet/minecraft/data/advancements/packs/VanillaAdvancementProvider;
[23:09:23] [main/DEBUG]: Skipping Lnet/minecraft/data/advancements/package-info;
[23:09:23] [main/DEBUG]: Skipping Lnet/minecraft/data/advancements/AdvancementSubProvider;
[23:09:23] [main/DEBUG]: Skipping Lnet/minecraft/data/advancements/AdvancementProvider;
[23:09:23] [main/DEBUG]: Skipping Lnet/minecraft/data/PackOutput;
[23:09:23] [main/DEBUG]: Skipping Lnet/minecraft/data/PackOutput$Target;
[23:09:23] [main/DEBUG]: Skipping Lnet/minecraft/data/PackOutput$PathProvider;
[23:09:23] [main/DEBUG]: Skipping Lnet/minecraft/data/DataProvider;
[23:09:23] [main/DEBUG]: Skipping Lnet/minecraft/data/DataProvider$Factory;
[23:09:23] [main/DEBUG]: Skipping Lnet/minecraft/data/CachedOutput;
[23:09:23] [main/DEBUG]: Skipping Lnet/minecraft/data/BlockFamily;
[23:09:23] [main/DEBUG]: Skipping Lnet/minecraft/data/BlockFamily$Variant;
[23:09:23] [main/DEBUG]: Skipping Lnet/minecraft/data/BlockFamily$Builder;
[23:09:23] [main/DEBUG]: Skipping Lnet/minecraft/data/BlockFamilies;
[23:09:23] [main/DEBUG]: Skipping Lnet/minecraft/data/Main;
[23:09:23] [main/DEBUG]: Skipping Lnet/minecraft/data/HashCache;
[23:09:23] [main/DEBUG]: Skipping Lnet/minecraft/data/HashCache$UpdateResult;
[23:09:23] [main/DEBUG]: Skipping Lnet/minecraft/data/HashCache$UpdateFunction;
[23:09:23] [main/DEBUG]: Skipping Lnet/minecraft/data/HashCache$ProviderCacheBuilder;
[23:09:23] [main/DEBUG]: Skipping Lnet/minecraft/data/HashCache$ProviderCache;
[23:09:23] [main/DEBUG]: Skipping Lnet/minecraft/data/HashCache$CacheUpdater;
[23:09:23] [main/DEBUG]: Skipping Lnet/minecraft/data/HashCache$1;
[23:09:23] [main/DEBUG]: Skipping Lnet/minecraft/data/DataGenerator;
[23:09:23] [main/DEBUG]: Skipping Lnet/minecraft/data/DataGenerator$PackGenerator;
[23:09:23] [main/DEBUG]: Skipping Lnet/minecraft/core/registries/package-info;
[23:09:23] [main/DEBUG]: Skipping Lnet/minecraft/core/registries/Registries;
[23:09:23] [main/DEBUG]: Skipping Lnet/minecraft/core/registries/BuiltInRegistries;
[23:09:23] [main/DEBUG]: Skipping Lnet/minecraft/core/registries/BuiltInRegistries$RegistryBootstrap;
[23:09:23] [main/DEBUG]: Skipping Lnet/minecraft/core/particles/package-info;
[23:09:23] [main/DEBUG]: Skipping Lnet/minecraft/core/particles/VibrationParticleOption;
[23:09:23] [main/DEBUG]: Transforming class Lnet/minecraft/core/particles/SimpleParticleType;
[23:09:23] [main/DEBUG]: Transforming net/minecraft/core/particles/SimpleParticleType METHOD <init>(Z)V to access PUBLIC and LEAVE
[23:09:23] [main/DEBUG]: Skipping Lnet/minecraft/core/particles/ShriekParticleOption;
[23:09:23] [main/DEBUG]: Skipping Lnet/minecraft/core/particles/SculkChargeParticleOptions;
[23:09:23] [main/DEBUG]: Skipping Lnet/minecraft/core/particles/ScalableParticleOptionsBase;
[23:09:23] [main/DEBUG]: Skipping Lnet/minecraft/core/particles/ParticleTypes;
[23:09:23] [main/DEBUG]: Skipping Lnet/minecraft/core/particles/ParticleTypes$1;
[23:09:23] [main/DEBUG]: Skipping Lnet/minecraft/core/particles/ParticleType;
[23:09:23] [main/DEBUG]: Skipping Lnet/minecraft/core/particles/ParticleOptions;
[23:09:23] [main/DEBUG]: Skipping Lnet/minecraft/core/particles/ParticleGroup;
[23:09:23] [main/DEBUG]: Skipping Lnet/minecraft/core/particles/DustParticleOptions;
[23:09:23] [main/DEBUG]: Skipping Lnet/minecraft/core/particles/DustColorTransitionOptions;
[23:09:23] [main/DEBUG]: Skipping Lnet/minecraft/core/particles/ColorParticleOption;
[23:09:23] [main/DEBUG]: Skipping Lnet/minecraft/core/particles/ItemParticleOption;
[23:09:23] [main/DEBUG]: Skipping Lnet/minecraft/core/particles/BlockParticleOption;
[23:09:23] [main/DEBUG]: Skipping Lnet/minecraft/core/package-info;
[23:09:23] [main/DEBUG]: Skipping Lnet/minecraft/core/dispenser/package-info;
[23:09:23] [main/DEBUG]: Skipping Lnet/minecraft/core/dispenser/ShulkerBoxDispenseBehavior;
[23:09:23] [main/DEBUG]: Skipping Lnet/minecraft/core/dispenser/ShearsDispenseItemBehavior;
[23:09:23] [main/DEBUG]: Skipping Lnet/minecraft/core/dispenser/ProjectileDispenseBehavior;
[23:09:23] [main/DEBUG]: Skipping Lnet/minecraft/core/dispenser/OptionalDispenseItemBehavior;
[23:09:23] [main/DEBUG]: Skipping Lnet/minecraft/core/dispenser/DefaultDispenseItemBehavior;
[23:09:23] [main/DEBUG]: Skipping Lnet/minecraft/core/dispenser/BlockSource;
[23:09:23] [main/DEBUG]: Skipping Lnet/minecraft/core/dispenser/DispenseItemBehavior;
[23:09:23] [main/DEBUG]: Skipping Lnet/minecraft/core/dispenser/DispenseItemBehavior$9;
[23:09:23] [main/DEBUG]: Skipping Lnet/minecraft/core/dispenser/DispenseItemBehavior$8;
[23:09:23] [main/DEBUG]: Skipping Lnet/minecraft/core/dispenser/DispenseItemBehavior$7;
[23:09:23] [main/DEBUG]: Skipping Lnet/minecraft/core/dispenser/DispenseItemBehavior$6;
[23:09:23] [main/DEBUG]: Skipping Lnet/minecraft/core/dispenser/DispenseItemBehavior$5;
[23:09:23] [main/DEBUG]: Skipping Lnet/minecraft/core/dispenser/DispenseItemBehavior$4;
[23:09:23] [main/DEBUG]: Skipping Lnet/minecraft/core/dispenser/DispenseItemBehavior$3;
[23:09:23] [main/DEBUG]: Skipping Lnet/minecraft/core/dispenser/DispenseItemBehavior$2;
[23:09:23] [main/DEBUG]: Skipping Lnet/minecraft/core/dispenser/DispenseItemBehavior$18;
[23:09:23] [main/DEBUG]: Skipping Lnet/minecraft/core/dispenser/DispenseItemBehavior$17;
[23:09:23] [main/DEBUG]: Skipping Lnet/minecraft/core/dispenser/DispenseItemBehavior$16;
[23:09:23] [main/DEBUG]: Skipping Lnet/minecraft/core/dispenser/DispenseItemBehavior$15;
[23:09:23] [main/DEBUG]: Skipping Lnet/minecraft/core/dispenser/DispenseItemBehavior$14;
[23:09:23] [main/DEBUG]: Skipping Lnet/minecraft/core/dispenser/DispenseItemBehavior$13;
[23:09:23] [main/DEBUG]: Skipping Lnet/minecraft/core/dispenser/DispenseItemBehavior$12;
[23:09:23] [main/DEBUG]: Skipping Lnet/minecraft/core/dispenser/DispenseItemBehavior$11;
[23:09:23] [main/DEBUG]: Skipping Lnet/minecraft/core/dispenser/DispenseItemBehavior$10;
[23:09:23] [main/DEBUG]: Skipping Lnet/minecraft/core/dispenser/DispenseItemBehavior$1;
[23:09:23] [main/DEBUG]: Skipping Lnet/minecraft/core/dispenser/BoatDispenseItemBehavior;
[23:09:23] [main/DEBUG]: Skipping Lnet/minecraft/core/component/package-info;
[23:09:23] [main/DEBUG]: Skipping Lnet/minecraft/core/component/TypedDataComponent;
[23:09:23] [main/DEBUG]: Skipping Lnet/minecraft/core/component/TypedDataComponent$1;
[23:09:23] [main/DEBUG]: Skipping Lnet/minecraft/core/component/PatchedDataComponentMap;
[23:09:23] [main/DEBUG]: Skipping Lnet/minecraft/core/component/DataComponents;
[23:09:23] [main/DEBUG]: Skipping Lnet/minecraft/core/component/DataComponentType;
[23:09:23] [main/DEBUG]: Skipping Lnet/minecraft/core/component/DataComponentType$Builder;
[23:09:23] [main/DEBUG]: Skipping Lnet/minecraft/core/component/DataComponentType$Builder$SimpleType;
[23:09:23] [main/DEBUG]: Skipping Lnet/minecraft/core/component/DataComponentPredicate;
[23:09:23] [main/DEBUG]: Skipping Lnet/minecraft/core/component/DataComponentPredicate$Builder;
[23:09:23] [main/DEBUG]: Skipping Lnet/minecraft/core/component/DataComponentPatch;
[23:09:23] [main/DEBUG]: Skipping Lnet/minecraft/core/component/DataComponentPatch$SplitResult;
[23:09:23] [main/DEBUG]: Skipping Lnet/minecraft/core/component/DataComponentPatch$PatchKey;
[23:09:23] [main/DEBUG]: Skipping Lnet/minecraft/core/component/DataComponentPatch$Builder;
[23:09:23] [main/DEBUG]: Skipping Lnet/minecraft/core/component/DataComponentPatch$1;
[23:09:23] [main/DEBUG]: Skipping Lnet/minecraft/core/component/DataComponentMap;
[23:09:23] [main/DEBUG]: Skipping Lnet/minecraft/core/component/DataComponentMap$Builder;
[23:09:23] [main/DEBUG]: Skipping Lnet/minecraft/core/component/DataComponentMap$Builder$SimpleMap;
[23:09:23] [main/DEBUG]: Skipping Lnet/minecraft/core/component/DataComponentMap$3;
[23:09:23] [main/DEBUG]: Skipping Lnet/minecraft/core/component/DataComponentMap$2;
[23:09:23] [main/DEBUG]: Skipping Lnet/minecraft/core/component/DataComponentMap$1;
[23:09:23] [main/DEBUG]: Skipping Lnet/minecraft/core/component/DataComponentHolder;
[23:09:23] [main/DEBUG]: Skipping Lnet/minecraft/core/cauldron/package-info;
[23:09:23] [main/DEBUG]: Skipping Lnet/minecraft/core/cauldron/CauldronInteraction;
[23:09:23] [main/DEBUG]: Skipping Lnet/minecraft/core/cauldron/CauldronInteraction$InteractionMap;
[23:09:23] [main/DEBUG]: Skipping Lnet/minecraft/core/WritableRegistry;
[23:09:23] [main/DEBUG]: Skipping Lnet/minecraft/core/Vec3i;
[23:09:23] [main/DEBUG]: Skipping Lnet/minecraft/core/UUIDUtil;
[23:09:23] [main/DEBUG]: Skipping Lnet/minecraft/core/UUIDUtil$1;
[23:09:23] [main/DEBUG]: Skipping Lnet/minecraft/core/SectionPos;
[23:09:23] [main/DEBUG]: Skipping Lnet/minecraft/core/SectionPos$1;
[23:09:23] [main/DEBUG]: Skipping Lnet/minecraft/core/Rotations;
[23:09:23] [main/DEBUG]: Skipping Lnet/minecraft/core/Rotations$1;
[23:09:23] [main/DEBUG]: Skipping Lnet/minecraft/core/RegistryCodecs;
[23:09:23] [main/DEBUG]: Skipping Lnet/minecraft/core/RegistryAccess;
[23:09:23] [main/DEBUG]: Skipping Lnet/minecraft/core/RegistryAccess$RegistryEntry;
[23:09:23] [main/DEBUG]: Skipping Lnet/minecraft/core/RegistryAccess$ImmutableRegistryAccess;
[23:09:23] [main/DEBUG]: Skipping Lnet/minecraft/core/RegistryAccess$Frozen;
[23:09:23] [main/DEBUG]: Skipping Lnet/minecraft/core/RegistryAccess$1FrozenAccess;
[23:09:23] [main/DEBUG]: Skipping Lnet/minecraft/core/RegistryAccess$1;
[23:09:23] [main/DEBUG]: Skipping Lnet/minecraft/core/Registry;
[23:09:23] [main/DEBUG]: Skipping Lnet/minecraft/core/Registry$2;
[23:09:23] [main/DEBUG]: Skipping Lnet/minecraft/core/Registry$1;
[23:09:23] [main/DEBUG]: Skipping Lnet/minecraft/core/RegistrationInfo;
[23:09:23] [main/DEBUG]: Skipping Lnet/minecraft/core/QuartPos;
[23:09:23] [main/DEBUG]: Skipping Lnet/minecraft/core/Position;
[23:09:23] [main/DEBUG]: Skipping Lnet/minecraft/core/NonNullList;
[23:09:23] [main/DEBUG]: Skipping Lnet/minecraft/core/LayeredRegistryAccess;
[23:09:23] [main/DEBUG]: Transforming class Lnet/minecraft/core/IdMapper;
[23:09:23] [main/DEBUG]: Transforming net/minecraft/core/IdMapper FIELD f_122653_ to access PROTECTED and LEAVE
[23:09:23] [main/DEBUG]: Transforming net/minecraft/core/IdMapper FIELD f_122654_ to access PROTECTED and LEAVE
[23:09:23] [main/DEBUG]: Transforming net/minecraft/core/IdMapper FIELD f_122655_ to access PROTECTED and LEAVE
[23:09:23] [main/DEBUG]: Skipping Lnet/minecraft/core/IdMap;
[23:09:23] [main/DEBUG]: Skipping Lnet/minecraft/core/HolderOwner;
[23:09:23] [main/DEBUG]: Skipping Lnet/minecraft/core/HolderLookup;
[23:09:23] [main/DEBUG]: Skipping Lnet/minecraft/core/HolderLookup$RegistryLookup;
[23:09:23] [main/DEBUG]: Skipping Lnet/minecraft/core/HolderLookup$RegistryLookup$Delegate;
[23:09:23] [main/DEBUG]: Skipping Lnet/minecraft/core/HolderLookup$RegistryLookup$1;
[23:09:23] [main/DEBUG]: Skipping Lnet/minecraft/core/HolderLookup$Provider;
[23:09:23] [main/DEBUG]: Skipping Lnet/minecraft/core/HolderLookup$Provider$2;
[23:09:23] [main/DEBUG]: Skipping Lnet/minecraft/core/HolderLookup$Provider$1;
[23:09:23] [main/DEBUG]: Skipping Lnet/minecraft/core/HolderGetter;
[23:09:23] [main/DEBUG]: Skipping Lnet/minecraft/core/HolderGetter$Provider;
[23:09:23] [main/DEBUG]: Skipping Lnet/minecraft/core/GlobalPos;
[23:09:23] [main/DEBUG]: Skipping Lnet/minecraft/core/FrontAndTop;
[23:09:23] [main/DEBUG]: Skipping Lnet/minecraft/core/Direction8;
[23:09:23] [main/DEBUG]: Skipping Lnet/minecraft/core/DefaultedRegistry;
[23:09:23] [main/DEBUG]: Skipping Lnet/minecraft/core/Cursor3D;
[23:09:23] [main/DEBUG]: Skipping Lnet/minecraft/core/Cloner;
[23:09:23] [main/DEBUG]: Skipping Lnet/minecraft/core/Cloner$Factory;
[23:09:23] [main/DEBUG]: Skipping Lnet/minecraft/core/BlockPos;
[23:09:23] [main/DEBUG]: Skipping Lnet/minecraft/core/BlockPos$MutableBlockPos;
[23:09:23] [main/DEBUG]: Skipping Lnet/minecraft/core/BlockPos$6;
[23:09:23] [main/DEBUG]: Skipping Lnet/minecraft/core/BlockPos$5;
[23:09:23] [main/DEBUG]: Skipping Lnet/minecraft/core/BlockPos$4;
[23:09:23] [main/DEBUG]: Skipping Lnet/minecraft/core/BlockPos$3;
[23:09:23] [main/DEBUG]: Skipping Lnet/minecraft/core/BlockPos$2;
[23:09:23] [main/DEBUG]: Skipping Lnet/minecraft/core/BlockPos$1;
[23:09:23] [main/DEBUG]: Skipping Lnet/minecraft/core/BlockMath;
[23:09:23] [main/DEBUG]: Skipping Lnet/minecraft/core/BlockBox;
[23:09:23] [main/DEBUG]: Skipping Lnet/minecraft/core/BlockBox$1;
[23:09:23] [main/DEBUG]: Skipping Lnet/minecraft/core/AxisCycle;
[23:09:23] [main/DEBUG]: Skipping Lnet/minecraft/core/AxisCycle$3;
[23:09:23] [main/DEBUG]: Skipping Lnet/minecraft/core/AxisCycle$2;
[23:09:23] [main/DEBUG]: Skipping Lnet/minecraft/core/AxisCycle$1;
[23:09:23] [main/DEBUG]: Skipping Lnet/minecraft/core/RegistrySynchronization;
[23:09:23] [main/DEBUG]: Skipping Lnet/minecraft/core/RegistrySynchronization$PackedRegistryEntry;
[23:09:23] [main/DEBUG]: Skipping Lnet/minecraft/core/RegistrySetBuilder;
[23:09:23] [main/DEBUG]: Skipping Lnet/minecraft/core/RegistrySetBuilder$ValueAndHolder;
[23:09:23] [main/DEBUG]: Skipping Lnet/minecraft/core/RegistrySetBuilder$UniversalOwner;
[23:09:23] [main/DEBUG]: Skipping Lnet/minecraft/core/RegistrySetBuilder$UniversalLookup;
[23:09:23] [main/DEBUG]: Skipping Lnet/minecraft/core/RegistrySetBuilder$RegistryStub;
[23:09:23] [main/DEBUG]: Skipping Lnet/minecraft/core/RegistrySetBuilder$RegistryContents;
[23:09:23] [main/DEBUG]: Skipping Lnet/minecraft/core/RegistrySetBuilder$RegistryBootstrap;
[23:09:23] [main/DEBUG]: Skipping Lnet/minecraft/core/RegistrySetBuilder$RegisteredValue;
[23:09:23] [main/DEBUG]: Skipping Lnet/minecraft/core/RegistrySetBuilder$PatchedRegistries;
[23:09:23] [main/DEBUG]: Transforming class Lnet/minecraft/core/RegistrySetBuilder$LazyHolder;
[23:09:23] [main/DEBUG]: Transforming net/minecraft/core/RegistrySetBuilder$LazyHolder METHOD m_247654_(Ljava/lang/Object;)V to access PUBLIC and LEAVE
[23:09:23] [main/DEBUG]: Skipping Lnet/minecraft/core/RegistrySetBuilder$EmptyTagRegistryLookup;
[23:09:23] [main/DEBUG]: Skipping Lnet/minecraft/core/RegistrySetBuilder$EmptyTagLookupWrapper;
[23:09:23] [main/DEBUG]: Skipping Lnet/minecraft/core/RegistrySetBuilder$EmptyTagLookup;
[23:09:23] [main/DEBUG]: Skipping Lnet/minecraft/core/RegistrySetBuilder$BuildState;
[23:09:23] [main/DEBUG]: Skipping Lnet/minecraft/core/RegistrySetBuilder$BuildState$1;
[23:09:23] [main/DEBUG]: Skipping Lnet/minecraft/core/RegistrySetBuilder$3;
[23:09:23] [main/DEBUG]: Skipping Lnet/minecraft/core/RegistrySetBuilder$3$1;
[23:09:23] [main/DEBUG]: Skipping Lnet/minecraft/core/RegistrySetBuilder$2;
[23:09:23] [main/DEBUG]: Skipping Lnet/minecraft/core/RegistrySetBuilder$1Entry;
[23:09:23] [main/DEBUG]: Skipping Lnet/minecraft/core/RegistrySetBuilder$1;
[23:09:23] [main/DEBUG]: Transforming class Lnet/minecraft/core/MappedRegistry;
[23:09:23] [main/DEBUG]: Transforming net/minecraft/core/MappedRegistry FIELD f_244282_ to access PROTECTED and LEAVE
[23:09:23] [main/DEBUG]: Transforming net/minecraft/core/MappedRegistry METHOD m_245420_(Lnet/minecraft/resources/ResourceKey;)Lnet/minecraft/core/Holder$Reference; to access PROTECTED and LEAVE
[23:09:23] [main/DEBUG]: Skipping Lnet/minecraft/core/MappedRegistry$2;
[23:09:23] [main/DEBUG]: Skipping Lnet/minecraft/core/MappedRegistry$1;
[23:09:23] [main/DEBUG]: Skipping Lnet/minecraft/core/HolderSet;
[23:09:23] [main/DEBUG]: Transforming class Lnet/minecraft/core/HolderSet$Named;
[23:09:23] [main/DEBUG]: Transforming net/minecraft/core/HolderSet$Named METHOD <init>(Lnet/minecraft/core/HolderOwner;Lnet/minecraft/tags/TagKey;)V to access PUBLIC and LEAVE
[23:09:23] [main/DEBUG]: Transforming net/minecraft/core/HolderSet$Named METHOD m_205835_(Ljava/util/List;)V to access PUBLIC and LEAVE
[23:09:23] [main/DEBUG]: Skipping Lnet/minecraft/core/HolderSet$ListBacked;
[23:09:23] [main/DEBUG]: Skipping Lnet/minecraft/core/HolderSet$Direct;
[23:09:23] [main/DEBUG]: Skipping Lnet/minecraft/core/HolderSet$1;
[23:09:23] [main/DEBUG]: Skipping Lnet/minecraft/core/Holder;
[23:09:23] [main/DEBUG]: Transforming class Lnet/minecraft/core/Holder$Reference;
[23:09:23] [main/DEBUG]: Transforming net/minecraft/core/Holder$Reference INNERCLASS Type to access PUBLIC and LEAVE
[23:09:23] [main/DEBUG]: Transforming net/minecraft/core/Holder$Reference METHOD m_246870_(Lnet/minecraft/resources/ResourceKey;)V to access PUBLIC and LEAVE
[23:09:23] [main/DEBUG]: Transforming net/minecraft/core/Holder$Reference METHOD m_247654_(Ljava/lang/Object;)V to access PUBLIC and LEAVE
[23:09:23] [main/DEBUG]: Transforming net/minecraft/core/Holder$Reference METHOD m_205769_(Ljava/util/Collection;)V to access PUBLIC and LEAVE
[23:09:23] [main/DEBUG]: Transforming class Lnet/minecraft/core/Holder$Reference$Type;
[23:09:23] [main/DEBUG]: Transforming net/minecraft/core/Holder$Reference$Type CLASS to access PUBLIC and LEAVE
[23:09:23] [main/DEBUG]: Skipping Lnet/minecraft/core/Holder$Kind;
[23:09:23] [main/DEBUG]: Skipping Lnet/minecraft/core/Holder$Direct;
[23:09:23] [main/DEBUG]: Skipping Lnet/minecraft/core/Direction;
[23:09:23] [main/DEBUG]: Skipping Lnet/minecraft/core/Direction$Plane;
[23:09:23] [main/DEBUG]: Skipping Lnet/minecraft/core/Direction$AxisDirection;
[23:09:23] [main/DEBUG]: Skipping Lnet/minecraft/core/Direction$Axis;
[23:09:23] [main/DEBUG]: Skipping Lnet/minecraft/core/Direction$Axis$3;
[23:09:23] [main/DEBUG]: Skipping Lnet/minecraft/core/Direction$Axis$2;
[23:09:23] [main/DEBUG]: Skipping Lnet/minecraft/core/Direction$Axis$1;
[23:09:23] [main/DEBUG]: Skipping Lnet/minecraft/core/DefaultedMappedRegistry;
[23:09:23] [main/DEBUG]: Skipping Lnet/minecraft/commands/synchronization/package-info;
[23:09:23] [main/DEBUG]: Skipping Lnet/minecraft/commands/synchronization/brigadier/package-info;
[23:09:23] [main/DEBUG]: Skipping Lnet/minecraft/commands/synchronization/brigadier/StringArgumentSerializer;
[23:09:23] [main/DEBUG]: Skipping Lnet/minecraft/commands/synchronization/brigadier/StringArgumentSerializer$Template;
[23:09:23] [main/DEBUG]: Skipping Lnet/minecraft/commands/synchronization/brigadier/StringArgumentSerializer$1;
[23:09:23] [main/DEBUG]: Skipping Lnet/minecraft/commands/synchronization/brigadier/LongArgumentInfo;
[23:09:23] [main/DEBUG]: Skipping Lnet/minecraft/commands/synchronization/brigadier/LongArgumentInfo$Template;
[23:09:23] [main/DEBUG]: Skipping Lnet/minecraft/commands/synchronization/brigadier/IntegerArgumentInfo;
[23:09:23] [main/DEBUG]: Skipping Lnet/minecraft/commands/synchronization/brigadier/IntegerArgumentInfo$Template;
[23:09:23] [main/DEBUG]: Skipping Lnet/minecraft/commands/synchronization/brigadier/FloatArgumentInfo;
[23:09:23] [main/DEBUG]: Skipping Lnet/minecraft/commands/synchronization/brigadier/FloatArgumentInfo$Template;
[23:09:23] [main/DEBUG]: Skipping Lnet/minecraft/commands/synchronization/brigadier/DoubleArgumentInfo;
[23:09:23] [main/DEBUG]: Skipping Lnet/minecraft/commands/synchronization/brigadier/DoubleArgumentInfo$Template;
[23:09:23] [main/DEBUG]: Skipping Lnet/minecraft/commands/synchronization/SuggestionProviders;
[23:09:23] [main/DEBUG]: Skipping Lnet/minecraft/commands/synchronization/SuggestionProviders$Wrapper;
[23:09:23] [main/DEBUG]: Skipping Lnet/minecraft/commands/synchronization/SingletonArgumentInfo;
[23:09:23] [main/DEBUG]: Skipping Lnet/minecraft/commands/synchronization/SingletonArgumentInfo$Template;
[23:09:23] [main/DEBUG]: Skipping Lnet/minecraft/commands/synchronization/ArgumentUtils;
[23:09:23] [main/DEBUG]: Skipping Lnet/minecraft/commands/synchronization/ArgumentTypeInfo;
[23:09:23] [main/DEBUG]: Skipping Lnet/minecraft/commands/synchronization/ArgumentTypeInfo$Template;
[23:09:23] [main/DEBUG]: Skipping Lnet/minecraft/commands/synchronization/ArgumentTypeInfos;
[23:09:23] [main/DEBUG]: Skipping Lnet/minecraft/commands/package-info;
[23:09:23] [main/DEBUG]: Skipping Lnet/minecraft/commands/functions/package-info;
[23:09:23] [main/DEBUG]: Skipping Lnet/minecraft/commands/functions/StringTemplate;
[23:09:23] [main/DEBUG]: Skipping Lnet/minecraft/commands/functions/PlainTextFunction;
[23:09:23] [main/DEBUG]: Skipping Lnet/minecraft/commands/functions/MacroFunction;
[23:09:23] [main/DEBUG]: Skipping Lnet/minecraft/commands/functions/MacroFunction$PlainTextEntry;
[23:09:23] [main/DEBUG]: Skipping Lnet/minecraft/commands/functions/MacroFunction$MacroEntry;
[23:09:23] [main/DEBUG]: Skipping Lnet/minecraft/commands/functions/MacroFunction$Entry;
[23:09:23] [main/DEBUG]: Skipping Lnet/minecraft/commands/functions/InstantiatedFunction;
[23:09:23] [main/DEBUG]: Skipping Lnet/minecraft/commands/functions/FunctionBuilder;
[23:09:23] [main/DEBUG]: Skipping Lnet/minecraft/commands/functions/CommandFunction;
[23:09:23] [main/DEBUG]: Skipping Lnet/minecraft/commands/execution/tasks/package-info;
[23:09:23] [main/DEBUG]: Skipping Lnet/minecraft/commands/execution/tasks/IsolatedCall;
[23:09:23] [main/DEBUG]: Skipping Lnet/minecraft/commands/execution/tasks/FallthroughTask;
[23:09:23] [main/DEBUG]: Skipping Lnet/minecraft/commands/execution/tasks/ExecuteCommand;
[23:09:23] [main/DEBUG]: Skipping Lnet/minecraft/commands/execution/tasks/ContinuationTask;
[23:09:23] [main/DEBUG]: Skipping Lnet/minecraft/commands/execution/tasks/ContinuationTask$TaskProvider;
[23:09:23] [main/DEBUG]: Skipping Lnet/minecraft/commands/execution/tasks/CallFunction;
[23:09:23] [main/DEBUG]: Skipping Lnet/minecraft/commands/execution/tasks/BuildContexts;
[23:09:23] [main/DEBUG]: Skipping Lnet/minecraft/commands/execution/tasks/BuildContexts$Unbound;
[23:09:23] [main/DEBUG]: Skipping Lnet/minecraft/commands/execution/tasks/BuildContexts$TopLevel;
[23:09:23] [main/DEBUG]: Skipping Lnet/minecraft/commands/execution/tasks/BuildContexts$Continuation;
[23:09:23] [main/DEBUG]: Skipping Lnet/minecraft/commands/execution/package-info;
[23:09:23] [main/DEBUG]: Skipping Lnet/minecraft/commands/execution/UnboundEntryAction;
[23:09:23] [main/DEBUG]: Skipping Lnet/minecraft/commands/execution/TraceCallbacks;
[23:09:23] [main/DEBUG]: Skipping Lnet/minecraft/commands/execution/Frame;
[23:09:23] [main/DEBUG]: Skipping Lnet/minecraft/commands/execution/Frame$FrameControl;
[23:09:23] [main/DEBUG]: Skipping Lnet/minecraft/commands/execution/ExecutionControl;
[23:09:23] [main/DEBUG]: Skipping Lnet/minecraft/commands/execution/ExecutionControl$1;
[23:09:23] [main/DEBUG]: Skipping Lnet/minecraft/commands/execution/ExecutionContext;
[23:09:23] [main/DEBUG]: Skipping Lnet/minecraft/commands/execution/EntryAction;
[23:09:23] [main/DEBUG]: Skipping Lnet/minecraft/commands/execution/CustomModifierExecutor;
[23:09:23] [main/DEBUG]: Skipping Lnet/minecraft/commands/execution/CustomModifierExecutor$ModifierAdapter;
[23:09:23] [main/DEBUG]: Skipping Lnet/minecraft/commands/execution/CustomCommandExecutor;
[23:09:23] [main/DEBUG]: Skipping Lnet/minecraft/commands/execution/CustomCommandExecutor$WithErrorHandling;
[23:09:23] [main/DEBUG]: Skipping Lnet/minecraft/commands/execution/CustomCommandExecutor$CommandAdapter;
[23:09:23] [main/DEBUG]: Skipping Lnet/minecraft/commands/execution/CommandQueueEntry;
[23:09:23] [main/DEBUG]: Skipping Lnet/minecraft/commands/execution/ChainModifiers;
[23:09:23] [main/DEBUG]: Skipping Lnet/minecraft/commands/arguments/selector/package-info;
[23:09:23] [main/DEBUG]: Skipping Lnet/minecraft/commands/arguments/selector/options/package-info;
[23:09:23] [main/DEBUG]: Transforming class Lnet/minecraft/commands/arguments/selector/options/EntitySelectorOptions;
[23:09:23] [main/DEBUG]: Transforming net/minecraft/commands/arguments/selector/options/EntitySelectorOptions METHOD m_121453_(Ljava/lang/String;Lnet/minecraft/commands/arguments/selector/options/EntitySelectorOptions$Modifier;Ljava/util/function/Predicate;Lnet/minecraft/network/chat/Component;)V to access PUBLIC and LEAVE
[23:09:23] [main/DEBUG]: Skipping Lnet/minecraft/commands/arguments/selector/options/EntitySelectorOptions$Option;
[23:09:23] [main/DEBUG]: Skipping Lnet/minecraft/commands/arguments/selector/options/EntitySelectorOptions$Modifier;
[23:09:23] [main/DEBUG]: Transforming class Lnet/minecraft/commands/arguments/selector/EntitySelectorParser;
[23:09:23] [main/DEBUG]: Transforming net/minecraft/commands/arguments/selector/EntitySelectorParser METHOD m_121229_()V to access PUBLIC and LEAVE
[23:09:23] [main/DEBUG]: Transforming net/minecraft/commands/arguments/selector/EntitySelectorParser METHOD m_121317_()V to access PUBLIC and LEAVE
[23:09:23] [main/DEBUG]: Skipping Lnet/minecraft/commands/arguments/selector/EntitySelector;
[23:09:23] [main/DEBUG]: Skipping Lnet/minecraft/commands/arguments/selector/EntitySelector$1;
[23:09:23] [main/DEBUG]: Skipping Lnet/minecraft/commands/arguments/package-info;
[23:09:23] [main/DEBUG]: Skipping Lnet/minecraft/commands/arguments/item/package-info;
[23:09:23] [main/DEBUG]: Skipping Lnet/minecraft/commands/arguments/item/ItemPredicateArgument;
[23:09:23] [main/DEBUG]: Skipping Lnet/minecraft/commands/arguments/item/ItemPredicateArgument$Result;
[23:09:23] [main/DEBUG]: Skipping Lnet/minecraft/commands/arguments/item/ItemPredicateArgument$PredicateWrapper;
[23:09:23] [main/DEBUG]: Skipping Lnet/minecraft/commands/arguments/item/ItemPredicateArgument$Context;
[23:09:23] [main/DEBUG]: Skipping Lnet/minecraft/commands/arguments/item/ItemPredicateArgument$ComponentWrapper;
[23:09:23] [main/DEBUG]: Skipping Lnet/minecraft/commands/arguments/item/ItemParser;
[23:09:23] [main/DEBUG]: Skipping Lnet/minecraft/commands/arguments/item/ItemParser$Visitor;
[23:09:23] [main/DEBUG]: Skipping Lnet/minecraft/commands/arguments/item/ItemParser$SuggestionsVisitor;
[23:09:23] [main/DEBUG]: Skipping Lnet/minecraft/commands/arguments/item/ItemParser$State;
[23:09:23] [main/DEBUG]: Skipping Lnet/minecraft/commands/arguments/item/ItemParser$ItemResult;
[23:09:23] [main/DEBUG]: Skipping Lnet/minecraft/commands/arguments/item/ItemParser$1;
[23:09:23] [main/DEBUG]: Skipping Lnet/minecraft/commands/arguments/item/ItemInput;
[23:09:23] [main/DEBUG]: Skipping Lnet/minecraft/commands/arguments/item/ItemArgument;
[23:09:23] [main/DEBUG]: Skipping Lnet/minecraft/commands/arguments/item/FunctionArgument;
[23:09:23] [main/DEBUG]: Skipping Lnet/minecraft/commands/arguments/item/FunctionArgument$Result;
[23:09:23] [main/DEBUG]: Skipping Lnet/minecraft/commands/arguments/item/FunctionArgument$2;
[23:09:23] [main/DEBUG]: Skipping Lnet/minecraft/commands/arguments/item/FunctionArgument$1;
[23:09:23] [main/DEBUG]: Skipping Lnet/minecraft/commands/arguments/item/ComponentPredicateParser;
[23:09:23] [main/DEBUG]: Skipping Lnet/minecraft/commands/arguments/item/ComponentPredicateParser$TagLookupRule;
[23:09:23] [main/DEBUG]: Skipping Lnet/minecraft/commands/arguments/item/ComponentPredicateParser$PredicateLookupRule;
[23:09:23] [main/DEBUG]: Skipping Lnet/minecraft/commands/arguments/item/ComponentPredicateParser$ElementLookupRule;
[23:09:23] [main/DEBUG]: Skipping Lnet/minecraft/commands/arguments/item/ComponentPredicateParser$Context;
[23:09:23] [main/DEBUG]: Skipping Lnet/minecraft/commands/arguments/item/ComponentPredicateParser$ComponentLookupRule;
[23:09:23] [main/DEBUG]: Skipping Lnet/minecraft/commands/arguments/coordinates/package-info;
[23:09:23] [main/DEBUG]: Skipping Lnet/minecraft/commands/arguments/coordinates/WorldCoordinates;
[23:09:23] [main/DEBUG]: Skipping Lnet/minecraft/commands/arguments/coordinates/WorldCoordinate;
[23:09:23] [main/DEBUG]: Skipping Lnet/minecraft/commands/arguments/coordinates/Vec3Argument;
[23:09:23] [main/DEBUG]: Skipping Lnet/minecraft/commands/arguments/coordinates/Vec2Argument;
[23:09:23] [main/DEBUG]: Skipping Lnet/minecraft/commands/arguments/coordinates/SwizzleArgument;
[23:09:23] [main/DEBUG]: Skipping Lnet/minecraft/commands/arguments/coordinates/RotationArgument;
[23:09:23] [main/DEBUG]: Skipping Lnet/minecraft/commands/arguments/coordinates/LocalCoordinates;
[23:09:23] [main/DEBUG]: Skipping Lnet/minecraft/commands/arguments/coordinates/Coordinates;
[23:09:23] [main/DEBUG]: Skipping Lnet/minecraft/commands/arguments/coordinates/ColumnPosArgument;
[23:09:23] [main/DEBUG]: Skipping Lnet/minecraft/commands/arguments/coordinates/BlockPosArgument;
[23:09:23] [main/DEBUG]: Skipping Lnet/minecraft/commands/arguments/blocks/package-info;
[23:09:23] [main/DEBUG]: Skipping Lnet/minecraft/commands/arguments/blocks/BlockStateParser;
[23:09:23] [main/DEBUG]: Skipping Lnet/minecraft/commands/arguments/blocks/BlockStateParser$TagResult;
[23:09:23] [main/DEBUG]: Skipping Lnet/minecraft/commands/arguments/blocks/BlockStateParser$BlockResult;
[23:09:23] [main/DEBUG]: Skipping Lnet/minecraft/commands/arguments/blocks/BlockStateArgument;
[23:09:23] [main/DEBUG]: Skipping Lnet/minecraft/commands/arguments/blocks/BlockPredicateArgument;
[23:09:23] [main/DEBUG]: Skipping Lnet/minecraft/commands/arguments/blocks/BlockPredicateArgument$TagPredicate;
[23:09:23] [main/DEBUG]: Skipping Lnet/minecraft/commands/arguments/blocks/BlockPredicateArgument$Result;
[23:09:23] [main/DEBUG]: Skipping Lnet/minecraft/commands/arguments/blocks/BlockPredicateArgument$BlockPredicate;
[23:09:23] [main/DEBUG]: Skipping Lnet/minecraft/commands/arguments/blocks/BlockInput;
[23:09:23] [main/DEBUG]: Skipping Lnet/minecraft/commands/arguments/UuidArgument;
[23:09:23] [main/DEBUG]: Skipping Lnet/minecraft/commands/arguments/TimeArgument;
[23:09:23] [main/DEBUG]: Skipping Lnet/minecraft/commands/arguments/TimeArgument$Info;
[23:09:23] [main/DEBUG]: Skipping Lnet/minecraft/commands/arguments/TimeArgument$Info$Template;
[23:09:23] [main/DEBUG]: Skipping Lnet/minecraft/commands/arguments/TemplateRotationArgument;
[23:09:23] [main/DEBUG]: Skipping Lnet/minecraft/commands/arguments/TemplateMirrorArgument;
[23:09:23] [main/DEBUG]: Skipping Lnet/minecraft/commands/arguments/StyleArgument;
[23:09:23] [main/DEBUG]: Skipping Lnet/minecraft/commands/arguments/StringRepresentableArgument;
[23:09:23] [main/DEBUG]: Skipping Lnet/minecraft/commands/arguments/SlotsArgument;
[23:09:23] [main/DEBUG]: Skipping Lnet/minecraft/commands/arguments/SlotArgument;
[23:09:23] [main/DEBUG]: Skipping Lnet/minecraft/commands/arguments/SignedArgument;
[23:09:23] [main/DEBUG]: Skipping Lnet/minecraft/commands/arguments/ScoreboardSlotArgument;
[23:09:23] [main/DEBUG]: Skipping Lnet/minecraft/commands/arguments/ScoreHolderArgument;
[23:09:23] [main/DEBUG]: Skipping Lnet/minecraft/commands/arguments/ScoreHolderArgument$SelectorResult;
[23:09:23] [main/DEBUG]: Skipping Lnet/minecraft/commands/arguments/ScoreHolderArgument$Result;
[23:09:23] [main/DEBUG]: Skipping Lnet/minecraft/commands/arguments/ScoreHolderArgument$Info;
[23:09:23] [main/DEBUG]: Skipping Lnet/minecraft/commands/arguments/ScoreHolderArgument$Info$Template;
[23:09:23] [main/DEBUG]: Skipping Lnet/minecraft/commands/arguments/ResourceOrTagKeyArgument;
[23:09:23] [main/DEBUG]: Skipping Lnet/minecraft/commands/arguments/ResourceOrTagKeyArgument$TagResult;
[23:09:23] [main/DEBUG]: Skipping Lnet/minecraft/commands/arguments/ResourceOrTagKeyArgument$Result;
[23:09:23] [main/DEBUG]: Skipping Lnet/minecraft/commands/arguments/ResourceOrTagKeyArgument$ResourceResult;
[23:09:23] [main/DEBUG]: Skipping Lnet/minecraft/commands/arguments/ResourceOrTagKeyArgument$Info;
[23:09:23] [main/DEBUG]: Skipping Lnet/minecraft/commands/arguments/ResourceOrTagKeyArgument$Info$Template;
[23:09:23] [main/DEBUG]: Skipping Lnet/minecraft/commands/arguments/ResourceOrTagArgument;
[23:09:23] [main/DEBUG]: Skipping Lnet/minecraft/commands/arguments/ResourceOrTagArgument$TagResult;
[23:09:23] [main/DEBUG]: Skipping Lnet/minecraft/commands/arguments/ResourceOrTagArgument$Result;
[23:09:23] [main/DEBUG]: Skipping Lnet/minecraft/commands/arguments/ResourceOrTagArgument$ResourceResult;
[23:09:23] [main/DEBUG]: Skipping Lnet/minecraft/commands/arguments/ResourceOrTagArgument$Info;
[23:09:23] [main/DEBUG]: Skipping Lnet/minecraft/commands/arguments/ResourceOrTagArgument$Info$Template;
[23:09:23] [main/DEBUG]: Skipping Lnet/minecraft/commands/arguments/ResourceOrIdArgument;
[23:09:23] [main/DEBUG]: Skipping Lnet/minecraft/commands/arguments/ResourceOrIdArgument$LootTableArgument;
[23:09:23] [main/DEBUG]: Skipping Lnet/minecraft/commands/arguments/ResourceOrIdArgument$LootPredicateArgument;
[23:09:23] [main/DEBUG]: Skipping Lnet/minecraft/commands/arguments/ResourceOrIdArgument$LootModifierArgument;
[23:09:23] [main/DEBUG]: Skipping Lnet/minecraft/commands/arguments/ResourceKeyArgument;
[23:09:23] [main/DEBUG]: Skipping Lnet/minecraft/commands/arguments/ResourceKeyArgument$Info;
[23:09:23] [main/DEBUG]: Skipping Lnet/minecraft/commands/arguments/ResourceKeyArgument$Info$Template;
[23:09:23] [main/DEBUG]: Skipping Lnet/minecraft/commands/arguments/ResourceArgument;
[23:09:23] [main/DEBUG]: Skipping Lnet/minecraft/commands/arguments/ResourceArgument$Info;
[23:09:23] [main/DEBUG]: Skipping Lnet/minecraft/commands/arguments/ResourceArgument$Info$Template;
[23:09:23] [main/DEBUG]: Skipping Lnet/minecraft/commands/arguments/RangeArgument;
[23:09:23] [main/DEBUG]: Skipping Lnet/minecraft/commands/arguments/RangeArgument$Ints;
[23:09:23] [main/DEBUG]: Skipping Lnet/minecraft/commands/arguments/RangeArgument$Floats;
[23:09:23] [main/DEBUG]: Skipping Lnet/minecraft/commands/arguments/ParticleArgument;
[23:09:23] [main/DEBUG]: Skipping Lnet/minecraft/commands/arguments/OperationArgument;
[23:09:23] [main/DEBUG]: Skipping Lnet/minecraft/commands/arguments/OperationArgument$SimpleOperation;
[23:09:23] [main/DEBUG]: Skipping Lnet/minecraft/commands/arguments/OperationArgument$Operation;
[23:09:23] [main/DEBUG]: Skipping Lnet/minecraft/commands/arguments/ObjectiveCriteriaArgument;
[23:09:23] [main/DEBUG]: Skipping Lnet/minecraft/commands/arguments/NbtTagArgument;
[23:09:23] [main/DEBUG]: Skipping Lnet/minecraft/commands/arguments/NbtPathArgument;
[23:09:23] [main/DEBUG]: Skipping Lnet/minecraft/commands/arguments/NbtPathArgument$Node;
[23:09:23] [main/DEBUG]: Skipping Lnet/minecraft/commands/arguments/NbtPathArgument$NbtPath;
[23:09:23] [main/DEBUG]: Skipping Lnet/minecraft/commands/arguments/NbtPathArgument$MatchRootObjectNode;
[23:09:23] [main/DEBUG]: Skipping Lnet/minecraft/commands/arguments/NbtPathArgument$MatchObjectNode;
[23:09:23] [main/DEBUG]: Skipping Lnet/minecraft/commands/arguments/NbtPathArgument$MatchElementNode;
[23:09:23] [main/DEBUG]: Skipping Lnet/minecraft/commands/arguments/NbtPathArgument$IndexedElementNode;
[23:09:23] [main/DEBUG]: Skipping Lnet/minecraft/commands/arguments/NbtPathArgument$CompoundChildNode;
[23:09:23] [main/DEBUG]: Skipping Lnet/minecraft/commands/arguments/NbtPathArgument$AllElementsNode;
[23:09:23] [main/DEBUG]: Skipping Lnet/minecraft/commands/arguments/HeightmapTypeArgument;
[23:09:23] [main/DEBUG]: Skipping Lnet/minecraft/commands/arguments/GameProfileArgument;
[23:09:23] [main/DEBUG]: Skipping Lnet/minecraft/commands/arguments/GameProfileArgument$SelectorResult;
[23:09:23] [main/DEBUG]: Skipping Lnet/minecraft/commands/arguments/GameProfileArgument$Result;
[23:09:23] [main/DEBUG]: Skipping Lnet/minecraft/commands/arguments/GameModeArgument;
[23:09:23] [main/DEBUG]: Skipping Lnet/minecraft/commands/arguments/EntityAnchorArgument;
[23:09:23] [main/DEBUG]: Skipping Lnet/minecraft/commands/arguments/EntityAnchorArgument$Anchor;
[23:09:23] [main/DEBUG]: Skipping Lnet/minecraft/commands/arguments/DimensionArgument;
[23:09:23] [main/DEBUG]: Skipping Lnet/minecraft/commands/arguments/CompoundTagArgument;
[23:09:23] [main/DEBUG]: Skipping Lnet/minecraft/commands/arguments/ComponentArgument;
[23:09:23] [main/DEBUG]: Skipping Lnet/minecraft/commands/arguments/ColorArgument;
[23:09:23] [main/DEBUG]: Skipping Lnet/minecraft/commands/arguments/ArgumentSignatures;
[23:09:23] [main/DEBUG]: Skipping Lnet/minecraft/commands/arguments/ArgumentSignatures$Signer;
[23:09:23] [main/DEBUG]: Skipping Lnet/minecraft/commands/arguments/ArgumentSignatures$Entry;
[23:09:23] [main/DEBUG]: Skipping Lnet/minecraft/commands/arguments/AngleArgument;
[23:09:23] [main/DEBUG]: Skipping Lnet/minecraft/commands/arguments/AngleArgument$SingleAngle;
[23:09:23] [main/DEBUG]: Skipping Lnet/minecraft/commands/arguments/TeamArgument;
[23:09:23] [main/DEBUG]: Skipping Lnet/minecraft/commands/arguments/ResourceLocationArgument;
[23:09:23] [main/DEBUG]: Skipping Lnet/minecraft/commands/arguments/ObjectiveArgument;
[23:09:23] [main/DEBUG]: Skipping Lnet/minecraft/commands/arguments/MessageArgument;
[23:09:23] [main/DEBUG]: Skipping Lnet/minecraft/commands/arguments/MessageArgument$Part;
[23:09:23] [main/DEBUG]: Skipping Lnet/minecraft/commands/arguments/MessageArgument$Message;
[23:09:23] [main/DEBUG]: Skipping Lnet/minecraft/commands/arguments/EntityArgument;
[23:09:23] [main/DEBUG]: Skipping Lnet/minecraft/commands/arguments/EntityArgument$Info;
[23:09:23] [main/DEBUG]: Skipping Lnet/minecraft/commands/arguments/EntityArgument$Info$Template;
[23:09:23] [main/DEBUG]: Skipping Lnet/minecraft/commands/ParserUtils;
[23:09:23] [main/DEBUG]: Skipping Lnet/minecraft/commands/FunctionInstantiationException;
[23:09:23] [main/DEBUG]: Skipping Lnet/minecraft/commands/ExecutionCommandSource;
[23:09:23] [main/DEBUG]: Skipping Lnet/minecraft/commands/CommandSource;
[23:09:23] [main/DEBUG]: Skipping Lnet/minecraft/commands/CommandSource$1;
[23:09:23] [main/DEBUG]: Skipping Lnet/minecraft/commands/CommandSigningContext;
[23:09:23] [main/DEBUG]: Skipping Lnet/minecraft/commands/CommandSigningContext$SignedArguments;
[23:09:23] [main/DEBUG]: Skipping Lnet/minecraft/commands/CommandSigningContext$1;
[23:09:23] [main/DEBUG]: Skipping Lnet/minecraft/commands/CommandResultCallback;
[23:09:23] [main/DEBUG]: Skipping Lnet/minecraft/commands/CommandResultCallback$1;
[23:09:23] [main/DEBUG]: Skipping Lnet/minecraft/commands/CommandBuildContext;
[23:09:23] [main/DEBUG]: Skipping Lnet/minecraft/commands/CommandBuildContext$1;
[23:09:23] [main/DEBUG]: Skipping Lnet/minecraft/commands/CacheableFunction;
[23:09:23] [main/DEBUG]: Skipping Lnet/minecraft/commands/BrigadierExceptions;
[23:09:23] [main/DEBUG]: Skipping Lnet/minecraft/commands/SharedSuggestionProvider;
[23:09:23] [main/DEBUG]: Skipping Lnet/minecraft/commands/SharedSuggestionProvider$TextCoordinates;
[23:09:23] [main/DEBUG]: Skipping Lnet/minecraft/commands/SharedSuggestionProvider$ElementSuggestionType;
[23:09:23] [main/DEBUG]: Skipping Lnet/minecraft/commands/Commands;
[23:09:23] [main/DEBUG]: Skipping Lnet/minecraft/commands/Commands$ParseFunction;
[23:09:23] [main/DEBUG]: Skipping Lnet/minecraft/commands/Commands$CommandSelection;
[23:09:23] [main/DEBUG]: Skipping Lnet/minecraft/commands/Commands$1;
[23:09:23] [main/DEBUG]: Skipping Lnet/minecraft/commands/Commands$1$1;
[23:09:23] [main/DEBUG]: Transforming class Lnet/minecraft/commands/CommandSourceStack;
[23:09:23] [main/DEBUG]: Transforming net/minecraft/commands/CommandSourceStack FIELD f_81288_ to access PUBLIC and LEAVE
[23:09:23] [main/DEBUG]: Skipping Lnet/minecraft/client/tutorial/package-info;
[23:09:23] [main/DEBUG]: Skipping Lnet/minecraft/client/tutorial/TutorialSteps;
[23:09:23] [main/DEBUG]: Skipping Lnet/minecraft/client/tutorial/TutorialStepInstance;
[23:09:23] [main/DEBUG]: Skipping Lnet/minecraft/client/tutorial/Tutorial;
[23:09:23] [main/DEBUG]: Skipping Lnet/minecraft/client/tutorial/Tutorial$TimedToast;
[23:09:23] [main/DEBUG]: Skipping Lnet/minecraft/client/tutorial/PunchTreeTutorialStepInstance;
[23:09:23] [main/DEBUG]: Skipping Lnet/minecraft/client/tutorial/OpenInventoryTutorialStep;
[23:09:23] [main/DEBUG]: Skipping Lnet/minecraft/client/tutorial/MovementTutorialStepInstance;
[23:09:23] [main/DEBUG]: Skipping Lnet/minecraft/client/tutorial/FindTreeTutorialStepInstance;
[23:09:23] [main/DEBUG]: Skipping Lnet/minecraft/client/tutorial/CraftPlanksTutorialStep;
[23:09:23] [main/DEBUG]: Skipping Lnet/minecraft/client/tutorial/CompletedTutorialStepInstance;
[23:09:23] [main/DEBUG]: Skipping Lnet/minecraft/client/tutorial/BundleTutorial;
[23:09:23] [main/DEBUG]: Skipping Lnet/minecraft/client/telemetry/package-info;
[23:09:23] [main/DEBUG]: Skipping Lnet/minecraft/client/telemetry/events/package-info;
[23:09:23] [main/DEBUG]: Skipping Lnet/minecraft/client/telemetry/events/WorldUnloadEvent;
[23:09:23] [main/DEBUG]: Skipping Lnet/minecraft/client/telemetry/events/WorldLoadTimesEvent;
[23:09:23] [main/DEBUG]: Skipping Lnet/minecraft/client/telemetry/events/WorldLoadEvent;
[23:09:23] [main/DEBUG]: Skipping Lnet/minecraft/client/telemetry/events/WorldLoadEvent$1;
[23:09:23] [main/DEBUG]: Skipping Lnet/minecraft/client/telemetry/events/PerformanceMetricsEvent;
[23:09:23] [main/DEBUG]: Skipping Lnet/minecraft/client/telemetry/events/GameLoadTimesEvent;
[23:09:23] [main/DEBUG]: Skipping Lnet/minecraft/client/telemetry/events/GameLoadTimesEvent$Measurement;
[23:09:23] [main/DEBUG]: Skipping Lnet/minecraft/client/telemetry/events/AggregatedTelemetryEvent;
[23:09:23] [main/DEBUG]: Skipping Lnet/minecraft/client/telemetry/WorldSessionTelemetryManager;
[23:09:23] [main/DEBUG]: Skipping Lnet/minecraft/client/telemetry/TelemetryPropertyMap;
[23:09:23] [main/DEBUG]: Skipping Lnet/minecraft/client/telemetry/TelemetryPropertyMap$Builder;
[23:09:23] [main/DEBUG]: Skipping Lnet/minecraft/client/telemetry/TelemetryPropertyMap$1;
[23:09:23] [main/DEBUG]: Skipping Lnet/minecraft/client/telemetry/TelemetryProperty;
[23:09:23] [main/DEBUG]: Skipping Lnet/minecraft/client/telemetry/TelemetryProperty$ServerType;
[23:09:23] [main/DEBUG]: Skipping Lnet/minecraft/client/telemetry/TelemetryProperty$GameMode;
[23:09:23] [main/DEBUG]: Skipping Lnet/minecraft/client/telemetry/TelemetryProperty$Exporter;
[23:09:23] [main/DEBUG]: Skipping Lnet/minecraft/client/telemetry/TelemetryLogManager;
[23:09:23] [main/DEBUG]: Skipping Lnet/minecraft/client/telemetry/TelemetryEventType;
[23:09:23] [main/DEBUG]: Skipping Lnet/minecraft/client/telemetry/TelemetryEventType$Builder;
[23:09:23] [main/DEBUG]: Skipping Lnet/minecraft/client/telemetry/TelemetryEventSender;
[23:09:23] [main/DEBUG]: Skipping Lnet/minecraft/client/telemetry/TelemetryEventLogger;
[23:09:23] [main/DEBUG]: Skipping Lnet/minecraft/client/telemetry/TelemetryEventLog;
[23:09:23] [main/DEBUG]: Skipping Lnet/minecraft/client/telemetry/TelemetryEventInstance;
[23:09:23] [main/DEBUG]: Skipping Lnet/minecraft/client/telemetry/ClientTelemetryManager;
[23:09:23] [main/DEBUG]: Skipping Lnet/minecraft/client/sounds/package-info;
[23:09:23] [main/DEBUG]: Skipping Lnet/minecraft/client/sounds/Weighted;
[23:09:23] [main/DEBUG]: Skipping Lnet/minecraft/client/sounds/WeighedSoundEvents;
[23:09:23] [main/DEBUG]: Skipping Lnet/minecraft/client/sounds/SoundManager;
[23:09:23] [main/DEBUG]: Skipping Lnet/minecraft/client/sounds/SoundManager$Preparations;
[23:09:23] [main/DEBUG]: Skipping Lnet/minecraft/client/sounds/SoundManager$Preparations$1;
[23:09:23] [main/DEBUG]: Skipping Lnet/minecraft/client/sounds/SoundManager$2;
[23:09:23] [main/DEBUG]: Skipping Lnet/minecraft/client/sounds/SoundManager$1;
[23:09:23] [main/DEBUG]: Skipping Lnet/minecraft/client/sounds/SoundEventListener;
[23:09:23] [main/DEBUG]: Skipping Lnet/minecraft/client/sounds/SoundEngineExecutor;
[23:09:23] [main/DEBUG]: Skipping Lnet/minecraft/client/sounds/SoundBufferLibrary;
[23:09:23] [main/DEBUG]: Skipping Lnet/minecraft/client/sounds/MusicManager;
[23:09:23] [main/DEBUG]: Skipping Lnet/minecraft/client/sounds/LoopingAudioStream;
[23:09:23] [main/DEBUG]: Skipping Lnet/minecraft/client/sounds/LoopingAudioStream$NoCloseBuffer;
[23:09:23] [main/DEBUG]: Skipping Lnet/minecraft/client/sounds/LoopingAudioStream$AudioStreamProvider;
[23:09:23] [main/DEBUG]: Skipping Lnet/minecraft/client/sounds/JOrbisAudioStream;
[23:09:23] [main/DEBUG]: Skipping Lnet/minecraft/client/sounds/FloatSampleSource;
[23:09:23] [main/DEBUG]: Skipping Lnet/minecraft/client/sounds/FiniteAudioStream;
[23:09:23] [main/DEBUG]: Skipping Lnet/minecraft/client/sounds/ChunkedSampleByteBuf;
[23:09:23] [main/DEBUG]: Skipping Lnet/minecraft/client/sounds/ChannelAccess;
[23:09:23] [main/DEBUG]: Skipping Lnet/minecraft/client/sounds/ChannelAccess$ChannelHandle;
[23:09:23] [main/DEBUG]: Skipping Lnet/minecraft/client/sounds/AudioStream;
[23:09:23] [main/DEBUG]: Transforming class Lnet/minecraft/client/sounds/SoundEngine;
[23:09:23] [main/DEBUG]: Transforming net/minecraft/client/sounds/SoundEngine FIELD f_120217_ to access PUBLIC and LEAVE
[23:09:23] [main/DEBUG]: Skipping Lnet/minecraft/client/sounds/SoundEngine$DeviceCheckState;
[23:09:23] [main/DEBUG]: Skipping Lnet/minecraft/client/server/package-info;
[23:09:23] [main/DEBUG]: Skipping Lnet/minecraft/client/server/LanServer;
[23:09:23] [main/DEBUG]: Skipping Lnet/minecraft/client/server/IntegratedPlayerList;
[23:09:23] [main/DEBUG]: Skipping Lnet/minecraft/client/server/LanServerPinger;
[23:09:23] [main/DEBUG]: Skipping Lnet/minecraft/client/server/LanServerDetection;
[23:09:23] [main/DEBUG]: Skipping Lnet/minecraft/client/server/LanServerDetection$LanServerList;
[23:09:23] [main/DEBUG]: Skipping Lnet/minecraft/client/server/LanServerDetection$LanServerDetector;
[23:09:23] [main/DEBUG]: Skipping Lnet/minecraft/client/server/IntegratedServer;
[23:09:23] [main/DEBUG]: Skipping Lnet/minecraft/client/searchtree/package-info;
[23:09:23] [main/DEBUG]: Skipping Lnet/minecraft/client/searchtree/SuffixArray;
[23:09:23] [main/DEBUG]: Skipping Lnet/minecraft/client/searchtree/SearchTree;
[23:09:23] [main/DEBUG]: Skipping Lnet/minecraft/client/searchtree/ResourceLocationSearchTree;
[23:09:23] [main/DEBUG]: Skipping Lnet/minecraft/client/searchtree/ResourceLocationSearchTree$2;
[23:09:23] [main/DEBUG]: Skipping Lnet/minecraft/client/searchtree/ResourceLocationSearchTree$1;
[23:09:23] [main/DEBUG]: Skipping Lnet/minecraft/client/searchtree/MergingUniqueIterator;
[23:09:23] [main/DEBUG]: Skipping Lnet/minecraft/client/searchtree/IntersectionIterator;
[23:09:23] [main/DEBUG]: Skipping Lnet/minecraft/client/searchtree/IdSearchTree;
[23:09:23] [main/DEBUG]: Skipping Lnet/minecraft/client/searchtree/FullTextSearchTree;
[23:09:23] [main/DEBUG]: Skipping Lnet/minecraft/client/resources/sounds/package-info;
[23:09:23] [main/DEBUG]: Skipping Lnet/minecraft/client/resources/sounds/UnderwaterAmbientSoundInstances;
[23:09:23] [main/DEBUG]: Skipping Lnet/minecraft/client/resources/sounds/UnderwaterAmbientSoundInstances$UnderwaterAmbientSoundInstance;
[23:09:23] [main/DEBUG]: Skipping Lnet/minecraft/client/resources/sounds/UnderwaterAmbientSoundInstances$SubSound;
[23:09:23] [main/DEBUG]: Skipping Lnet/minecraft/client/resources/sounds/UnderwaterAmbientSoundHandler;
[23:09:23] [main/DEBUG]: Skipping Lnet/minecraft/client/resources/sounds/TickableSoundInstance;
[23:09:23] [main/DEBUG]: Skipping Lnet/minecraft/client/resources/sounds/SoundEventRegistrationSerializer;
[23:09:23] [main/DEBUG]: Skipping Lnet/minecraft/client/resources/sounds/SoundEventRegistration;
[23:09:23] [main/DEBUG]: Skipping Lnet/minecraft/client/resources/sounds/Sound;
[23:09:23] [main/DEBUG]: Skipping Lnet/minecraft/client/resources/sounds/Sound$Type;
[23:09:23] [main/DEBUG]: Skipping Lnet/minecraft/client/resources/sounds/SnifferSoundInstance;
[23:09:23] [main/DEBUG]: Skipping Lnet/minecraft/client/resources/sounds/SimpleSoundInstance;
[23:09:23] [main/DEBUG]: Skipping Lnet/minecraft/client/resources/sounds/RidingMinecartSoundInstance;
[23:09:23] [main/DEBUG]: Skipping Lnet/minecraft/client/resources/sounds/MinecartSoundInstance;
[23:09:23] [main/DEBUG]: Skipping Lnet/minecraft/client/resources/sounds/GuardianAttackSoundInstance;
[23:09:23] [main/DEBUG]: Skipping Lnet/minecraft/client/resources/sounds/EntityBoundSoundInstance;
[23:09:23] [main/DEBUG]: Skipping Lnet/minecraft/client/resources/sounds/ElytraOnPlayerSoundInstance;
[23:09:23] [main/DEBUG]: Skipping Lnet/minecraft/client/resources/sounds/BubbleColumnAmbientSoundHandler;
[23:09:23] [main/DEBUG]: Skipping Lnet/minecraft/client/resources/sounds/BiomeAmbientSoundsHandler;
[23:09:23] [main/DEBUG]: Skipping Lnet/minecraft/client/resources/sounds/BiomeAmbientSoundsHandler$LoopSoundInstance;
[23:09:23] [main/DEBUG]: Skipping Lnet/minecraft/client/resources/sounds/BeeSoundInstance;
[23:09:23] [main/DEBUG]: Skipping Lnet/minecraft/client/resources/sounds/BeeFlyingSoundInstance;
[23:09:23] [main/DEBUG]: Skipping Lnet/minecraft/client/resources/sounds/BeeAggressiveSoundInstance;
[23:09:23] [main/DEBUG]: Skipping Lnet/minecraft/client/resources/sounds/AmbientSoundHandler;
[23:09:23] [main/DEBUG]: Skipping Lnet/minecraft/client/resources/sounds/AbstractTickableSoundInstance;
[23:09:23] [main/DEBUG]: Skipping Lnet/minecraft/client/resources/sounds/AbstractSoundInstance;
[23:09:23] [main/DEBUG]: Skipping Lnet/minecraft/client/resources/sounds/SoundInstance;
[23:09:23] [main/DEBUG]: Skipping Lnet/minecraft/client/resources/sounds/SoundInstance$Attenuation;
[23:09:23] [main/DEBUG]: Skipping Lnet/minecraft/client/resources/server/package-info;
[23:09:23] [main/DEBUG]: Skipping Lnet/minecraft/client/resources/server/ServerPackManager;
[23:09:23] [main/DEBUG]: Skipping Lnet/minecraft/client/resources/server/ServerPackManager$ServerPackData;
[23:09:23] [main/DEBUG]: Skipping Lnet/minecraft/client/resources/server/ServerPackManager$RemovalReason;
[23:09:23] [main/DEBUG]: Skipping Lnet/minecraft/client/resources/server/ServerPackManager$PackPromptStatus;
[23:09:23] [main/DEBUG]: Skipping Lnet/minecraft/client/resources/server/ServerPackManager$PackDownloadStatus;
[23:09:23] [main/DEBUG]: Skipping Lnet/minecraft/client/resources/server/ServerPackManager$ActivationStatus;
[23:09:23] [main/DEBUG]: Skipping Lnet/minecraft/client/resources/server/ServerPackManager$1;
[23:09:23] [main/DEBUG]: Skipping Lnet/minecraft/client/resources/server/PackReloadConfig;
[23:09:23] [main/DEBUG]: Skipping Lnet/minecraft/client/resources/server/PackReloadConfig$IdAndPath;
[23:09:23] [main/DEBUG]: Skipping Lnet/minecraft/client/resources/server/PackReloadConfig$Callbacks;
[23:09:23] [main/DEBUG]: Skipping Lnet/minecraft/client/resources/server/PackLoadFeedback;
[23:09:23] [main/DEBUG]: Skipping Lnet/minecraft/client/resources/server/PackLoadFeedback$Update;
[23:09:23] [main/DEBUG]: Skipping Lnet/minecraft/client/resources/server/PackLoadFeedback$FinalResult;
[23:09:23] [main/DEBUG]: Skipping Lnet/minecraft/client/resources/server/PackDownloader;
[23:09:23] [main/DEBUG]: Skipping Lnet/minecraft/client/resources/server/DownloadedPackSource;
[23:09:23] [main/DEBUG]: Skipping Lnet/minecraft/client/resources/server/DownloadedPackSource$8;
[23:09:23] [main/DEBUG]: Skipping Lnet/minecraft/client/resources/server/DownloadedPackSource$7;
[23:09:23] [main/DEBUG]: Skipping Lnet/minecraft/client/resources/server/DownloadedPackSource$6;
[23:09:23] [main/DEBUG]: Skipping Lnet/minecraft/client/resources/server/DownloadedPackSource$5;
[23:09:23] [main/DEBUG]: Skipping Lnet/minecraft/client/resources/server/DownloadedPackSource$4;
[23:09:23] [main/DEBUG]: Skipping Lnet/minecraft/client/resources/server/DownloadedPackSource$3;
[23:09:23] [main/DEBUG]: Skipping Lnet/minecraft/client/resources/server/DownloadedPackSource$2;
[23:09:23] [main/DEBUG]: Skipping Lnet/minecraft/client/resources/server/DownloadedPackSource$1;
[23:09:23] [main/DEBUG]: Skipping Lnet/minecraft/client/resources/package-info;
[23:09:23] [main/DEBUG]: Skipping Lnet/minecraft/client/resources/model/package-info;
[23:09:23] [main/DEBUG]: Skipping Lnet/minecraft/client/resources/model/UnbakedModel;
[23:09:23] [main/DEBUG]: Skipping Lnet/minecraft/client/resources/model/ModelState;
[23:09:23] [main/DEBUG]: Skipping Lnet/minecraft/client/resources/model/ModelResourceLocation;
[23:09:23] [main/DEBUG]: Skipping Lnet/minecraft/client/resources/model/Material;
[23:09:23] [main/DEBUG]: Skipping Lnet/minecraft/client/resources/model/BuiltInModel;
[23:09:23] [main/DEBUG]: Skipping Lnet/minecraft/client/resources/model/BlockStateModelLoader;
[23:09:23] [main/DEBUG]: Skipping Lnet/minecraft/client/resources/model/BlockStateModelLoader$ModelGroupKey;
[23:09:23] [main/DEBUG]: Skipping Lnet/minecraft/client/resources/model/BlockStateModelLoader$LoadedModel;
[23:09:23] [main/DEBUG]: Skipping Lnet/minecraft/client/resources/model/BlockStateModelLoader$LoadedJson;
[23:09:23] [main/DEBUG]: Skipping Lnet/minecraft/client/resources/model/BlockStateModelLoader$BlockStateDefinitionException;
[23:09:23] [main/DEBUG]: Skipping Lnet/minecraft/client/resources/model/BlockModelRotation;
[23:09:23] [main/DEBUG]: Skipping Lnet/minecraft/client/resources/model/AtlasSet;
[23:09:23] [main/DEBUG]: Skipping Lnet/minecraft/client/resources/model/AtlasSet$StitchResult;
[23:09:23] [main/DEBUG]: Skipping Lnet/minecraft/client/resources/model/AtlasSet$AtlasEntry;
[23:09:23] [main/DEBUG]: Skipping Lnet/minecraft/client/resources/model/WeightedBakedModel;
[23:09:23] [main/DEBUG]: Skipping Lnet/minecraft/client/resources/model/WeightedBakedModel$Builder;
[23:09:23] [main/DEBUG]: Skipping Lnet/minecraft/client/resources/model/SimpleBakedModel;
[23:09:23] [main/DEBUG]: Transforming class Lnet/minecraft/client/resources/model/SimpleBakedModel$Builder;
[23:09:23] [main/DEBUG]: Transforming net/minecraft/client/resources/model/SimpleBakedModel$Builder METHOD <init>(ZZZLnet/minecraft/client/renderer/block/model/ItemTransforms;Lnet/minecraft/client/renderer/block/model/ItemOverrides;)V to access PUBLIC and LEAVE
[23:09:23] [main/DEBUG]: Skipping Lnet/minecraft/client/resources/model/MultiPartBakedModel;
[23:09:23] [main/DEBUG]: Skipping Lnet/minecraft/client/resources/model/MultiPartBakedModel$Builder;
[23:09:23] [main/DEBUG]: Skipping Lnet/minecraft/client/resources/model/ModelManager;
[23:09:23] [main/DEBUG]: Skipping Lnet/minecraft/client/resources/model/ModelManager$ReloadState;
[23:09:23] [main/DEBUG]: Transforming class Lnet/minecraft/client/resources/model/ModelBakery;
[23:09:23] [main/DEBUG]: Transforming net/minecraft/client/resources/model/ModelBakery METHOD m_119364_(Lnet/minecraft/resources/ResourceLocation;)Lnet/minecraft/client/renderer/block/model/BlockModel; to access PROTECTED and LEAVE
[23:09:23] [main/DEBUG]: Skipping Lnet/minecraft/client/resources/model/ModelBakery$TextureGetter;
[23:09:23] [main/DEBUG]: Skipping Lnet/minecraft/client/resources/model/ModelBakery$ModelBakerImpl;
[23:09:23] [main/DEBUG]: Skipping Lnet/minecraft/client/resources/model/ModelBakery$BakedCacheKey;
[23:09:23] [main/DEBUG]: Skipping Lnet/minecraft/client/resources/model/ModelBaker;
[23:09:23] [main/DEBUG]: Skipping Lnet/minecraft/client/resources/model/BakedModel;
[23:09:23] [main/DEBUG]: Skipping Lnet/minecraft/client/resources/metadata/texture/package-info;
[23:09:23] [main/DEBUG]: Skipping Lnet/minecraft/client/resources/metadata/texture/TextureMetadataSectionSerializer;
[23:09:23] [main/DEBUG]: Skipping Lnet/minecraft/client/resources/metadata/texture/TextureMetadataSection;
[23:09:23] [main/DEBUG]: Skipping Lnet/minecraft/client/resources/metadata/package-info;
[23:09:23] [main/DEBUG]: Skipping Lnet/minecraft/client/resources/metadata/language/package-info;
[23:09:23] [main/DEBUG]: Skipping Lnet/minecraft/client/resources/metadata/language/LanguageMetadataSection;
[23:09:23] [main/DEBUG]: Skipping Lnet/minecraft/client/resources/metadata/gui/package-info;
[23:09:23] [main/DEBUG]: Skipping Lnet/minecraft/client/resources/metadata/gui/GuiSpriteScaling;
[23:09:23] [main/DEBUG]: Skipping Lnet/minecraft/client/resources/metadata/gui/GuiSpriteScaling$Type;
[23:09:23] [main/DEBUG]: Skipping Lnet/minecraft/client/resources/metadata/gui/GuiSpriteScaling$Tile;
[23:09:23] [main/DEBUG]: Skipping Lnet/minecraft/client/resources/metadata/gui/GuiSpriteScaling$Stretch;
[23:09:23] [main/DEBUG]: Skipping Lnet/minecraft/client/resources/metadata/gui/GuiSpriteScaling$NineSlice;
[23:09:23] [main/DEBUG]: Skipping Lnet/minecraft/client/resources/metadata/gui/GuiSpriteScaling$NineSlice$Border;
[23:09:23] [main/DEBUG]: Skipping Lnet/minecraft/client/resources/metadata/gui/GuiMetadataSection;
[23:09:23] [main/DEBUG]: Skipping Lnet/minecraft/client/resources/metadata/animation/package-info;
[23:09:23] [main/DEBUG]: Skipping Lnet/minecraft/client/resources/metadata/animation/VillagerMetadataSectionSerializer;
[23:09:23] [main/DEBUG]: Skipping Lnet/minecraft/client/resources/metadata/animation/VillagerMetaDataSection;
[23:09:23] [main/DEBUG]: Skipping Lnet/minecraft/client/resources/metadata/animation/VillagerMetaDataSection$Hat;
[23:09:23] [main/DEBUG]: Skipping Lnet/minecraft/client/resources/metadata/animation/FrameSize;
[23:09:23] [main/DEBUG]: Skipping Lnet/minecraft/client/resources/metadata/animation/AnimationMetadataSectionSerializer;
[23:09:23] [main/DEBUG]: Skipping Lnet/minecraft/client/resources/metadata/animation/AnimationMetadataSection;
[23:09:23] [main/DEBUG]: Skipping Lnet/minecraft/client/resources/metadata/animation/AnimationMetadataSection$FrameOutput;
[23:09:23] [main/DEBUG]: Skipping Lnet/minecraft/client/resources/metadata/animation/AnimationMetadataSection$1;
[23:09:23] [main/DEBUG]: Skipping Lnet/minecraft/client/resources/metadata/animation/AnimationFrame;
[23:09:23] [main/DEBUG]: Skipping Lnet/minecraft/client/resources/language/package-info;
[23:09:23] [main/DEBUG]: Skipping Lnet/minecraft/client/resources/language/LanguageInfo;
[23:09:23] [main/DEBUG]: Skipping Lnet/minecraft/client/resources/language/FormattedBidiReorder;
[23:09:23] [main/DEBUG]: Skipping Lnet/minecraft/client/resources/language/LanguageManager;
[23:09:23] [main/DEBUG]: Skipping Lnet/minecraft/client/resources/language/I18n;
[23:09:23] [main/DEBUG]: Skipping Lnet/minecraft/client/resources/language/ClientLanguage;
[23:09:23] [main/DEBUG]: Transforming class Lnet/minecraft/client/resources/TextureAtlasHolder;
[23:09:23] [main/DEBUG]: Transforming net/minecraft/client/resources/TextureAtlasHolder FIELD f_118884_ to access PROTECTED and LEAVE
[23:09:23] [main/DEBUG]: Skipping Lnet/minecraft/client/resources/SplashManager;
[23:09:23] [main/DEBUG]: Skipping Lnet/minecraft/client/resources/SkinManager;
[23:09:23] [main/DEBUG]: Skipping Lnet/minecraft/client/resources/SkinManager$TextureCache;
[23:09:23] [main/DEBUG]: Skipping Lnet/minecraft/client/resources/SkinManager$CacheKey;
[23:09:23] [main/DEBUG]: Skipping Lnet/minecraft/client/resources/SkinManager$2;
[23:09:23] [main/DEBUG]: Skipping Lnet/minecraft/client/resources/SkinManager$1;
[23:09:23] [main/DEBUG]: Skipping Lnet/minecraft/client/resources/PlayerSkin;
[23:09:23] [main/DEBUG]: Skipping Lnet/minecraft/client/resources/PlayerSkin$Model;
[23:09:23] [main/DEBUG]: Skipping Lnet/minecraft/client/resources/PaintingTextureManager;
[23:09:23] [main/DEBUG]: Skipping Lnet/minecraft/client/resources/MobEffectTextureManager;
[23:09:23] [main/DEBUG]: Skipping Lnet/minecraft/client/resources/MapDecorationTextureManager;
[23:09:23] [main/DEBUG]: Skipping Lnet/minecraft/client/resources/LegacyStuffWrapper;
[23:09:23] [main/DEBUG]: Skipping Lnet/minecraft/client/resources/IndexedAssetSource;
[23:09:23] [main/DEBUG]: Skipping Lnet/minecraft/client/resources/GrassColorReloadListener;
[23:09:23] [main/DEBUG]: Skipping Lnet/minecraft/client/resources/FoliageColorReloadListener;
[23:09:23] [main/DEBUG]: Skipping Lnet/minecraft/client/resources/DefaultPlayerSkin;
[23:09:23] [main/DEBUG]: Transforming class Lnet/minecraft/client/resources/ClientPackSource;
[23:09:23] [main/DEBUG]: Transforming net/minecraft/client/resources/ClientPackSource METHOD m_246691_(Ljava/nio/file/Path;)Lnet/minecraft/server/packs/VanillaPackResources; to access PUBLIC and LEAVE
[23:09:23] [main/DEBUG]: Skipping Lnet/minecraft/client/renderer/texture/package-info;
[23:09:23] [main/DEBUG]: Skipping Lnet/minecraft/client/renderer/texture/atlas/sources/package-info;
[23:09:23] [main/DEBUG]: Skipping Lnet/minecraft/client/renderer/texture/atlas/sources/Unstitcher;
[23:09:23] [main/DEBUG]: Skipping Lnet/minecraft/client/renderer/texture/atlas/sources/Unstitcher$RegionInstance;
[23:09:23] [main/DEBUG]: Skipping Lnet/minecraft/client/renderer/texture/atlas/sources/Unstitcher$Region;
[23:09:23] [main/DEBUG]: Skipping Lnet/minecraft/client/renderer/texture/atlas/sources/SourceFilter;
[23:09:23] [main/DEBUG]: Skipping Lnet/minecraft/client/renderer/texture/atlas/sources/SingleFile;
[23:09:23] [main/DEBUG]: Skipping Lnet/minecraft/client/renderer/texture/atlas/sources/PalettedPermutations;
[23:09:23] [main/DEBUG]: Skipping Lnet/minecraft/client/renderer/texture/atlas/sources/PalettedPermutations$PalettedSpriteSupplier;
[23:09:23] [main/DEBUG]: Skipping Lnet/minecraft/client/renderer/texture/atlas/sources/LazyLoadedImage;
[23:09:23] [main/DEBUG]: Skipping Lnet/minecraft/client/renderer/texture/atlas/sources/DirectoryLister;
[23:09:23] [main/DEBUG]: Skipping Lnet/minecraft/client/renderer/texture/atlas/package-info;
[23:09:23] [main/DEBUG]: Skipping Lnet/minecraft/client/renderer/texture/atlas/SpriteSources;
[23:09:23] [main/DEBUG]: Skipping Lnet/minecraft/client/renderer/texture/atlas/SpriteSourceType;
[23:09:23] [main/DEBUG]: Skipping Lnet/minecraft/client/renderer/texture/atlas/SpriteSourceList;
[23:09:23] [main/DEBUG]: Skipping Lnet/minecraft/client/renderer/texture/atlas/SpriteSourceList$1;
[23:09:23] [main/DEBUG]: Skipping Lnet/minecraft/client/renderer/texture/atlas/SpriteSource;
[23:09:23] [main/DEBUG]: Skipping Lnet/minecraft/client/renderer/texture/atlas/SpriteSource$SpriteSupplier;
[23:09:23] [main/DEBUG]: Skipping Lnet/minecraft/client/renderer/texture/atlas/SpriteSource$Output;
[23:09:23] [main/DEBUG]: Skipping Lnet/minecraft/client/renderer/texture/atlas/SpriteResourceLoader;
[23:09:23] [main/DEBUG]: Skipping Lnet/minecraft/client/renderer/texture/Tickable;
[23:09:23] [main/DEBUG]: Skipping Lnet/minecraft/client/renderer/texture/TextureManager;
[23:09:23] [main/DEBUG]: Skipping Lnet/minecraft/client/renderer/texture/StitcherException;
[23:09:23] [main/DEBUG]: Skipping Lnet/minecraft/client/renderer/texture/SpriteTicker;
[23:09:23] [main/DEBUG]: Skipping Lnet/minecraft/client/renderer/texture/SimpleTexture;
[23:09:23] [main/DEBUG]: Skipping Lnet/minecraft/client/renderer/texture/SimpleTexture$TextureImage;
[23:09:23] [main/DEBUG]: Skipping Lnet/minecraft/client/renderer/texture/PreloadedTexture;
[23:09:23] [main/DEBUG]: Skipping Lnet/minecraft/client/renderer/texture/OverlayTexture;
[23:09:23] [main/DEBUG]: Skipping Lnet/minecraft/client/renderer/texture/MissingTextureAtlasSprite;
[23:09:23] [main/DEBUG]: Skipping Lnet/minecraft/client/renderer/texture/HttpTexture;
[23:09:23] [main/DEBUG]: Skipping Lnet/minecraft/client/renderer/texture/DynamicTexture;
[23:09:23] [main/DEBUG]: Skipping Lnet/minecraft/client/renderer/texture/Dumpable;
[23:09:23] [main/DEBUG]: Skipping Lnet/minecraft/client/renderer/texture/TextureAtlasSprite;
[23:09:23] [main/DEBUG]: Skipping Lnet/minecraft/client/renderer/texture/TextureAtlasSprite$Ticker;
[23:09:23] [main/DEBUG]: Skipping Lnet/minecraft/client/renderer/texture/TextureAtlasSprite$1;
[23:09:23] [main/DEBUG]: Skipping Lnet/minecraft/client/renderer/texture/TextureAtlas;
[23:09:23] [main/DEBUG]: Skipping Lnet/minecraft/client/renderer/texture/Stitcher;
[23:09:23] [main/DEBUG]: Skipping Lnet/minecraft/client/renderer/texture/Stitcher$SpriteLoader;
[23:09:23] [main/DEBUG]: Skipping Lnet/minecraft/client/renderer/texture/Stitcher$Region;
[23:09:23] [main/DEBUG]: Skipping Lnet/minecraft/client/renderer/texture/Stitcher$Holder;
[23:09:23] [main/DEBUG]: Skipping Lnet/minecraft/client/renderer/texture/Stitcher$Entry;
[23:09:23] [main/DEBUG]: Skipping Lnet/minecraft/client/renderer/texture/SpriteLoader;
[23:09:23] [main/DEBUG]: Skipping Lnet/minecraft/client/renderer/texture/SpriteLoader$Preparations;
[23:09:23] [main/DEBUG]: Transforming class Lnet/minecraft/client/renderer/texture/SpriteContents;
[23:09:23] [main/DEBUG]: Transforming net/minecraft/client/renderer/texture/SpriteContents FIELD f_243731_ to access PUBLIC and LEAVE
[23:09:23] [main/DEBUG]: Transforming net/minecraft/client/renderer/texture/SpriteContents FIELD f_244575_ to access DEFAULT and LEAVE
[23:09:23] [main/DEBUG]: Transforming net/minecraft/client/renderer/texture/SpriteContents METHOD m_245088_()I to access DEFAULT and LEAVE
[23:09:23] [main/DEBUG]: Skipping Lnet/minecraft/client/renderer/texture/SpriteContents$Ticker;
[23:09:23] [main/DEBUG]: Skipping Lnet/minecraft/client/renderer/texture/SpriteContents$InterpolationData;
[23:09:23] [main/DEBUG]: Skipping Lnet/minecraft/client/renderer/texture/SpriteContents$FrameInfo;
[23:09:23] [main/DEBUG]: Skipping Lnet/minecraft/client/renderer/texture/SpriteContents$AnimatedTexture;
[23:09:23] [main/DEBUG]: Skipping Lnet/minecraft/client/renderer/texture/MipmapGenerator;
[23:09:23] [main/DEBUG]: Skipping Lnet/minecraft/client/renderer/texture/AbstractTexture;
[23:09:23] [main/DEBUG]: Skipping Lnet/minecraft/client/renderer/package-info;
[23:09:23] [main/DEBUG]: Skipping Lnet/minecraft/client/renderer/item/package-info;
[23:09:23] [main/DEBUG]: Skipping Lnet/minecraft/client/renderer/item/ItemPropertyFunction;
[23:09:23] [main/DEBUG]: Skipping Lnet/minecraft/client/renderer/item/CompassItemPropertyFunction;
[23:09:23] [main/DEBUG]: Skipping Lnet/minecraft/client/renderer/item/CompassItemPropertyFunction$CompassWobble;
[23:09:23] [main/DEBUG]: Skipping Lnet/minecraft/client/renderer/item/CompassItemPropertyFunction$CompassTarget;
[23:09:23] [main/DEBUG]: Skipping Lnet/minecraft/client/renderer/item/ClampedItemPropertyFunction;
[23:09:23] [main/DEBUG]: Skipping Lnet/minecraft/client/renderer/item/ItemProperties;
[23:09:23] [main/DEBUG]: Skipping Lnet/minecraft/client/renderer/item/ItemProperties$1;
[23:09:23] [main/DEBUG]: Skipping Lnet/minecraft/client/renderer/entity/player/package-info;
[23:09:23] [main/DEBUG]: Skipping Lnet/minecraft/client/renderer/entity/player/PlayerRenderer;
[23:09:23] [main/DEBUG]: Skipping Lnet/minecraft/client/renderer/entity/package-info;
[23:09:23] [main/DEBUG]: Skipping Lnet/minecraft/client/renderer/entity/layers/package-info;
[23:09:23] [main/DEBUG]: Skipping Lnet/minecraft/client/renderer/entity/layers/WolfCollarLayer;
[23:09:23] [main/DEBUG]: Skipping Lnet/minecraft/client/renderer/entity/layers/WolfArmorLayer;
[23:09:23] [main/DEBUG]: Skipping Lnet/minecraft/client/renderer/entity/layers/WitherArmorLayer;
[23:09:23] [main/DEBUG]: Skipping Lnet/minecraft/client/renderer/entity/layers/WitchItemLayer;
[23:09:23] [main/DEBUG]: Skipping Lnet/minecraft/client/renderer/entity/layers/WardenEmissiveLayer;
[23:09:23] [main/DEBUG]: Skipping Lnet/minecraft/client/renderer/entity/layers/WardenEmissiveLayer$DrawSelector;
[23:09:23] [main/DEBUG]: Skipping Lnet/minecraft/client/renderer/entity/layers/WardenEmissiveLayer$AlphaFunction;
[23:09:23] [main/DEBUG]: Skipping Lnet/minecraft/client/renderer/entity/layers/VillagerProfessionLayer;
[23:09:23] [main/DEBUG]: Skipping Lnet/minecraft/client/renderer/entity/layers/TropicalFishPatternLayer;
[23:09:23] [main/DEBUG]: Skipping Lnet/minecraft/client/renderer/entity/layers/TropicalFishPatternLayer$1;
[23:09:23] [main/DEBUG]: Skipping Lnet/minecraft/client/renderer/entity/layers/StuckInBodyLayer;
[23:09:23] [main/DEBUG]: Skipping Lnet/minecraft/client/renderer/entity/layers/SpinAttackEffectLayer;
[23:09:23] [main/DEBUG]: Skipping Lnet/minecraft/client/renderer/entity/layers/SpiderEyesLayer;
[23:09:23] [main/DEBUG]: Skipping Lnet/minecraft/client/renderer/entity/layers/SnowGolemHeadLayer;
[23:09:23] [main/DEBUG]: Skipping Lnet/minecraft/client/renderer/entity/layers/SlimeOuterLayer;
[23:09:23] [main/DEBUG]: Skipping Lnet/minecraft/client/renderer/entity/layers/SkeletonClothingLayer;
[23:09:23] [main/DEBUG]: Skipping Lnet/minecraft/client/renderer/entity/layers/ShulkerHeadLayer;
[23:09:23] [main/DEBUG]: Skipping Lnet/minecraft/client/renderer/entity/layers/SheepFurLayer;
[23:09:23] [main/DEBUG]: Skipping Lnet/minecraft/client/renderer/entity/layers/SaddleLayer;
[23:09:23] [main/DEBUG]: Skipping Lnet/minecraft/client/renderer/entity/layers/RenderLayer;
[23:09:23] [main/DEBUG]: Skipping Lnet/minecraft/client/renderer/entity/layers/PlayerItemInHandLayer;
[23:09:23] [main/DEBUG]: Skipping Lnet/minecraft/client/renderer/entity/layers/PhantomEyesLayer;
[23:09:23] [main/DEBUG]: Skipping Lnet/minecraft/client/renderer/entity/layers/ParrotOnShoulderLayer;
[23:09:23] [main/DEBUG]: Skipping Lnet/minecraft/client/renderer/entity/layers/PandaHoldsItemLayer;
[23:09:23] [main/DEBUG]: Skipping Lnet/minecraft/client/renderer/entity/layers/MushroomCowMushroomLayer;
[23:09:23] [main/DEBUG]: Skipping Lnet/minecraft/client/renderer/entity/layers/LlamaDecorLayer;
[23:09:23] [main/DEBUG]: Skipping Lnet/minecraft/client/renderer/entity/layers/ItemInHandLayer;
[23:09:23] [main/DEBUG]: Skipping Lnet/minecraft/client/renderer/entity/layers/IronGolemFlowerLayer;
[23:09:23] [main/DEBUG]: Skipping Lnet/minecraft/client/renderer/entity/layers/IronGolemCrackinessLayer;
[23:09:23] [main/DEBUG]: Skipping Lnet/minecraft/client/renderer/entity/layers/HorseMarkingLayer;
[23:09:23] [main/DEBUG]: Skipping Lnet/minecraft/client/renderer/entity/layers/HorseArmorLayer;
[23:09:23] [main/DEBUG]: Skipping Lnet/minecraft/client/renderer/entity/layers/FoxHeldItemLayer;
[23:09:23] [main/DEBUG]: Skipping Lnet/minecraft/client/renderer/entity/layers/EyesLayer;
[23:09:23] [main/DEBUG]: Skipping Lnet/minecraft/client/renderer/entity/layers/EnergySwirlLayer;
[23:09:23] [main/DEBUG]: Skipping Lnet/minecraft/client/renderer/entity/layers/EnderEyesLayer;
[23:09:23] [main/DEBUG]: Skipping Lnet/minecraft/client/renderer/entity/layers/DrownedOuterLayer;
[23:09:23] [main/DEBUG]: Skipping Lnet/minecraft/client/renderer/entity/layers/DolphinCarryingItemLayer;
[23:09:23] [main/DEBUG]: Skipping Lnet/minecraft/client/renderer/entity/layers/Deadmau5EarsLayer;
[23:09:23] [main/DEBUG]: Skipping Lnet/minecraft/client/renderer/entity/layers/CustomHeadLayer;
[23:09:23] [main/DEBUG]: Skipping Lnet/minecraft/client/renderer/entity/layers/CrossedArmsItemLayer;
[23:09:23] [main/DEBUG]: Skipping Lnet/minecraft/client/renderer/entity/layers/CreeperPowerLayer;
[23:09:23] [main/DEBUG]: Skipping Lnet/minecraft/client/renderer/entity/layers/CatCollarLayer;
[23:09:23] [main/DEBUG]: Skipping Lnet/minecraft/client/renderer/entity/layers/CarriedBlockLayer;
[23:09:23] [main/DEBUG]: Skipping Lnet/minecraft/client/renderer/entity/layers/CapeLayer;
[23:09:23] [main/DEBUG]: Skipping Lnet/minecraft/client/renderer/entity/layers/BreezeWindLayer;
[23:09:23] [main/DEBUG]: Skipping Lnet/minecraft/client/renderer/entity/layers/BreezeEyesLayer;
[23:09:23] [main/DEBUG]: Skipping Lnet/minecraft/client/renderer/entity/layers/BeeStingerLayer;
[23:09:23] [main/DEBUG]: Skipping Lnet/minecraft/client/renderer/entity/layers/ArrowLayer;
[23:09:23] [main/DEBUG]: Skipping Lnet/minecraft/client/renderer/entity/layers/HumanoidArmorLayer;
[23:09:23] [main/DEBUG]: Skipping Lnet/minecraft/client/renderer/entity/layers/HumanoidArmorLayer$1;
[23:09:23] [main/DEBUG]: Transforming class Lnet/minecraft/client/renderer/entity/layers/ElytraLayer;
[23:09:23] [main/DEBUG]: Transforming net/minecraft/client/renderer/entity/layers/ElytraLayer FIELD f_116934_ to access PUBLIC and LEAVE
[23:09:23] [main/DEBUG]: Skipping Lnet/minecraft/client/renderer/entity/ZombieVillagerRenderer;
[23:09:23] [main/DEBUG]: Skipping Lnet/minecraft/client/renderer/entity/ZombieRenderer;
[23:09:23] [main/DEBUG]: Skipping Lnet/minecraft/client/renderer/entity/ZoglinRenderer;
[23:09:23] [main/DEBUG]: Skipping Lnet/minecraft/client/renderer/entity/WolfRenderer;
[23:09:23] [main/DEBUG]: Skipping Lnet/minecraft/client/renderer/entity/WitherSkullRenderer;
[23:09:23] [main/DEBUG]: Skipping Lnet/minecraft/client/renderer/entity/WitherSkeletonRenderer;
[23:09:23] [main/DEBUG]: Skipping Lnet/minecraft/client/renderer/entity/WitherBossRenderer;
[23:09:23] [main/DEBUG]: Skipping Lnet/minecraft/client/renderer/entity/WitchRenderer;
[23:09:23] [main/DEBUG]: Skipping Lnet/minecraft/client/renderer/entity/WindChargeRenderer;
[23:09:23] [main/DEBUG]: Skipping Lnet/minecraft/client/renderer/entity/WardenRenderer;
[23:09:23] [main/DEBUG]: Skipping Lnet/minecraft/client/renderer/entity/WanderingTraderRenderer;
[23:09:23] [main/DEBUG]: Skipping Lnet/minecraft/client/renderer/entity/VindicatorRenderer;
[23:09:23] [main/DEBUG]: Skipping Lnet/minecraft/client/renderer/entity/VindicatorRenderer$1;
[23:09:23] [main/DEBUG]: Skipping Lnet/minecraft/client/renderer/entity/VillagerRenderer;
[23:09:23] [main/DEBUG]: Skipping Lnet/minecraft/client/renderer/entity/VexRenderer;
[23:09:23] [main/DEBUG]: Skipping Lnet/minecraft/client/renderer/entity/UndeadHorseRenderer;
[23:09:23] [main/DEBUG]: Skipping Lnet/minecraft/client/renderer/entity/TurtleRenderer;
[23:09:23] [main/DEBUG]: Skipping Lnet/minecraft/client/renderer/entity/TropicalFishRenderer;
[23:09:23] [main/DEBUG]: Skipping Lnet/minecraft/client/renderer/entity/TropicalFishRenderer$1;
[23:09:23] [main/DEBUG]: Skipping Lnet/minecraft/client/renderer/entity/TntRenderer;
[23:09:23] [main/DEBUG]: Skipping Lnet/minecraft/client/renderer/entity/TntMinecartRenderer;
[23:09:23] [main/DEBUG]: Skipping Lnet/minecraft/client/renderer/entity/TippableArrowRenderer;
[23:09:23] [main/DEBUG]: Skipping Lnet/minecraft/client/renderer/entity/ThrownTridentRenderer;
[23:09:23] [main/DEBUG]: Skipping Lnet/minecraft/client/renderer/entity/ThrownItemRenderer;
[23:09:23] [main/DEBUG]: Skipping Lnet/minecraft/client/renderer/entity/TadpoleRenderer;
[23:09:23] [main/DEBUG]: Skipping Lnet/minecraft/client/renderer/entity/StriderRenderer;
[23:09:23] [main/DEBUG]: Skipping Lnet/minecraft/client/renderer/entity/StrayRenderer;
[23:09:23] [main/DEBUG]: Skipping Lnet/minecraft/client/renderer/entity/SquidRenderer;
[23:09:23] [main/DEBUG]: Skipping Lnet/minecraft/client/renderer/entity/SpiderRenderer;
[23:09:23] [main/DEBUG]: Skipping Lnet/minecraft/client/renderer/entity/SpectralArrowRenderer;
[23:09:23] [main/DEBUG]: Skipping Lnet/minecraft/client/renderer/entity/SnowGolemRenderer;
[23:09:23] [main/DEBUG]: Skipping Lnet/minecraft/client/renderer/entity/SnifferRenderer;
[23:09:23] [main/DEBUG]: Skipping Lnet/minecraft/client/renderer/entity/SlimeRenderer;
[23:09:23] [main/DEBUG]: Skipping Lnet/minecraft/client/renderer/entity/SkeletonRenderer;
[23:09:23] [main/DEBUG]: Skipping Lnet/minecraft/client/renderer/entity/SilverfishRenderer;
[23:09:23] [main/DEBUG]: Skipping Lnet/minecraft/client/renderer/entity/ShulkerRenderer;
[23:09:23] [main/DEBUG]: Skipping Lnet/minecraft/client/renderer/entity/ShulkerBulletRenderer;
[23:09:23] [main/DEBUG]: Skipping Lnet/minecraft/client/renderer/entity/SheepRenderer;
[23:09:23] [main/DEBUG]: Skipping Lnet/minecraft/client/renderer/entity/SalmonRenderer;
[23:09:23] [main/DEBUG]: Skipping Lnet/minecraft/client/renderer/entity/RenderLayerParent;
[23:09:23] [main/DEBUG]: Skipping Lnet/minecraft/client/renderer/entity/RavagerRenderer;
[23:09:23] [main/DEBUG]: Skipping Lnet/minecraft/client/renderer/entity/RabbitRenderer;
[23:09:23] [main/DEBUG]: Skipping Lnet/minecraft/client/renderer/entity/RabbitRenderer$1;
[23:09:23] [main/DEBUG]: Skipping Lnet/minecraft/client/renderer/entity/PufferfishRenderer;
[23:09:23] [main/DEBUG]: Skipping Lnet/minecraft/client/renderer/entity/PolarBearRenderer;
[23:09:23] [main/DEBUG]: Skipping Lnet/minecraft/client/renderer/entity/PillagerRenderer;
[23:09:23] [main/DEBUG]: Skipping Lnet/minecraft/client/renderer/entity/PiglinRenderer;
[23:09:23] [main/DEBUG]: Skipping Lnet/minecraft/client/renderer/entity/PigRenderer;
[23:09:23] [main/DEBUG]: Skipping Lnet/minecraft/client/renderer/entity/PhantomRenderer;
[23:09:23] [main/DEBUG]: Skipping Lnet/minecraft/client/renderer/entity/ParrotRenderer;
[23:09:23] [main/DEBUG]: Skipping Lnet/minecraft/client/renderer/entity/ParrotRenderer$1;
[23:09:23] [main/DEBUG]: Skipping Lnet/minecraft/client/renderer/entity/PandaRenderer;
[23:09:23] [main/DEBUG]: Skipping Lnet/minecraft/client/renderer/entity/PaintingRenderer;
[23:09:23] [main/DEBUG]: Skipping Lnet/minecraft/client/renderer/entity/OminousItemSpawnerRenderer;
[23:09:23] [main/DEBUG]: Skipping Lnet/minecraft/client/renderer/entity/OcelotRenderer;
[23:09:23] [main/DEBUG]: Skipping Lnet/minecraft/client/renderer/entity/NoopRenderer;
[23:09:23] [main/DEBUG]: Skipping Lnet/minecraft/client/renderer/entity/MushroomCowRenderer;
[23:09:23] [main/DEBUG]: Skipping Lnet/minecraft/client/renderer/entity/MobRenderer;
[23:09:23] [main/DEBUG]: Skipping Lnet/minecraft/client/renderer/entity/MinecartRenderer;
[23:09:23] [main/DEBUG]: Skipping Lnet/minecraft/client/renderer/entity/MagmaCubeRenderer;
[23:09:23] [main/DEBUG]: Skipping Lnet/minecraft/client/renderer/entity/LlamaSpitRenderer;
[23:09:23] [main/DEBUG]: Skipping Lnet/minecraft/client/renderer/entity/LlamaRenderer;
[23:09:23] [main/DEBUG]: Skipping Lnet/minecraft/client/renderer/entity/LlamaRenderer$1;
[23:09:23] [main/DEBUG]: Skipping Lnet/minecraft/client/renderer/entity/LightningBoltRenderer;
[23:09:23] [main/DEBUG]: Skipping Lnet/minecraft/client/renderer/entity/LeashKnotRenderer;
[23:09:23] [main/DEBUG]: Skipping Lnet/minecraft/client/renderer/entity/ItemEntityRenderer;
[23:09:23] [main/DEBUG]: Skipping Lnet/minecraft/client/renderer/entity/IronGolemRenderer;
[23:09:23] [main/DEBUG]: Skipping Lnet/minecraft/client/renderer/entity/IllusionerRenderer;
[23:09:23] [main/DEBUG]: Skipping Lnet/minecraft/client/renderer/entity/IllusionerRenderer$1;
[23:09:23] [main/DEBUG]: Skipping Lnet/minecraft/client/renderer/entity/IllagerRenderer;
[23:09:23] [main/DEBUG]: Skipping Lnet/minecraft/client/renderer/entity/HuskRenderer;
[23:09:23] [main/DEBUG]: Skipping Lnet/minecraft/client/renderer/entity/HumanoidMobRenderer;
[23:09:23] [main/DEBUG]: Skipping Lnet/minecraft/client/renderer/entity/HorseRenderer;
[23:09:23] [main/DEBUG]: Skipping Lnet/minecraft/client/renderer/entity/HoglinRenderer;
[23:09:23] [main/DEBUG]: Skipping Lnet/minecraft/client/renderer/entity/GuardianRenderer;
[23:09:23] [main/DEBUG]: Skipping Lnet/minecraft/client/renderer/entity/GoatRenderer;
[23:09:23] [main/DEBUG]: Skipping Lnet/minecraft/client/renderer/entity/GlowSquidRenderer;
[23:09:23] [main/DEBUG]: Skipping Lnet/minecraft/client/renderer/entity/GiantMobRenderer;
[23:09:23] [main/DEBUG]: Skipping Lnet/minecraft/client/renderer/entity/GhastRenderer;
[23:09:23] [main/DEBUG]: Skipping Lnet/minecraft/client/renderer/entity/FrogRenderer;
[23:09:23] [main/DEBUG]: Skipping Lnet/minecraft/client/renderer/entity/FoxRenderer;
[23:09:23] [main/DEBUG]: Skipping Lnet/minecraft/client/renderer/entity/FireworkEntityRenderer;
[23:09:23] [main/DEBUG]: Skipping Lnet/minecraft/client/renderer/entity/ExperienceOrbRenderer;
[23:09:23] [main/DEBUG]: Skipping Lnet/minecraft/client/renderer/entity/EvokerRenderer;
[23:09:23] [main/DEBUG]: Skipping Lnet/minecraft/client/renderer/entity/EvokerRenderer$1;
[23:09:23] [main/DEBUG]: Skipping Lnet/minecraft/client/renderer/entity/EvokerFangsRenderer;
[23:09:23] [main/DEBUG]: Transforming class Lnet/minecraft/client/renderer/entity/EntityRenderers;
[23:09:23] [main/DEBUG]: Transforming net/minecraft/client/renderer/entity/EntityRenderers METHOD m_174036_(Lnet/minecraft/world/entity/EntityType;Lnet/minecraft/client/renderer/entity/EntityRendererProvider;)V to access PUBLIC and LEAVE
[23:09:23] [main/DEBUG]: Skipping Lnet/minecraft/client/renderer/entity/EntityRendererProvider;
[23:09:23] [main/DEBUG]: Skipping Lnet/minecraft/client/renderer/entity/EntityRendererProvider$Context;
[23:09:23] [main/DEBUG]: Skipping Lnet/minecraft/client/renderer/entity/EndermiteRenderer;
[23:09:23] [main/DEBUG]: Skipping Lnet/minecraft/client/renderer/entity/EndermanRenderer;
[23:09:23] [main/DEBUG]: Skipping Lnet/minecraft/client/renderer/entity/EnderDragonRenderer;
[23:09:23] [main/DEBUG]: Skipping Lnet/minecraft/client/renderer/entity/EnderDragonRenderer$DragonModel;
[23:09:23] [main/DEBUG]: Skipping Lnet/minecraft/client/renderer/entity/EndCrystalRenderer;
[23:09:23] [main/DEBUG]: Skipping Lnet/minecraft/client/renderer/entity/ElderGuardianRenderer;
[23:09:23] [main/DEBUG]: Skipping Lnet/minecraft/client/renderer/entity/DrownedRenderer;
[23:09:23] [main/DEBUG]: Skipping Lnet/minecraft/client/renderer/entity/DragonFireballRenderer;
[23:09:23] [main/DEBUG]: Skipping Lnet/minecraft/client/renderer/entity/DolphinRenderer;
[23:09:23] [main/DEBUG]: Skipping Lnet/minecraft/client/renderer/entity/DisplayRenderer;
[23:09:23] [main/DEBUG]: Skipping Lnet/minecraft/client/renderer/entity/DisplayRenderer$TextDisplayRenderer;
[23:09:23] [main/DEBUG]: Skipping Lnet/minecraft/client/renderer/entity/DisplayRenderer$ItemDisplayRenderer;
[23:09:23] [main/DEBUG]: Skipping Lnet/minecraft/client/renderer/entity/DisplayRenderer$BlockDisplayRenderer;
[23:09:23] [main/DEBUG]: Skipping Lnet/minecraft/client/renderer/entity/DisplayRenderer$1;
[23:09:23] [main/DEBUG]: Skipping Lnet/minecraft/client/renderer/entity/CreeperRenderer;
[23:09:23] [main/DEBUG]: Skipping Lnet/minecraft/client/renderer/entity/CowRenderer;
[23:09:23] [main/DEBUG]: Skipping Lnet/minecraft/client/renderer/entity/CodRenderer;
[23:09:23] [main/DEBUG]: Skipping Lnet/minecraft/client/renderer/entity/ChickenRenderer;
[23:09:23] [main/DEBUG]: Skipping Lnet/minecraft/client/renderer/entity/ChestedHorseRenderer;
[23:09:23] [main/DEBUG]: Skipping Lnet/minecraft/client/renderer/entity/CaveSpiderRenderer;
[23:09:23] [main/DEBUG]: Skipping Lnet/minecraft/client/renderer/entity/CatRenderer;
[23:09:23] [main/DEBUG]: Skipping Lnet/minecraft/client/renderer/entity/CamelRenderer;
[23:09:23] [main/DEBUG]: Skipping Lnet/minecraft/client/renderer/entity/BreezeRenderer;
[23:09:23] [main/DEBUG]: Skipping Lnet/minecraft/client/renderer/entity/BoggedRenderer;
[23:09:23] [main/DEBUG]: Skipping Lnet/minecraft/client/renderer/entity/BlazeRenderer;
[23:09:23] [main/DEBUG]: Skipping Lnet/minecraft/client/renderer/entity/BeeRenderer;
[23:09:23] [main/DEBUG]: Skipping Lnet/minecraft/client/renderer/entity/BatRenderer;
[23:09:23] [main/DEBUG]: Skipping Lnet/minecraft/client/renderer/entity/AxolotlRenderer;
[23:09:23] [main/DEBUG]: Skipping Lnet/minecraft/client/renderer/entity/ArrowRenderer;
[23:09:23] [main/DEBUG]: Skipping Lnet/minecraft/client/renderer/entity/ArmorStandRenderer;
[23:09:23] [main/DEBUG]: Skipping Lnet/minecraft/client/renderer/entity/ArmadilloRenderer;
[23:09:23] [main/DEBUG]: Skipping Lnet/minecraft/client/renderer/entity/AllayRenderer;
[23:09:23] [main/DEBUG]: Skipping Lnet/minecraft/client/renderer/entity/AbstractZombieRenderer;
[23:09:23] [main/DEBUG]: Skipping Lnet/minecraft/client/renderer/entity/AbstractHorseRenderer;
[23:09:23] [main/DEBUG]: Transforming class Lnet/minecraft/client/renderer/entity/LivingEntityRenderer;
[23:09:23] [main/DEBUG]: Transforming net/minecraft/client/renderer/entity/LivingEntityRenderer METHOD m_115326_(Lnet/minecraft/client/renderer/entity/layers/RenderLayer;)Z to access PUBLIC and LEAVE
[23:09:23] [main/DEBUG]: Skipping Lnet/minecraft/client/renderer/entity/LivingEntityRenderer$1;
[23:09:23] [main/DEBUG]: Transforming class Lnet/minecraft/client/renderer/entity/ItemRenderer;
[23:09:23] [main/DEBUG]: Transforming net/minecraft/client/renderer/entity/ItemRenderer METHOD m_115189_(Lnet/minecraft/client/resources/model/BakedModel;Lnet/minecraft/world/item/ItemStack;IILcom/mojang/blaze3d/vertex/PoseStack;Lcom/mojang/blaze3d/vertex/VertexConsumer;)V to access PUBLIC and LEAVE
[23:09:23] [main/DEBUG]: Transforming net/minecraft/client/renderer/entity/ItemRenderer METHOD m_115162_(Lcom/mojang/blaze3d/vertex/PoseStack;Lcom/mojang/blaze3d/vertex/VertexConsumer;Ljava/util/List;Lnet/minecraft/world/item/ItemStack;II)V to access PUBLIC and LEAVE
[23:09:23] [main/DEBUG]: Skipping Lnet/minecraft/client/renderer/entity/ItemFrameRenderer;
[23:09:23] [main/DEBUG]: Skipping Lnet/minecraft/client/renderer/entity/FishingHookRenderer;
[23:09:23] [main/DEBUG]: Skipping Lnet/minecraft/client/renderer/entity/FallingBlockRenderer;
[23:09:23] [main/DEBUG]: Skipping Lnet/minecraft/client/renderer/entity/EntityRenderer;
[23:09:23] [main/DEBUG]: Transforming class Lnet/minecraft/client/renderer/entity/EntityRenderDispatcher;
[23:09:23] [main/DEBUG]: Transforming net/minecraft/client/renderer/entity/EntityRenderDispatcher FIELD f_114362_ to access PUBLIC and LEAVE
[23:09:23] [main/DEBUG]: Skipping Lnet/minecraft/client/renderer/entity/BoatRenderer;
[23:09:23] [main/DEBUG]: Skipping Lnet/minecraft/client/renderer/debug/package-info;
[23:09:23] [main/DEBUG]: Skipping Lnet/minecraft/client/renderer/debug/WorldGenAttemptRenderer;
[23:09:23] [main/DEBUG]: Skipping Lnet/minecraft/client/renderer/debug/WaterDebugRenderer;
[23:09:23] [main/DEBUG]: Skipping Lnet/minecraft/client/renderer/debug/VillageSectionsDebugRenderer;
[23:09:23] [main/DEBUG]: Skipping Lnet/minecraft/client/renderer/debug/SupportBlockRenderer;
[23:09:23] [main/DEBUG]: Skipping Lnet/minecraft/client/renderer/debug/StructureRenderer;
[23:09:23] [main/DEBUG]: Skipping Lnet/minecraft/client/renderer/debug/SolidFaceRenderer;
[23:09:23] [main/DEBUG]: Skipping Lnet/minecraft/client/renderer/debug/RaidDebugRenderer;
[23:09:23] [main/DEBUG]: Skipping Lnet/minecraft/client/renderer/debug/PathfindingRenderer;
[23:09:23] [main/DEBUG]: Skipping Lnet/minecraft/client/renderer/debug/NeighborsUpdateRenderer;
[23:09:23] [main/DEBUG]: Skipping Lnet/minecraft/client/renderer/debug/LightSectionDebugRenderer;
[23:09:23] [main/DEBUG]: Skipping Lnet/minecraft/client/renderer/debug/LightSectionDebugRenderer$SectionData;
[23:09:23] [main/DEBUG]: Skipping Lnet/minecraft/client/renderer/debug/LightDebugRenderer;
[23:09:23] [main/DEBUG]: Skipping Lnet/minecraft/client/renderer/debug/HeightMapRenderer;
[23:09:23] [main/DEBUG]: Skipping Lnet/minecraft/client/renderer/debug/HeightMapRenderer$1;
[23:09:23] [main/DEBUG]: Skipping Lnet/minecraft/client/renderer/debug/GoalSelectorDebugRenderer;
[23:09:23] [main/DEBUG]: Skipping Lnet/minecraft/client/renderer/debug/GoalSelectorDebugRenderer$EntityGoalInfo;
[23:09:23] [main/DEBUG]: Skipping Lnet/minecraft/client/renderer/debug/GameTestDebugRenderer;
[23:09:23] [main/DEBUG]: Skipping Lnet/minecraft/client/renderer/debug/GameTestDebugRenderer$Marker;
[23:09:23] [main/DEBUG]: Skipping Lnet/minecraft/client/renderer/debug/GameEventListenerRenderer;
[23:09:23] [main/DEBUG]: Skipping Lnet/minecraft/client/renderer/debug/GameEventListenerRenderer$TrackedListener;
[23:09:23] [main/DEBUG]: Skipping Lnet/minecraft/client/renderer/debug/GameEventListenerRenderer$TrackedGameEvent;
[23:09:23] [main/DEBUG]: Skipping Lnet/minecraft/client/renderer/debug/DebugRenderer;
[23:09:23] [main/DEBUG]: Skipping Lnet/minecraft/client/renderer/debug/DebugRenderer$SimpleDebugRenderer;
[23:09:23] [main/DEBUG]: Skipping Lnet/minecraft/client/renderer/debug/CollisionBoxRenderer;
[23:09:23] [main/DEBUG]: Skipping Lnet/minecraft/client/renderer/debug/ChunkDebugRenderer;
[23:09:23] [main/DEBUG]: Skipping Lnet/minecraft/client/renderer/debug/ChunkDebugRenderer$ChunkData;
[23:09:23] [main/DEBUG]: Skipping Lnet/minecraft/client/renderer/debug/ChunkBorderRenderer;
[23:09:23] [main/DEBUG]: Skipping Lnet/minecraft/client/renderer/debug/BreezeDebugRenderer;
[23:09:23] [main/DEBUG]: Skipping Lnet/minecraft/client/renderer/debug/BrainDebugRenderer;
[23:09:23] [main/DEBUG]: Skipping Lnet/minecraft/client/renderer/debug/BrainDebugRenderer$PoiInfo;
[23:09:23] [main/DEBUG]: Skipping Lnet/minecraft/client/renderer/debug/BeeDebugRenderer;
[23:09:23] [main/DEBUG]: Skipping Lnet/minecraft/client/renderer/debug/BeeDebugRenderer$HiveDebugInfo;
[23:09:23] [main/DEBUG]: Skipping Lnet/minecraft/client/renderer/culling/package-info;
[23:09:23] [main/DEBUG]: Skipping Lnet/minecraft/client/renderer/culling/Frustum;
[23:09:23] [main/DEBUG]: Skipping Lnet/minecraft/client/renderer/chunk/package-info;
[23:09:23] [main/DEBUG]: Skipping Lnet/minecraft/client/renderer/chunk/VisibilitySet;
[23:09:23] [main/DEBUG]: Skipping Lnet/minecraft/client/renderer/chunk/VisGraph;
[23:09:23] [main/DEBUG]: Skipping Lnet/minecraft/client/renderer/chunk/VisGraph$1;
[23:09:23] [main/DEBUG]: Skipping Lnet/minecraft/client/renderer/chunk/SectionRenderDispatcher;
[23:09:23] [main/DEBUG]: Skipping Lnet/minecraft/client/renderer/chunk/SectionRenderDispatcher$SectionTaskResult;
[23:09:23] [main/DEBUG]: Skipping Lnet/minecraft/client/renderer/chunk/SectionRenderDispatcher$RenderSection;
[23:09:23] [main/DEBUG]: Skipping Lnet/minecraft/client/renderer/chunk/SectionRenderDispatcher$RenderSection$ResortTransparencyTask;
[23:09:23] [main/DEBUG]: Skipping Lnet/minecraft/client/renderer/chunk/SectionRenderDispatcher$RenderSection$RebuildTask;
[23:09:23] [main/DEBUG]: Skipping Lnet/minecraft/client/renderer/chunk/SectionRenderDispatcher$RenderSection$CompileTask;
[23:09:23] [main/DEBUG]: Skipping Lnet/minecraft/client/renderer/chunk/SectionRenderDispatcher$CompiledSection;
[23:09:23] [main/DEBUG]: Skipping Lnet/minecraft/client/renderer/chunk/SectionRenderDispatcher$CompiledSection$2;
[23:09:23] [main/DEBUG]: Skipping Lnet/minecraft/client/renderer/chunk/SectionRenderDispatcher$CompiledSection$1;
[23:09:23] [main/DEBUG]: Skipping Lnet/minecraft/client/renderer/chunk/RenderRegionCache;
[23:09:23] [main/DEBUG]: Skipping Lnet/minecraft/client/renderer/chunk/RenderRegionCache$ChunkInfo;
[23:09:23] [main/DEBUG]: Skipping Lnet/minecraft/client/renderer/chunk/RenderChunk;
[23:09:23] [main/DEBUG]: Skipping Lnet/minecraft/client/renderer/chunk/SectionCompiler;
[23:09:23] [main/DEBUG]: Skipping Lnet/minecraft/client/renderer/chunk/SectionCompiler$Results;
[23:09:23] [main/DEBUG]: Skipping Lnet/minecraft/client/renderer/chunk/RenderChunkRegion;
[23:09:23] [main/DEBUG]: Skipping Lnet/minecraft/client/renderer/blockentity/package-info;
[23:09:23] [main/DEBUG]: Skipping Lnet/minecraft/client/renderer/blockentity/VaultRenderer;
[23:09:23] [main/DEBUG]: Skipping Lnet/minecraft/client/renderer/blockentity/TrialSpawnerRenderer;
[23:09:23] [main/DEBUG]: Skipping Lnet/minecraft/client/renderer/blockentity/TheEndPortalRenderer;
[23:09:23] [main/DEBUG]: Skipping Lnet/minecraft/client/renderer/blockentity/TheEndGatewayRenderer;
[23:09:23] [main/DEBUG]: Skipping Lnet/minecraft/client/renderer/blockentity/StructureBlockRenderer;
[23:09:23] [main/DEBUG]: Skipping Lnet/minecraft/client/renderer/blockentity/StructureBlockRenderer$1;
[23:09:23] [main/DEBUG]: Skipping Lnet/minecraft/client/renderer/blockentity/SpawnerRenderer;
[23:09:23] [main/DEBUG]: Skipping Lnet/minecraft/client/renderer/blockentity/SignRenderer;
[23:09:23] [main/DEBUG]: Skipping Lnet/minecraft/client/renderer/blockentity/SignRenderer$SignModel;
[23:09:23] [main/DEBUG]: Skipping Lnet/minecraft/client/renderer/blockentity/ShulkerBoxRenderer;
[23:09:23] [main/DEBUG]: Skipping Lnet/minecraft/client/renderer/blockentity/LecternRenderer;
[23:09:23] [main/DEBUG]: Skipping Lnet/minecraft/client/renderer/blockentity/HangingSignRenderer;
[23:09:23] [main/DEBUG]: Skipping Lnet/minecraft/client/renderer/blockentity/HangingSignRenderer$HangingSignModel;
[23:09:23] [main/DEBUG]: Skipping Lnet/minecraft/client/renderer/blockentity/EnchantTableRenderer;
[23:09:23] [main/DEBUG]: Skipping Lnet/minecraft/client/renderer/blockentity/DecoratedPotRenderer;
[23:09:23] [main/DEBUG]: Skipping Lnet/minecraft/client/renderer/blockentity/ConduitRenderer;
[23:09:23] [main/DEBUG]: Skipping Lnet/minecraft/client/renderer/blockentity/CampfireRenderer;
[23:09:23] [main/DEBUG]: Skipping Lnet/minecraft/client/renderer/blockentity/BrushableBlockRenderer;
[23:09:23] [main/DEBUG]: Skipping Lnet/minecraft/client/renderer/blockentity/BrushableBlockRenderer$1;
[23:09:23] [main/DEBUG]: Skipping Lnet/minecraft/client/renderer/blockentity/BrightnessCombiner;
[23:09:23] [main/DEBUG]: Skipping Lnet/minecraft/client/renderer/blockentity/BlockEntityRendererProvider;
[23:09:23] [main/DEBUG]: Skipping Lnet/minecraft/client/renderer/blockentity/BlockEntityRendererProvider$Context;
[23:09:23] [main/DEBUG]: Skipping Lnet/minecraft/client/renderer/blockentity/BlockEntityRenderer;
[23:09:23] [main/DEBUG]: Transforming class Lnet/minecraft/client/renderer/blockentity/BlockEntityRenderDispatcher;
[23:09:23] [main/DEBUG]: Transforming net/minecraft/client/renderer/blockentity/BlockEntityRenderDispatcher FIELD f_112253_ to access PUBLIC and LEAVE
[23:09:23] [main/DEBUG]: Skipping Lnet/minecraft/client/renderer/blockentity/BellRenderer;
[23:09:23] [main/DEBUG]: Skipping Lnet/minecraft/client/renderer/blockentity/BedRenderer;
[23:09:23] [main/DEBUG]: Skipping Lnet/minecraft/client/renderer/blockentity/BeaconRenderer;
[23:09:23] [main/DEBUG]: Skipping Lnet/minecraft/client/renderer/blockentity/BannerRenderer;
[23:09:23] [main/DEBUG]: Transforming class Lnet/minecraft/client/renderer/blockentity/SkullBlockRenderer;
[23:09:23] [main/DEBUG]: Transforming net/minecraft/client/renderer/blockentity/SkullBlockRenderer FIELD f_112519_ to access PUBLIC and LEAVE
[23:09:23] [main/DEBUG]: Transforming class Lnet/minecraft/client/renderer/blockentity/PistonHeadRenderer;
[23:09:23] [main/DEBUG]: Transforming net/minecraft/client/renderer/blockentity/PistonHeadRenderer FIELD f_112441_ to access PRIVATE and REMOVEFINAL
[23:09:23] [main/DEBUG]: Skipping Lnet/minecraft/client/renderer/blockentity/ChestRenderer;
[23:09:23] [main/DEBUG]: Transforming class Lnet/minecraft/client/renderer/blockentity/BlockEntityRenderers;
[23:09:23] [main/DEBUG]: Transforming net/minecraft/client/renderer/blockentity/BlockEntityRenderers METHOD m_173590_(Lnet/minecraft/world/level/block/entity/BlockEntityType;Lnet/minecraft/client/renderer/blockentity/BlockEntityRendererProvider;)V to access PUBLIC and LEAVE
[23:09:23] [main/DEBUG]: Skipping Lnet/minecraft/client/renderer/block/package-info;
[23:09:23] [main/DEBUG]: Skipping Lnet/minecraft/client/renderer/block/model/package-info;
[23:09:23] [main/DEBUG]: Skipping Lnet/minecraft/client/renderer/block/model/multipart/package-info;
[23:09:23] [main/DEBUG]: Skipping Lnet/minecraft/client/renderer/block/model/multipart/Selector;
[23:09:23] [main/DEBUG]: Skipping Lnet/minecraft/client/renderer/block/model/multipart/Selector$Deserializer;
[23:09:23] [main/DEBUG]: Skipping Lnet/minecraft/client/renderer/block/model/multipart/OrCondition;
[23:09:23] [main/DEBUG]: Skipping Lnet/minecraft/client/renderer/block/model/multipart/MultiPart;
[23:09:23] [main/DEBUG]: Skipping Lnet/minecraft/client/renderer/block/model/multipart/MultiPart$Deserializer;
[23:09:23] [main/DEBUG]: Skipping Lnet/minecraft/client/renderer/block/model/multipart/KeyValueCondition;
[23:09:23] [main/DEBUG]: Skipping Lnet/minecraft/client/renderer/block/model/multipart/Condition;
[23:09:23] [main/DEBUG]: Skipping Lnet/minecraft/client/renderer/block/model/multipart/AndCondition;
[23:09:23] [main/DEBUG]: Skipping Lnet/minecraft/client/renderer/block/model/Variant;
[23:09:23] [main/DEBUG]: Skipping Lnet/minecraft/client/renderer/block/model/Variant$Deserializer;
[23:09:23] [main/DEBUG]: Transforming class Lnet/minecraft/client/renderer/block/model/ItemOverride;
[23:09:23] [main/DEBUG]: Transforming net/minecraft/client/renderer/block/model/ItemOverride INNERCLASS Deserializer to access PUBLIC and LEAVE
[23:09:23] [main/DEBUG]: Skipping Lnet/minecraft/client/renderer/block/model/ItemOverride$Predicate;
[23:09:23] [main/DEBUG]: Transforming class Lnet/minecraft/client/renderer/block/model/ItemOverride$Deserializer;
[23:09:23] [main/DEBUG]: Transforming net/minecraft/client/renderer/block/model/ItemOverride$Deserializer CLASS to access PUBLIC and LEAVE
[23:09:23] [main/DEBUG]: Transforming net/minecraft/client/renderer/block/model/ItemOverride$Deserializer METHOD <init>()V to access PUBLIC and LEAVE
[23:09:23] [main/DEBUG]: Skipping Lnet/minecraft/client/renderer/block/model/BlockModelDefinition;
[23:09:23] [main/DEBUG]: Skipping Lnet/minecraft/client/renderer/block/model/BlockModelDefinition$MissingVariantException;
[23:09:23] [main/DEBUG]: Skipping Lnet/minecraft/client/renderer/block/model/BlockModelDefinition$Deserializer;
[23:09:23] [main/DEBUG]: Skipping Lnet/minecraft/client/renderer/block/model/BlockModelDefinition$Context;
[23:09:23] [main/DEBUG]: Transforming class Lnet/minecraft/client/renderer/block/model/BlockFaceUV;
[23:09:23] [main/DEBUG]: Transforming net/minecraft/client/renderer/block/model/BlockFaceUV INNERCLASS Deserializer to access PUBLIC and LEAVE
[23:09:23] [main/DEBUG]: Transforming class Lnet/minecraft/client/renderer/block/model/BlockFaceUV$Deserializer;
[23:09:23] [main/DEBUG]: Transforming net/minecraft/client/renderer/block/model/BlockFaceUV$Deserializer CLASS to access PUBLIC and LEAVE
[23:09:23] [main/DEBUG]: Transforming net/minecraft/client/renderer/block/model/BlockFaceUV$Deserializer METHOD <init>()V to access PUBLIC and LEAVE
[23:09:23] [main/DEBUG]: Skipping Lnet/minecraft/client/renderer/block/model/BlockElementRotation;
[23:09:23] [main/DEBUG]: Transforming class Lnet/minecraft/client/renderer/block/model/BlockElement;
[23:09:23] [main/DEBUG]: Transforming net/minecraft/client/renderer/block/model/BlockElement INNERCLASS Deserializer to access PUBLIC and LEAVE
[23:09:23] [main/DEBUG]: Transforming net/minecraft/client/renderer/block/model/BlockElement METHOD m_111320_(Lnet/minecraft/core/Direction;)[F to access PUBLIC and LEAVE
[23:09:23] [main/DEBUG]: Transforming class Lnet/minecraft/client/renderer/block/model/BlockElement$Deserializer;
[23:09:23] [main/DEBUG]: Transforming net/minecraft/client/renderer/block/model/BlockElement$Deserializer CLASS to access PUBLIC and LEAVE
[23:09:23] [main/DEBUG]: Transforming net/minecraft/client/renderer/block/model/BlockElement$Deserializer METHOD <init>()V to access PUBLIC and LEAVE
[23:09:23] [main/DEBUG]: Skipping Lnet/minecraft/client/renderer/block/model/BlockElement$1;
[23:09:23] [main/DEBUG]: Skipping Lnet/minecraft/client/renderer/block/model/MultiVariant;
[23:09:23] [main/DEBUG]: Skipping Lnet/minecraft/client/renderer/block/model/MultiVariant$Deserializer;
[23:09:23] [main/DEBUG]: Transforming class Lnet/minecraft/client/renderer/block/model/ItemTransforms;
[23:09:23] [main/DEBUG]: Transforming net/minecraft/client/renderer/block/model/ItemTransforms INNERCLASS Deserializer to access PUBLIC and LEAVE
[23:09:23] [main/DEBUG]: Transforming class Lnet/minecraft/client/renderer/block/model/ItemTransforms$Deserializer;
[23:09:23] [main/DEBUG]: Transforming net/minecraft/client/renderer/block/model/ItemTransforms$Deserializer CLASS to access PUBLIC and LEAVE
[23:09:23] [main/DEBUG]: Transforming net/minecraft/client/renderer/block/model/ItemTransforms$Deserializer METHOD <init>()V to access PUBLIC and LEAVE
[23:09:23] [main/DEBUG]: Skipping Lnet/minecraft/client/renderer/block/model/ItemTransforms$1;
[23:09:23] [main/DEBUG]: Transforming class Lnet/minecraft/client/renderer/block/model/ItemTransform;
[23:09:23] [main/DEBUG]: Transforming net/minecraft/client/renderer/block/model/ItemTransform INNERCLASS Deserializer to access PUBLIC and LEAVE
[23:09:23] [main/DEBUG]: Transforming class Lnet/minecraft/client/renderer/block/model/ItemTransform$Deserializer;
[23:09:23] [main/DEBUG]: Transforming net/minecraft/client/renderer/block/model/ItemTransform$Deserializer CLASS to access PUBLIC and LEAVE
[23:09:23] [main/DEBUG]: Transforming net/minecraft/client/renderer/block/model/ItemTransform$Deserializer FIELD f_111769_ to access PUBLIC and LEAVE
[23:09:23] [main/DEBUG]: Transforming net/minecraft/client/renderer/block/model/ItemTransform$Deserializer FIELD f_111770_ to access PUBLIC and LEAVE
[23:09:23] [main/DEBUG]: Transforming net/minecraft/client/renderer/block/model/ItemTransform$Deserializer FIELD f_111771_ to access PUBLIC and LEAVE
[23:09:23] [main/DEBUG]: Transforming net/minecraft/client/renderer/block/model/ItemTransform$Deserializer METHOD <init>()V to access PUBLIC and LEAVE
[23:09:23] [main/DEBUG]: Transforming class Lnet/minecraft/client/renderer/block/model/ItemOverrides;
[23:09:23] [main/DEBUG]: Transforming net/minecraft/client/renderer/block/model/ItemOverrides INNERCLASS BakedOverride to access PUBLIC and LEAVE
[23:09:23] [main/DEBUG]: Transforming net/minecraft/client/renderer/block/model/ItemOverrides METHOD <init>()V to access PROTECTED and LEAVE
[23:09:23] [main/DEBUG]: Skipping Lnet/minecraft/client/renderer/block/model/ItemOverrides$PropertyMatcher;
[23:09:23] [main/DEBUG]: Transforming class Lnet/minecraft/client/renderer/block/model/ItemOverrides$BakedOverride;
[23:09:23] [main/DEBUG]: Transforming net/minecraft/client/renderer/block/model/ItemOverrides$BakedOverride CLASS to access PUBLIC and LEAVE
[23:09:23] [main/DEBUG]: Transforming class Lnet/minecraft/client/renderer/block/model/ItemModelGenerator;
[23:09:23] [main/DEBUG]: Transforming net/minecraft/client/renderer/block/model/ItemModelGenerator METHOD m_111638_(ILjava/lang/String;Lnet/minecraft/client/renderer/texture/SpriteContents;)Ljava/util/List; to access PUBLIC and LEAVE
[23:09:23] [main/DEBUG]: Skipping Lnet/minecraft/client/renderer/block/model/ItemModelGenerator$SpanFacing;
[23:09:23] [main/DEBUG]: Skipping Lnet/minecraft/client/renderer/block/model/ItemModelGenerator$Span;
[23:09:23] [main/DEBUG]: Skipping Lnet/minecraft/client/renderer/block/model/FaceBakery;
[23:09:23] [main/DEBUG]: Skipping Lnet/minecraft/client/renderer/block/model/FaceBakery$1;
[23:09:23] [main/DEBUG]: Transforming class Lnet/minecraft/client/renderer/block/model/BlockModel;
[23:09:23] [main/DEBUG]: Transforming net/minecraft/client/renderer/block/model/BlockModel FIELD f_111424_ to access PUBLIC and LEAVE
[23:09:23] [main/DEBUG]: Transforming net/minecraft/client/renderer/block/model/BlockModel FIELD f_111417_ to access PUBLIC and LEAVE
[23:09:23] [main/DEBUG]: Transforming net/minecraft/client/renderer/block/model/BlockModel FIELD f_111418_ to access PUBLIC and LEAVE
[23:09:23] [main/DEBUG]: Transforming net/minecraft/client/renderer/block/model/BlockModel METHOD m_111437_(Lnet/minecraft/client/renderer/block/model/BlockElement;Lnet/minecraft/client/renderer/block/model/BlockElementFace;Lnet/minecraft/client/renderer/texture/TextureAtlasSprite;Lnet/minecraft/core/Direction;Lnet/minecraft/client/resources/model/ModelState;)Lnet/minecraft/client/renderer/block/model/BakedQuad; to access PUBLIC and LEAVE
[23:09:23] [main/DEBUG]: Skipping Lnet/minecraft/client/renderer/block/model/BlockModel$LoopException;
[23:09:23] [main/DEBUG]: Skipping Lnet/minecraft/client/renderer/block/model/BlockModel$GuiLight;
[23:09:23] [main/DEBUG]: Skipping Lnet/minecraft/client/renderer/block/model/BlockModel$Deserializer;
[23:09:23] [main/DEBUG]: Transforming class Lnet/minecraft/client/renderer/block/model/BlockElementFace;
[23:09:23] [main/DEBUG]: Transforming net/minecraft/client/renderer/block/model/BlockElementFace INNERCLASS Deserializer to access PUBLIC and LEAVE
[23:09:23] [main/DEBUG]: Transforming class Lnet/minecraft/client/renderer/block/model/BlockElementFace$Deserializer;
[23:09:23] [main/DEBUG]: Transforming net/minecraft/client/renderer/block/model/BlockElementFace$Deserializer CLASS to access PUBLIC and LEAVE
[23:09:23] [main/DEBUG]: Transforming net/minecraft/client/renderer/block/model/BlockElementFace$Deserializer METHOD <init>()V to access PUBLIC and LEAVE
[23:09:23] [main/DEBUG]: Skipping Lnet/minecraft/client/renderer/block/model/BakedQuad;
[23:09:23] [main/DEBUG]: Skipping Lnet/minecraft/client/renderer/block/ModelBlockRenderer;
[23:09:23] [main/DEBUG]: Skipping Lnet/minecraft/client/renderer/block/ModelBlockRenderer$SizeInfo;
[23:09:23] [main/DEBUG]: Skipping Lnet/minecraft/client/renderer/block/ModelBlockRenderer$Cache;
[23:09:23] [main/DEBUG]: Skipping Lnet/minecraft/client/renderer/block/ModelBlockRenderer$Cache$2;
[23:09:23] [main/DEBUG]: Skipping Lnet/minecraft/client/renderer/block/ModelBlockRenderer$Cache$1;
[23:09:23] [main/DEBUG]: Skipping Lnet/minecraft/client/renderer/block/ModelBlockRenderer$AmbientVertexRemap;
[23:09:23] [main/DEBUG]: Skipping Lnet/minecraft/client/renderer/block/ModelBlockRenderer$AmbientOcclusionFace;
[23:09:23] [main/DEBUG]: Skipping Lnet/minecraft/client/renderer/block/ModelBlockRenderer$AdjacencyInfo;
[23:09:23] [main/DEBUG]: Skipping Lnet/minecraft/client/renderer/block/ModelBlockRenderer$1;
[23:09:23] [main/DEBUG]: Skipping Lnet/minecraft/client/renderer/block/LiquidBlockRenderer;
[23:09:23] [main/DEBUG]: Skipping Lnet/minecraft/client/renderer/block/LiquidBlockRenderer$1;
[23:09:23] [main/DEBUG]: Skipping Lnet/minecraft/client/renderer/block/BlockRenderDispatcher;
[23:09:23] [main/DEBUG]: Skipping Lnet/minecraft/client/renderer/block/BlockRenderDispatcher$1;
[23:09:24] [main/DEBUG]: Skipping Lnet/minecraft/client/renderer/block/BlockModelShaper;
[23:09:24] [main/DEBUG]: Skipping Lnet/minecraft/client/renderer/VirtualScreen;
[23:09:24] [main/DEBUG]: Skipping Lnet/minecraft/client/renderer/ViewArea;
[23:09:24] [main/DEBUG]: Skipping Lnet/minecraft/client/renderer/SectionOcclusionGraph;
[23:09:24] [main/DEBUG]: Skipping Lnet/minecraft/client/renderer/SectionOcclusionGraph$SectionToNodeMap;
[23:09:24] [main/DEBUG]: Skipping Lnet/minecraft/client/renderer/SectionOcclusionGraph$Node;
[23:09:24] [main/DEBUG]: Skipping Lnet/minecraft/client/renderer/SectionOcclusionGraph$GraphStorage;
[23:09:24] [main/DEBUG]: Skipping Lnet/minecraft/client/renderer/SectionOcclusionGraph$GraphState;
[23:09:24] [main/DEBUG]: Skipping Lnet/minecraft/client/renderer/SectionOcclusionGraph$GraphEvents;
[23:09:24] [main/DEBUG]: Skipping Lnet/minecraft/client/renderer/SectionBufferBuilderPool;
[23:09:24] [main/DEBUG]: Skipping Lnet/minecraft/client/renderer/SectionBufferBuilderPack;
[23:09:24] [main/DEBUG]: Skipping Lnet/minecraft/client/renderer/RunningTrimmedMean;
[23:09:24] [main/DEBUG]: Transforming class Lnet/minecraft/client/renderer/RenderStateShard;
[23:09:24] [main/DEBUG]: Transforming net/minecraft/client/renderer/RenderStateShard INNERCLASS TextureStateShard to access PUBLIC and LEAVE
[23:09:24] [main/DEBUG]: Transforming net/minecraft/client/renderer/RenderStateShard INNERCLASS LayeringStateShard to access PUBLIC and LEAVE
[23:09:24] [main/DEBUG]: Transforming net/minecraft/client/renderer/RenderStateShard INNERCLASS EmptyTextureStateShard to access PUBLIC and LEAVE
[23:09:24] [main/DEBUG]: Transforming net/minecraft/client/renderer/RenderStateShard INNERCLASS WriteMaskStateShard to access PUBLIC and LEAVE
[23:09:24] [main/DEBUG]: Transforming net/minecraft/client/renderer/RenderStateShard INNERCLASS TransparencyStateShard to access PUBLIC and LEAVE
[23:09:24] [main/DEBUG]: Transforming net/minecraft/client/renderer/RenderStateShard INNERCLASS OverlayStateShard to access PUBLIC and LEAVE
[23:09:24] [main/DEBUG]: Transforming net/minecraft/client/renderer/RenderStateShard INNERCLASS OutputStateShard to access PUBLIC and LEAVE
[23:09:24] [main/DEBUG]: Transforming net/minecraft/client/renderer/RenderStateShard INNERCLASS MultiTextureStateShard to access PUBLIC and LEAVE
[23:09:24] [main/DEBUG]: Transforming net/minecraft/client/renderer/RenderStateShard INNERCLASS CullStateShard to access PUBLIC and LEAVE
[23:09:24] [main/DEBUG]: Transforming net/minecraft/client/renderer/RenderStateShard INNERCLASS ShaderStateShard to access PUBLIC and LEAVE
[23:09:24] [main/DEBUG]: Transforming net/minecraft/client/renderer/RenderStateShard INNERCLASS LightmapStateShard to access PUBLIC and LEAVE
[23:09:24] [main/DEBUG]: Transforming net/minecraft/client/renderer/RenderStateShard INNERCLASS DepthTestStateShard to access PUBLIC and LEAVE
[23:09:24] [main/DEBUG]: Transforming net/minecraft/client/renderer/RenderStateShard INNERCLASS TexturingStateShard to access PUBLIC and LEAVE
[23:09:24] [main/DEBUG]: Transforming net/minecraft/client/renderer/RenderStateShard INNERCLASS OffsetTexturingStateShard to access PUBLIC and LEAVE
[23:09:24] [main/DEBUG]: Transforming net/minecraft/client/renderer/RenderStateShard INNERCLASS BooleanStateShard to access PUBLIC and LEAVE
[23:09:24] [main/DEBUG]: Transforming net/minecraft/client/renderer/RenderStateShard FIELD f_110131_ to access PROTECTED and REMOVEFINAL
[23:09:24] [main/DEBUG]: Transforming class Lnet/minecraft/client/renderer/RenderStateShard$WriteMaskStateShard;
[23:09:24] [main/DEBUG]: Transforming net/minecraft/client/renderer/RenderStateShard$WriteMaskStateShard CLASS to access PUBLIC and LEAVE
[23:09:24] [main/DEBUG]: Transforming class Lnet/minecraft/client/renderer/RenderStateShard$TransparencyStateShard;
[23:09:24] [main/DEBUG]: Transforming net/minecraft/client/renderer/RenderStateShard$TransparencyStateShard CLASS to access PUBLIC and LEAVE
[23:09:24] [main/DEBUG]: Transforming class Lnet/minecraft/client/renderer/RenderStateShard$TexturingStateShard;
[23:09:24] [main/DEBUG]: Transforming net/minecraft/client/renderer/RenderStateShard$TexturingStateShard CLASS to access PUBLIC and LEAVE
[23:09:24] [main/DEBUG]: Transforming class Lnet/minecraft/client/renderer/RenderStateShard$TextureStateShard;
[23:09:24] [main/DEBUG]: Transforming net/minecraft/client/renderer/RenderStateShard$TextureStateShard CLASS to access PUBLIC and LEAVE
[23:09:24] [main/DEBUG]: Transforming net/minecraft/client/renderer/RenderStateShard$TextureStateShard FIELD f_110329_ to access PROTECTED and REMOVEFINAL
[23:09:24] [main/DEBUG]: Transforming net/minecraft/client/renderer/RenderStateShard$TextureStateShard FIELD f_110330_ to access PROTECTED and REMOVEFINAL
[23:09:24] [main/DEBUG]: Transforming class Lnet/minecraft/client/renderer/RenderStateShard$ShaderStateShard;
[23:09:24] [main/DEBUG]: Transforming net/minecraft/client/renderer/RenderStateShard$ShaderStateShard CLASS to access PUBLIC and LEAVE
[23:09:24] [main/DEBUG]: Transforming class Lnet/minecraft/client/renderer/RenderStateShard$OverlayStateShard;
[23:09:24] [main/DEBUG]: Transforming net/minecraft/client/renderer/RenderStateShard$OverlayStateShard CLASS to access PUBLIC and LEAVE
[23:09:24] [main/DEBUG]: Transforming class Lnet/minecraft/client/renderer/RenderStateShard$OutputStateShard;
[23:09:24] [main/DEBUG]: Transforming net/minecraft/client/renderer/RenderStateShard$OutputStateShard CLASS to access PUBLIC and LEAVE
[23:09:24] [main/DEBUG]: Transforming class Lnet/minecraft/client/renderer/RenderStateShard$OffsetTexturingStateShard;
[23:09:24] [main/DEBUG]: Transforming net/minecraft/client/renderer/RenderStateShard$OffsetTexturingStateShard CLASS to access PUBLIC and LEAVE
[23:09:24] [main/DEBUG]: Transforming class Lnet/minecraft/client/renderer/RenderStateShard$MultiTextureStateShard;
[23:09:24] [main/DEBUG]: Transforming net/minecraft/client/renderer/RenderStateShard$MultiTextureStateShard CLASS to access PUBLIC and LEAVE
[23:09:24] [main/DEBUG]: Skipping Lnet/minecraft/client/renderer/RenderStateShard$MultiTextureStateShard$Builder;
[23:09:24] [main/DEBUG]: Skipping Lnet/minecraft/client/renderer/RenderStateShard$LineStateShard;
[23:09:24] [main/DEBUG]: Transforming class Lnet/minecraft/client/renderer/RenderStateShard$LightmapStateShard;
[23:09:24] [main/DEBUG]: Transforming net/minecraft/client/renderer/RenderStateShard$LightmapStateShard CLASS to access PUBLIC and LEAVE
[23:09:24] [main/DEBUG]: Transforming class Lnet/minecraft/client/renderer/RenderStateShard$LayeringStateShard;
[23:09:24] [main/DEBUG]: Transforming net/minecraft/client/renderer/RenderStateShard$LayeringStateShard CLASS to access PUBLIC and LEAVE
[23:09:24] [main/DEBUG]: Transforming class Lnet/minecraft/client/renderer/RenderStateShard$EmptyTextureStateShard;
[23:09:24] [main/DEBUG]: Transforming net/minecraft/client/renderer/RenderStateShard$EmptyTextureStateShard CLASS to access PUBLIC and LEAVE
[23:09:24] [main/DEBUG]: Transforming class Lnet/minecraft/client/renderer/RenderStateShard$DepthTestStateShard;
[23:09:24] [main/DEBUG]: Transforming net/minecraft/client/renderer/RenderStateShard$DepthTestStateShard CLASS to access PUBLIC and LEAVE
[23:09:24] [main/DEBUG]: Transforming class Lnet/minecraft/client/renderer/RenderStateShard$CullStateShard;
[23:09:24] [main/DEBUG]: Transforming net/minecraft/client/renderer/RenderStateShard$CullStateShard CLASS to access PUBLIC and LEAVE
[23:09:24] [main/DEBUG]: Skipping Lnet/minecraft/client/renderer/RenderStateShard$ColorLogicStateShard;
[23:09:24] [main/DEBUG]: Transforming class Lnet/minecraft/client/renderer/RenderStateShard$BooleanStateShard;
[23:09:24] [main/DEBUG]: Transforming net/minecraft/client/renderer/RenderStateShard$BooleanStateShard CLASS to access PUBLIC and LEAVE
[23:09:24] [main/DEBUG]: Skipping Lnet/minecraft/client/renderer/RenderBuffers;
[23:09:24] [main/DEBUG]: Skipping Lnet/minecraft/client/renderer/Rect2i;
[23:09:24] [main/DEBUG]: Skipping Lnet/minecraft/client/renderer/PostPass;
[23:09:24] [main/DEBUG]: Skipping Lnet/minecraft/client/renderer/PanoramaRenderer;
[23:09:24] [main/DEBUG]: Skipping Lnet/minecraft/client/renderer/OutlineBufferSource;
[23:09:24] [main/DEBUG]: Skipping Lnet/minecraft/client/renderer/OutlineBufferSource$EntityOutlineGenerator;
[23:09:24] [main/DEBUG]: Skipping Lnet/minecraft/client/renderer/MultiBufferSource;
[23:09:24] [main/DEBUG]: Skipping Lnet/minecraft/client/renderer/MultiBufferSource$BufferSource;
[23:09:24] [main/DEBUG]: Skipping Lnet/minecraft/client/renderer/ItemModelShaper;
[23:09:24] [main/DEBUG]: Skipping Lnet/minecraft/client/renderer/GpuWarnlistManager;
[23:09:24] [main/DEBUG]: Skipping Lnet/minecraft/client/renderer/GpuWarnlistManager$Preparations;
[23:09:24] [main/DEBUG]: Skipping Lnet/minecraft/client/renderer/FaceInfo;
[23:09:24] [main/DEBUG]: Skipping Lnet/minecraft/client/renderer/FaceInfo$VertexInfo;
[23:09:24] [main/DEBUG]: Skipping Lnet/minecraft/client/renderer/FaceInfo$Constants;
[23:09:24] [main/DEBUG]: Skipping Lnet/minecraft/client/renderer/CubeMap;
[23:09:24] [main/DEBUG]: Skipping Lnet/minecraft/client/renderer/BlockEntityWithoutLevelRenderer;
[23:09:24] [main/DEBUG]: Skipping Lnet/minecraft/client/renderer/BiomeColors;
[23:09:24] [main/DEBUG]: Skipping Lnet/minecraft/client/renderer/SpriteCoordinateExpander;
[23:09:24] [main/DEBUG]: Skipping Lnet/minecraft/client/renderer/Sheets;
[23:09:24] [main/DEBUG]: Skipping Lnet/minecraft/client/renderer/Sheets$1;
[23:09:24] [main/DEBUG]: Skipping Lnet/minecraft/client/renderer/ShaderInstance;
[23:09:24] [main/DEBUG]: Skipping Lnet/minecraft/client/renderer/ShaderInstance$1;
[23:09:24] [main/DEBUG]: Skipping Lnet/minecraft/client/renderer/ScreenEffectRenderer;
[23:09:24] [main/DEBUG]: Transforming class Lnet/minecraft/client/renderer/RenderType;
[23:09:24] [main/DEBUG]: Transforming net/minecraft/client/renderer/RenderType INNERCLASS CompositeState to access PUBLIC and LEAVE
[23:09:24] [main/DEBUG]: Transforming net/minecraft/client/renderer/RenderType METHOD m_173215_(Ljava/lang/String;Lcom/mojang/blaze3d/vertex/VertexFormat;Lcom/mojang/blaze3d/vertex/VertexFormat$Mode;IZZLnet/minecraft/client/renderer/RenderType$CompositeState;)Lnet/minecraft/client/renderer/RenderType$CompositeRenderType; to access PUBLIC and LEAVE
[23:09:24] [main/DEBUG]: Skipping Lnet/minecraft/client/renderer/RenderType$OutlineProperty;
[23:09:24] [main/DEBUG]: Transforming class Lnet/minecraft/client/renderer/RenderType$CompositeState;
[23:09:24] [main/DEBUG]: Transforming net/minecraft/client/renderer/RenderType$CompositeState CLASS to access PUBLIC and LEAVE
[23:09:24] [main/DEBUG]: Skipping Lnet/minecraft/client/renderer/RenderType$CompositeState$CompositeStateBuilder;
[23:09:24] [main/DEBUG]: Skipping Lnet/minecraft/client/renderer/RenderType$CompositeRenderType;
[23:09:24] [main/DEBUG]: Skipping Lnet/minecraft/client/renderer/PostChain;
[23:09:24] [main/DEBUG]: Skipping Lnet/minecraft/client/renderer/LightTexture;
[23:09:24] [main/DEBUG]: Transforming class Lnet/minecraft/client/renderer/LevelRenderer;
[23:09:24] [main/DEBUG]: Transforming net/minecraft/client/renderer/LevelRenderer METHOD m_109817_()Z to access PUBLIC and LEAVE
[23:09:24] [main/DEBUG]: Skipping Lnet/minecraft/client/renderer/LevelRenderer$TransparencyShaderException;
[23:09:24] [main/DEBUG]: Skipping Lnet/minecraft/client/renderer/LevelRenderer$1;
[23:09:24] [main/DEBUG]: Skipping Lnet/minecraft/client/renderer/ItemInHandRenderer;
[23:09:24] [main/DEBUG]: Skipping Lnet/minecraft/client/renderer/ItemInHandRenderer$HandRenderSelection;
[23:09:24] [main/DEBUG]: Skipping Lnet/minecraft/client/renderer/ItemInHandRenderer$1;
[23:09:24] [main/DEBUG]: Skipping Lnet/minecraft/client/renderer/ItemBlockRenderTypes;
[23:09:24] [main/DEBUG]: Transforming class Lnet/minecraft/client/renderer/GameRenderer;
[23:09:24] [main/DEBUG]: Transforming net/minecraft/client/renderer/GameRenderer METHOD m_109128_(Lnet/minecraft/resources/ResourceLocation;)V to access PUBLIC and LEAVE
[23:09:24] [main/DEBUG]: Skipping Lnet/minecraft/client/renderer/GameRenderer$ResourceCache;
[23:09:24] [main/DEBUG]: Skipping Lnet/minecraft/client/renderer/GameRenderer$1;
[23:09:24] [main/DEBUG]: Skipping Lnet/minecraft/client/renderer/FogRenderer;
[23:09:24] [main/DEBUG]: Skipping Lnet/minecraft/client/renderer/FogRenderer$MobEffectFogFunction;
[23:09:24] [main/DEBUG]: Skipping Lnet/minecraft/client/renderer/FogRenderer$FogMode;
[23:09:24] [main/DEBUG]: Skipping Lnet/minecraft/client/renderer/FogRenderer$FogData;
[23:09:24] [main/DEBUG]: Skipping Lnet/minecraft/client/renderer/FogRenderer$DarknessFogFunction;
[23:09:24] [main/DEBUG]: Skipping Lnet/minecraft/client/renderer/FogRenderer$BlindnessFogFunction;
[23:09:24] [main/DEBUG]: Skipping Lnet/minecraft/client/renderer/EffectInstance;
[23:09:24] [main/DEBUG]: Skipping Lnet/minecraft/client/renderer/DimensionSpecialEffects;
[23:09:24] [main/DEBUG]: Skipping Lnet/minecraft/client/renderer/DimensionSpecialEffects$SkyType;
[23:09:24] [main/DEBUG]: Skipping Lnet/minecraft/client/renderer/DimensionSpecialEffects$OverworldEffects;
[23:09:24] [main/DEBUG]: Skipping Lnet/minecraft/client/renderer/DimensionSpecialEffects$NetherEffects;
[23:09:24] [main/DEBUG]: Skipping Lnet/minecraft/client/renderer/DimensionSpecialEffects$EndEffects;
[23:09:24] [main/DEBUG]: Skipping Lnet/minecraft/client/quickplay/package-info;
[23:09:24] [main/DEBUG]: Skipping Lnet/minecraft/client/quickplay/QuickPlayLog;
[23:09:24] [main/DEBUG]: Skipping Lnet/minecraft/client/quickplay/QuickPlayLog$Type;
[23:09:24] [main/DEBUG]: Skipping Lnet/minecraft/client/quickplay/QuickPlayLog$QuickPlayWorld;
[23:09:24] [main/DEBUG]: Skipping Lnet/minecraft/client/quickplay/QuickPlayLog$QuickPlayEntry;
[23:09:24] [main/DEBUG]: Skipping Lnet/minecraft/client/quickplay/QuickPlayLog$1;
[23:09:24] [main/DEBUG]: Skipping Lnet/minecraft/client/quickplay/QuickPlay;
[23:09:24] [main/DEBUG]: Skipping Lnet/minecraft/client/profiling/package-info;
[23:09:24] [main/DEBUG]: Skipping Lnet/minecraft/client/profiling/ClientMetricsSamplersProvider;
[23:09:24] [main/DEBUG]: Skipping Lnet/minecraft/client/player/package-info;
[23:09:24] [main/DEBUG]: Skipping Lnet/minecraft/client/player/inventory/package-info;
[23:09:24] [main/DEBUG]: Skipping Lnet/minecraft/client/player/inventory/Hotbar;
[23:09:24] [main/DEBUG]: Skipping Lnet/minecraft/client/player/KeyboardInput;
[23:09:24] [main/DEBUG]: Skipping Lnet/minecraft/client/player/Input;
[23:09:24] [main/DEBUG]: Skipping Lnet/minecraft/client/player/RemotePlayer;
[23:09:24] [main/DEBUG]: Transforming class Lnet/minecraft/client/player/LocalPlayer;
[23:09:24] [main/DEBUG]: Transforming net/minecraft/client/player/LocalPlayer METHOD m_8088_()I to access PUBLIC and LEAVE
[23:09:24] [main/DEBUG]: Skipping Lnet/minecraft/client/player/AbstractClientPlayer;
[23:09:24] [main/DEBUG]: Skipping Lnet/minecraft/client/particle/package-info;
[23:09:24] [main/DEBUG]: Skipping Lnet/minecraft/client/particle/WhiteSmokeParticle;
[23:09:24] [main/DEBUG]: Skipping Lnet/minecraft/client/particle/WhiteSmokeParticle$Provider;
[23:09:24] [main/DEBUG]: Skipping Lnet/minecraft/client/particle/WhiteAshParticle;
[23:09:24] [main/DEBUG]: Skipping Lnet/minecraft/client/particle/WhiteAshParticle$Provider;
[23:09:24] [main/DEBUG]: Skipping Lnet/minecraft/client/particle/WaterDropParticle;
[23:09:24] [main/DEBUG]: Skipping Lnet/minecraft/client/particle/WaterDropParticle$Provider;
[23:09:24] [main/DEBUG]: Skipping Lnet/minecraft/client/particle/WaterCurrentDownParticle;
[23:09:24] [main/DEBUG]: Skipping Lnet/minecraft/client/particle/WaterCurrentDownParticle$Provider;
[23:09:24] [main/DEBUG]: Skipping Lnet/minecraft/client/particle/WakeParticle;
[23:09:24] [main/DEBUG]: Skipping Lnet/minecraft/client/particle/WakeParticle$Provider;
[23:09:24] [main/DEBUG]: Skipping Lnet/minecraft/client/particle/TrialSpawnerDetectionParticle;
[23:09:24] [main/DEBUG]: Skipping Lnet/minecraft/client/particle/TrialSpawnerDetectionParticle$Provider;
[23:09:24] [main/DEBUG]: Skipping Lnet/minecraft/client/particle/TrackingEmitter;
[23:09:24] [main/DEBUG]: Skipping Lnet/minecraft/client/particle/TotemParticle;
[23:09:24] [main/DEBUG]: Skipping Lnet/minecraft/client/particle/TotemParticle$Provider;
[23:09:24] [main/DEBUG]: Skipping Lnet/minecraft/client/particle/TextureSheetParticle;
[23:09:24] [main/DEBUG]: Skipping Lnet/minecraft/client/particle/SuspendedTownParticle;
[23:09:24] [main/DEBUG]: Skipping Lnet/minecraft/client/particle/SuspendedTownParticle$Provider;
[23:09:24] [main/DEBUG]: Skipping Lnet/minecraft/client/particle/SuspendedTownParticle$HappyVillagerProvider;
[23:09:24] [main/DEBUG]: Skipping Lnet/minecraft/client/particle/SuspendedTownParticle$EggCrackProvider;
[23:09:24] [main/DEBUG]: Skipping Lnet/minecraft/client/particle/SuspendedTownParticle$DolphinSpeedProvider;
[23:09:24] [main/DEBUG]: Skipping Lnet/minecraft/client/particle/SuspendedTownParticle$ComposterFillProvider;
[23:09:24] [main/DEBUG]: Skipping Lnet/minecraft/client/particle/SuspendedParticle;
[23:09:24] [main/DEBUG]: Skipping Lnet/minecraft/client/particle/SuspendedParticle$WarpedSporeProvider;
[23:09:24] [main/DEBUG]: Skipping Lnet/minecraft/client/particle/SuspendedParticle$UnderwaterProvider;
[23:09:24] [main/DEBUG]: Skipping Lnet/minecraft/client/particle/SuspendedParticle$SporeBlossomAirProvider;
[23:09:24] [main/DEBUG]: Skipping Lnet/minecraft/client/particle/SuspendedParticle$SporeBlossomAirProvider$1;
[23:09:24] [main/DEBUG]: Skipping Lnet/minecraft/client/particle/SuspendedParticle$CrimsonSporeProvider;
[23:09:24] [main/DEBUG]: Skipping Lnet/minecraft/client/particle/SquidInkParticle;
[23:09:24] [main/DEBUG]: Skipping Lnet/minecraft/client/particle/SquidInkParticle$Provider;
[23:09:24] [main/DEBUG]: Skipping Lnet/minecraft/client/particle/SquidInkParticle$GlowInkProvider;
[23:09:24] [main/DEBUG]: Skipping Lnet/minecraft/client/particle/SpriteSet;
[23:09:24] [main/DEBUG]: Skipping Lnet/minecraft/client/particle/SplashParticle;
[23:09:24] [main/DEBUG]: Skipping Lnet/minecraft/client/particle/SplashParticle$Provider;
[23:09:24] [main/DEBUG]: Skipping Lnet/minecraft/client/particle/SpitParticle;
[23:09:24] [main/DEBUG]: Skipping Lnet/minecraft/client/particle/SpitParticle$Provider;
[23:09:24] [main/DEBUG]: Skipping Lnet/minecraft/client/particle/SpellParticle;
[23:09:24] [main/DEBUG]: Skipping Lnet/minecraft/client/particle/SpellParticle$WitchProvider;
[23:09:24] [main/DEBUG]: Skipping Lnet/minecraft/client/particle/SpellParticle$Provider;
[23:09:24] [main/DEBUG]: Skipping Lnet/minecraft/client/particle/SpellParticle$MobEffectProvider;
[23:09:24] [main/DEBUG]: Skipping Lnet/minecraft/client/particle/SpellParticle$InstantProvider;
[23:09:24] [main/DEBUG]: Skipping Lnet/minecraft/client/particle/SoulParticle;
[23:09:24] [main/DEBUG]: Skipping Lnet/minecraft/client/particle/SoulParticle$Provider;
[23:09:24] [main/DEBUG]: Skipping Lnet/minecraft/client/particle/SoulParticle$EmissiveProvider;
[23:09:24] [main/DEBUG]: Skipping Lnet/minecraft/client/particle/SonicBoomParticle;
[23:09:24] [main/DEBUG]: Skipping Lnet/minecraft/client/particle/SonicBoomParticle$Provider;
[23:09:24] [main/DEBUG]: Skipping Lnet/minecraft/client/particle/SnowflakeParticle;
[23:09:24] [main/DEBUG]: Skipping Lnet/minecraft/client/particle/SnowflakeParticle$Provider;
[23:09:24] [main/DEBUG]: Skipping Lnet/minecraft/client/particle/SmokeParticle;
[23:09:24] [main/DEBUG]: Skipping Lnet/minecraft/client/particle/SmokeParticle$Provider;
[23:09:24] [main/DEBUG]: Skipping Lnet/minecraft/client/particle/SingleQuadParticle;
[23:09:24] [main/DEBUG]: Skipping Lnet/minecraft/client/particle/SingleQuadParticle$FacingCameraMode;
[23:09:24] [main/DEBUG]: Skipping Lnet/minecraft/client/particle/SimpleAnimatedParticle;
[23:09:24] [main/DEBUG]: Skipping Lnet/minecraft/client/particle/ShriekParticle;
[23:09:24] [main/DEBUG]: Skipping Lnet/minecraft/client/particle/ShriekParticle$Provider;
[23:09:24] [main/DEBUG]: Skipping Lnet/minecraft/client/particle/SculkChargePopParticle;
[23:09:24] [main/DEBUG]: Skipping Lnet/minecraft/client/particle/SculkChargePopParticle$Provider;
[23:09:24] [main/DEBUG]: Skipping Lnet/minecraft/client/particle/SculkChargeParticle;
[23:09:24] [main/DEBUG]: Skipping Lnet/minecraft/client/particle/SculkChargeParticle$Provider;
[23:09:24] [main/DEBUG]: Skipping Lnet/minecraft/client/particle/RisingParticle;
[23:09:24] [main/DEBUG]: Skipping Lnet/minecraft/client/particle/PlayerCloudParticle;
[23:09:24] [main/DEBUG]: Skipping Lnet/minecraft/client/particle/PlayerCloudParticle$SneezeProvider;
[23:09:24] [main/DEBUG]: Skipping Lnet/minecraft/client/particle/PlayerCloudParticle$Provider;
[23:09:24] [main/DEBUG]: Skipping Lnet/minecraft/client/particle/ParticleRenderType;
[23:09:24] [main/DEBUG]: Skipping Lnet/minecraft/client/particle/ParticleRenderType$6;
[23:09:24] [main/DEBUG]: Skipping Lnet/minecraft/client/particle/ParticleRenderType$5;
[23:09:24] [main/DEBUG]: Skipping Lnet/minecraft/client/particle/ParticleRenderType$4;
[23:09:24] [main/DEBUG]: Skipping Lnet/minecraft/client/particle/ParticleRenderType$3;
[23:09:24] [main/DEBUG]: Skipping Lnet/minecraft/client/particle/ParticleRenderType$2;
[23:09:24] [main/DEBUG]: Skipping Lnet/minecraft/client/particle/ParticleRenderType$1;
[23:09:24] [main/DEBUG]: Skipping Lnet/minecraft/client/particle/ParticleProvider;
[23:09:24] [main/DEBUG]: Skipping Lnet/minecraft/client/particle/ParticleProvider$Sprite;
[23:09:24] [main/DEBUG]: Skipping Lnet/minecraft/client/particle/ParticleDescription;
[23:09:24] [main/DEBUG]: Skipping Lnet/minecraft/client/particle/NoteParticle;
[23:09:24] [main/DEBUG]: Skipping Lnet/minecraft/client/particle/NoteParticle$Provider;
[23:09:24] [main/DEBUG]: Skipping Lnet/minecraft/client/particle/NoRenderParticle;
[23:09:24] [main/DEBUG]: Skipping Lnet/minecraft/client/particle/MobAppearanceParticle;
[23:09:24] [main/DEBUG]: Skipping Lnet/minecraft/client/particle/MobAppearanceParticle$Provider;
[23:09:24] [main/DEBUG]: Skipping Lnet/minecraft/client/particle/LavaParticle;
[23:09:24] [main/DEBUG]: Skipping Lnet/minecraft/client/particle/LavaParticle$Provider;
[23:09:24] [main/DEBUG]: Skipping Lnet/minecraft/client/particle/LargeSmokeParticle;
[23:09:24] [main/DEBUG]: Skipping Lnet/minecraft/client/particle/LargeSmokeParticle$Provider;
[23:09:24] [main/DEBUG]: Skipping Lnet/minecraft/client/particle/ItemPickupParticle;
[23:09:24] [main/DEBUG]: Skipping Lnet/minecraft/client/particle/HugeExplosionSeedParticle;
[23:09:24] [main/DEBUG]: Skipping Lnet/minecraft/client/particle/HugeExplosionSeedParticle$Provider;
[23:09:24] [main/DEBUG]: Skipping Lnet/minecraft/client/particle/HugeExplosionParticle;
[23:09:24] [main/DEBUG]: Skipping Lnet/minecraft/client/particle/HugeExplosionParticle$Provider;
[23:09:24] [main/DEBUG]: Skipping Lnet/minecraft/client/particle/HeartParticle;
[23:09:24] [main/DEBUG]: Skipping Lnet/minecraft/client/particle/HeartParticle$Provider;
[23:09:24] [main/DEBUG]: Skipping Lnet/minecraft/client/particle/HeartParticle$AngryVillagerProvider;
[23:09:24] [main/DEBUG]: Skipping Lnet/minecraft/client/particle/GustSeedParticle;
[23:09:24] [main/DEBUG]: Skipping Lnet/minecraft/client/particle/GustSeedParticle$Provider;
[23:09:24] [main/DEBUG]: Skipping Lnet/minecraft/client/particle/GustParticle;
[23:09:24] [main/DEBUG]: Skipping Lnet/minecraft/client/particle/GustParticle$SmallProvider;
[23:09:24] [main/DEBUG]: Skipping Lnet/minecraft/client/particle/GustParticle$Provider;
[23:09:24] [main/DEBUG]: Skipping Lnet/minecraft/client/particle/GlowParticle;
[23:09:24] [main/DEBUG]: Skipping Lnet/minecraft/client/particle/GlowParticle$WaxOnProvider;
[23:09:24] [main/DEBUG]: Skipping Lnet/minecraft/client/particle/GlowParticle$WaxOffProvider;
[23:09:24] [main/DEBUG]: Skipping Lnet/minecraft/client/particle/GlowParticle$ScrapeProvider;
[23:09:24] [main/DEBUG]: Skipping Lnet/minecraft/client/particle/GlowParticle$GlowSquidProvider;
[23:09:24] [main/DEBUG]: Skipping Lnet/minecraft/client/particle/GlowParticle$ElectricSparkProvider;
[23:09:24] [main/DEBUG]: Skipping Lnet/minecraft/client/particle/FlyStraightTowardsParticle;
[23:09:24] [main/DEBUG]: Skipping Lnet/minecraft/client/particle/FlyStraightTowardsParticle$OminousSpawnProvider;
[23:09:24] [main/DEBUG]: Skipping Lnet/minecraft/client/particle/FlameParticle;
[23:09:24] [main/DEBUG]: Skipping Lnet/minecraft/client/particle/FlameParticle$SmallFlameProvider;
[23:09:24] [main/DEBUG]: Skipping Lnet/minecraft/client/particle/FlameParticle$Provider;
[23:09:24] [main/DEBUG]: Skipping Lnet/minecraft/client/particle/FallingDustParticle;
[23:09:24] [main/DEBUG]: Skipping Lnet/minecraft/client/particle/FallingDustParticle$Provider;
[23:09:24] [main/DEBUG]: Skipping Lnet/minecraft/client/particle/ExplodeParticle;
[23:09:24] [main/DEBUG]: Skipping Lnet/minecraft/client/particle/ExplodeParticle$Provider;
[23:09:24] [main/DEBUG]: Skipping Lnet/minecraft/client/particle/EndRodParticle;
[23:09:24] [main/DEBUG]: Skipping Lnet/minecraft/client/particle/EndRodParticle$Provider;
[23:09:24] [main/DEBUG]: Skipping Lnet/minecraft/client/particle/DustPlumeParticle;
[23:09:24] [main/DEBUG]: Skipping Lnet/minecraft/client/particle/DustPlumeParticle$Provider;
[23:09:24] [main/DEBUG]: Skipping Lnet/minecraft/client/particle/DustParticleBase;
[23:09:24] [main/DEBUG]: Skipping Lnet/minecraft/client/particle/DustParticle;
[23:09:24] [main/DEBUG]: Skipping Lnet/minecraft/client/particle/DustParticle$Provider;
[23:09:24] [main/DEBUG]: Skipping Lnet/minecraft/client/particle/DustColorTransitionParticle;
[23:09:24] [main/DEBUG]: Skipping Lnet/minecraft/client/particle/DustColorTransitionParticle$Provider;
[23:09:24] [main/DEBUG]: Skipping Lnet/minecraft/client/particle/DripParticle;
[23:09:24] [main/DEBUG]: Skipping Lnet/minecraft/client/particle/DripParticle$HoneyFallAndLandParticle;
[23:09:24] [main/DEBUG]: Skipping Lnet/minecraft/client/particle/DripParticle$FallingParticle;
[23:09:24] [main/DEBUG]: Skipping Lnet/minecraft/client/particle/DripParticle$FallAndLandParticle;
[23:09:24] [main/DEBUG]: Skipping Lnet/minecraft/client/particle/DripParticle$DripstoneFallAndLandParticle;
[23:09:24] [main/DEBUG]: Skipping Lnet/minecraft/client/particle/DripParticle$DripLandParticle;
[23:09:24] [main/DEBUG]: Skipping Lnet/minecraft/client/particle/DripParticle$DripHangParticle;
[23:09:24] [main/DEBUG]: Skipping Lnet/minecraft/client/particle/DripParticle$CoolingDripHangParticle;
[23:09:24] [main/DEBUG]: Skipping Lnet/minecraft/client/particle/DragonBreathParticle;
[23:09:24] [main/DEBUG]: Skipping Lnet/minecraft/client/particle/DragonBreathParticle$Provider;
[23:09:24] [main/DEBUG]: Skipping Lnet/minecraft/client/particle/CritParticle;
[23:09:24] [main/DEBUG]: Skipping Lnet/minecraft/client/particle/CritParticle$Provider;
[23:09:24] [main/DEBUG]: Skipping Lnet/minecraft/client/particle/CritParticle$MagicProvider;
[23:09:24] [main/DEBUG]: Skipping Lnet/minecraft/client/particle/CritParticle$DamageIndicatorProvider;
[23:09:24] [main/DEBUG]: Skipping Lnet/minecraft/client/particle/CherryParticle;
[23:09:24] [main/DEBUG]: Skipping Lnet/minecraft/client/particle/CampfireSmokeParticle;
[23:09:24] [main/DEBUG]: Skipping Lnet/minecraft/client/particle/CampfireSmokeParticle$SignalProvider;
[23:09:24] [main/DEBUG]: Skipping Lnet/minecraft/client/particle/CampfireSmokeParticle$CosyProvider;
[23:09:24] [main/DEBUG]: Skipping Lnet/minecraft/client/particle/BubblePopParticle;
[23:09:24] [main/DEBUG]: Skipping Lnet/minecraft/client/particle/BubblePopParticle$Provider;
[23:09:24] [main/DEBUG]: Skipping Lnet/minecraft/client/particle/BubbleParticle;
[23:09:24] [main/DEBUG]: Skipping Lnet/minecraft/client/particle/BubbleParticle$Provider;
[23:09:24] [main/DEBUG]: Skipping Lnet/minecraft/client/particle/BubbleColumnUpParticle;
[23:09:24] [main/DEBUG]: Skipping Lnet/minecraft/client/particle/BubbleColumnUpParticle$Provider;
[23:09:24] [main/DEBUG]: Skipping Lnet/minecraft/client/particle/BlockMarker;
[23:09:24] [main/DEBUG]: Skipping Lnet/minecraft/client/particle/BlockMarker$Provider;
[23:09:24] [main/DEBUG]: Skipping Lnet/minecraft/client/particle/BaseAshSmokeParticle;
[23:09:24] [main/DEBUG]: Skipping Lnet/minecraft/client/particle/AttackSweepParticle;
[23:09:24] [main/DEBUG]: Skipping Lnet/minecraft/client/particle/AttackSweepParticle$Provider;
[23:09:24] [main/DEBUG]: Skipping Lnet/minecraft/client/particle/AshParticle;
[23:09:24] [main/DEBUG]: Skipping Lnet/minecraft/client/particle/AshParticle$Provider;
[23:09:24] [main/DEBUG]: Skipping Lnet/minecraft/client/particle/VibrationSignalParticle;
[23:09:24] [main/DEBUG]: Skipping Lnet/minecraft/client/particle/VibrationSignalParticle$Provider;
[23:09:24] [main/DEBUG]: Skipping Lnet/minecraft/client/particle/TerrainParticle;
[23:09:24] [main/DEBUG]: Skipping Lnet/minecraft/client/particle/TerrainParticle$Provider;
[23:09:24] [main/DEBUG]: Skipping Lnet/minecraft/client/particle/TerrainParticle$DustPillarProvider;
[23:09:24] [main/DEBUG]: Skipping Lnet/minecraft/client/particle/ReversePortalParticle;
[23:09:24] [main/DEBUG]: Skipping Lnet/minecraft/client/particle/ReversePortalParticle$ReversePortalProvider;
[23:09:24] [main/DEBUG]: Skipping Lnet/minecraft/client/particle/PortalParticle;
[23:09:24] [main/DEBUG]: Skipping Lnet/minecraft/client/particle/PortalParticle$Provider;
[23:09:24] [main/DEBUG]: Transforming class Lnet/minecraft/client/particle/ParticleEngine;
[23:09:24] [main/DEBUG]: Transforming net/minecraft/client/particle/ParticleEngine INNERCLASS SpriteParticleRegistration to access PUBLIC and LEAVE
[23:09:24] [main/DEBUG]: Transforming net/minecraft/client/particle/ParticleEngine METHOD m_107381_(Lnet/minecraft/core/particles/ParticleType;Lnet/minecraft/client/particle/ParticleProvider;)V to access PUBLIC and LEAVE
[23:09:24] [main/DEBUG]: Transforming net/minecraft/client/particle/ParticleEngine METHOD m_272137_(Lnet/minecraft/core/particles/ParticleType;Lnet/minecraft/client/particle/ParticleProvider$Sprite;)V to access PUBLIC and LEAVE
[23:09:24] [main/DEBUG]: Transforming net/minecraft/client/particle/ParticleEngine METHOD m_107378_(Lnet/minecraft/core/particles/ParticleType;Lnet/minecraft/client/particle/ParticleEngine$SpriteParticleRegistration;)V to access PUBLIC and LEAVE
[23:09:24] [main/DEBUG]: Transforming class Lnet/minecraft/client/particle/ParticleEngine$SpriteParticleRegistration;
[23:09:24] [main/DEBUG]: Transforming net/minecraft/client/particle/ParticleEngine$SpriteParticleRegistration CLASS to access PUBLIC and LEAVE
[23:09:24] [main/DEBUG]: Skipping Lnet/minecraft/client/particle/ParticleEngine$MutableSpriteSet;
[23:09:24] [main/DEBUG]: Skipping Lnet/minecraft/client/particle/ParticleEngine$1ParticleDefinition;
[23:09:24] [main/DEBUG]: Skipping Lnet/minecraft/client/particle/Particle;
[23:09:24] [main/DEBUG]: Skipping Lnet/minecraft/client/particle/Particle$LifetimeAlpha;
[23:09:24] [main/DEBUG]: Skipping Lnet/minecraft/client/particle/FlyTowardsPositionParticle;
[23:09:24] [main/DEBUG]: Skipping Lnet/minecraft/client/particle/FlyTowardsPositionParticle$VaultConnectionProvider;
[23:09:24] [main/DEBUG]: Skipping Lnet/minecraft/client/particle/FlyTowardsPositionParticle$NautilusProvider;
[23:09:24] [main/DEBUG]: Skipping Lnet/minecraft/client/particle/FlyTowardsPositionParticle$EnchantProvider;
[23:09:24] [main/DEBUG]: Skipping Lnet/minecraft/client/particle/FireworkParticles;
[23:09:24] [main/DEBUG]: Skipping Lnet/minecraft/client/particle/FireworkParticles$Starter;
[23:09:24] [main/DEBUG]: Skipping Lnet/minecraft/client/particle/FireworkParticles$SparkProvider;
[23:09:24] [main/DEBUG]: Skipping Lnet/minecraft/client/particle/FireworkParticles$SparkParticle;
[23:09:24] [main/DEBUG]: Skipping Lnet/minecraft/client/particle/FireworkParticles$OverlayParticle;
[23:09:24] [main/DEBUG]: Skipping Lnet/minecraft/client/particle/FireworkParticles$FlashProvider;
[23:09:24] [main/DEBUG]: Skipping Lnet/minecraft/client/particle/FireworkParticles$1;
[23:09:24] [main/DEBUG]: Skipping Lnet/minecraft/client/particle/BreakingItemParticle;
[23:09:24] [main/DEBUG]: Skipping Lnet/minecraft/client/particle/BreakingItemParticle$SnowballProvider;
[23:09:24] [main/DEBUG]: Skipping Lnet/minecraft/client/particle/BreakingItemParticle$SlimeProvider;
[23:09:24] [main/DEBUG]: Skipping Lnet/minecraft/client/particle/BreakingItemParticle$Provider;
[23:09:24] [main/DEBUG]: Skipping Lnet/minecraft/client/particle/BreakingItemParticle$CobwebProvider;
[23:09:24] [main/DEBUG]: Skipping Lnet/minecraft/client/package-info;
[23:09:24] [main/DEBUG]: Skipping Lnet/minecraft/client/multiplayer/resolver/package-info;
[23:09:24] [main/DEBUG]: Skipping Lnet/minecraft/client/multiplayer/resolver/ServerRedirectHandler;
[23:09:24] [main/DEBUG]: Skipping Lnet/minecraft/client/multiplayer/resolver/ServerNameResolver;
[23:09:24] [main/DEBUG]: Skipping Lnet/minecraft/client/multiplayer/resolver/ServerAddressResolver;
[23:09:24] [main/DEBUG]: Skipping Lnet/minecraft/client/multiplayer/resolver/ServerAddress;
[23:09:24] [main/DEBUG]: Skipping Lnet/minecraft/client/multiplayer/resolver/ResolvedServerAddress;
[23:09:24] [main/DEBUG]: Skipping Lnet/minecraft/client/multiplayer/resolver/ResolvedServerAddress$1;
[23:09:24] [main/DEBUG]: Skipping Lnet/minecraft/client/multiplayer/resolver/AddressCheck;
[23:09:24] [main/DEBUG]: Skipping Lnet/minecraft/client/multiplayer/resolver/AddressCheck$1;
[23:09:24] [main/DEBUG]: Skipping Lnet/minecraft/client/multiplayer/prediction/package-info;
[23:09:24] [main/DEBUG]: Skipping Lnet/minecraft/client/multiplayer/prediction/PredictiveAction;
[23:09:24] [main/DEBUG]: Skipping Lnet/minecraft/client/multiplayer/prediction/BlockStatePredictionHandler;
[23:09:24] [main/DEBUG]: Skipping Lnet/minecraft/client/multiplayer/prediction/BlockStatePredictionHandler$ServerVerifiedState;
[23:09:24] [main/DEBUG]: Skipping Lnet/minecraft/client/multiplayer/package-info;
[23:09:24] [main/DEBUG]: Skipping Lnet/minecraft/client/multiplayer/chat/report/package-info;
[23:09:24] [main/DEBUG]: Skipping Lnet/minecraft/client/multiplayer/chat/report/SkinReport;
[23:09:24] [main/DEBUG]: Skipping Lnet/minecraft/client/multiplayer/chat/report/SkinReport$Builder;
[23:09:24] [main/DEBUG]: Skipping Lnet/minecraft/client/multiplayer/chat/report/ReportingContext;
[23:09:24] [main/DEBUG]: Skipping Lnet/minecraft/client/multiplayer/chat/report/ReportType;
[23:09:24] [main/DEBUG]: Skipping Lnet/minecraft/client/multiplayer/chat/report/ReportReason;
[23:09:24] [main/DEBUG]: Skipping Lnet/minecraft/client/multiplayer/chat/report/ReportEnvironment;
[23:09:24] [main/DEBUG]: Skipping Lnet/minecraft/client/multiplayer/chat/report/ReportEnvironment$Server;
[23:09:24] [main/DEBUG]: Skipping Lnet/minecraft/client/multiplayer/chat/report/ReportEnvironment$Server$ThirdParty;
[23:09:24] [main/DEBUG]: Skipping Lnet/minecraft/client/multiplayer/chat/report/ReportEnvironment$Server$Realm;
[23:09:24] [main/DEBUG]: Skipping Lnet/minecraft/client/multiplayer/chat/report/Report;
[23:09:24] [main/DEBUG]: Skipping Lnet/minecraft/client/multiplayer/chat/report/Report$Result;
[23:09:24] [main/DEBUG]: Skipping Lnet/minecraft/client/multiplayer/chat/report/Report$CannotBuildReason;
[23:09:24] [main/DEBUG]: Skipping Lnet/minecraft/client/multiplayer/chat/report/Report$Builder;
[23:09:24] [main/DEBUG]: Skipping Lnet/minecraft/client/multiplayer/chat/report/NameReport;
[23:09:24] [main/DEBUG]: Skipping Lnet/minecraft/client/multiplayer/chat/report/NameReport$Builder;
[23:09:24] [main/DEBUG]: Skipping Lnet/minecraft/client/multiplayer/chat/report/ChatReportContextBuilder;
[23:09:24] [main/DEBUG]: Skipping Lnet/minecraft/client/multiplayer/chat/report/ChatReportContextBuilder$Handler;
[23:09:24] [main/DEBUG]: Skipping Lnet/minecraft/client/multiplayer/chat/report/ChatReportContextBuilder$Collector;
[23:09:24] [main/DEBUG]: Skipping Lnet/minecraft/client/multiplayer/chat/report/ChatReport;
[23:09:24] [main/DEBUG]: Skipping Lnet/minecraft/client/multiplayer/chat/report/ChatReport$Builder;
[23:09:24] [main/DEBUG]: Skipping Lnet/minecraft/client/multiplayer/chat/report/BanReason;
[23:09:24] [main/DEBUG]: Skipping Lnet/minecraft/client/multiplayer/chat/report/AbuseReportSender;
[23:09:24] [main/DEBUG]: Skipping Lnet/minecraft/client/multiplayer/chat/report/AbuseReportSender$Services;
[23:09:24] [main/DEBUG]: Skipping Lnet/minecraft/client/multiplayer/chat/report/AbuseReportSender$SendException;
[23:09:24] [main/DEBUG]: Skipping Lnet/minecraft/client/multiplayer/chat/report/AbuseReportSender$1;
[23:09:24] [main/DEBUG]: Skipping Lnet/minecraft/client/multiplayer/chat/package-info;
[23:09:24] [main/DEBUG]: Skipping Lnet/minecraft/client/multiplayer/chat/LoggedChatMessage;
[23:09:24] [main/DEBUG]: Skipping Lnet/minecraft/client/multiplayer/chat/LoggedChatMessage$System;
[23:09:24] [main/DEBUG]: Skipping Lnet/minecraft/client/multiplayer/chat/LoggedChatMessage$Player;
[23:09:24] [main/DEBUG]: Skipping Lnet/minecraft/client/multiplayer/chat/LoggedChatEvent;
[23:09:24] [main/DEBUG]: Skipping Lnet/minecraft/client/multiplayer/chat/LoggedChatEvent$Type;
[23:09:24] [main/DEBUG]: Skipping Lnet/minecraft/client/multiplayer/chat/ChatTrustLevel;
[23:09:24] [main/DEBUG]: Skipping Lnet/minecraft/client/multiplayer/chat/ChatLog;
[23:09:24] [main/DEBUG]: Skipping Lnet/minecraft/client/multiplayer/chat/ChatListener;
[23:09:24] [main/DEBUG]: Skipping Lnet/minecraft/client/multiplayer/chat/ChatListener$Message;
[23:09:24] [main/DEBUG]: Skipping Lnet/minecraft/client/multiplayer/TransferState;
[23:09:24] [main/DEBUG]: Skipping Lnet/minecraft/client/multiplayer/TagCollector;
[23:09:24] [main/DEBUG]: Skipping Lnet/minecraft/client/multiplayer/ServerList;
[23:09:24] [main/DEBUG]: Skipping Lnet/minecraft/client/multiplayer/RegistryDataCollector;
[23:09:24] [main/DEBUG]: Skipping Lnet/minecraft/client/multiplayer/RegistryDataCollector$ContentsCollector;
[23:09:24] [main/DEBUG]: Skipping Lnet/minecraft/client/multiplayer/ProfileKeyPairManager;
[23:09:24] [main/DEBUG]: Skipping Lnet/minecraft/client/multiplayer/ProfileKeyPairManager$1;
[23:09:24] [main/DEBUG]: Skipping Lnet/minecraft/client/multiplayer/PingDebugMonitor;
[23:09:24] [main/DEBUG]: Skipping Lnet/minecraft/client/multiplayer/LevelLoadStatusManager;
[23:09:24] [main/DEBUG]: Skipping Lnet/minecraft/client/multiplayer/LevelLoadStatusManager$Status;
[23:09:24] [main/DEBUG]: Skipping Lnet/minecraft/client/multiplayer/LegacyServerPinger;
[23:09:24] [main/DEBUG]: Skipping Lnet/minecraft/client/multiplayer/LegacyServerPinger$Output;
[23:09:24] [main/DEBUG]: Skipping Lnet/minecraft/client/multiplayer/KnownPacksManager;
[23:09:24] [main/DEBUG]: Skipping Lnet/minecraft/client/multiplayer/DebugSampleSubscriber;
[23:09:24] [main/DEBUG]: Skipping Lnet/minecraft/client/multiplayer/CommonListenerCookie;
[23:09:24] [main/DEBUG]: Skipping Lnet/minecraft/client/multiplayer/ClientSuggestionProvider;
[23:09:24] [main/DEBUG]: Skipping Lnet/minecraft/client/multiplayer/ClientSuggestionProvider$1;
[23:09:24] [main/DEBUG]: Skipping Lnet/minecraft/client/multiplayer/ClientRegistryLayer;
[23:09:24] [main/DEBUG]: Skipping Lnet/minecraft/client/multiplayer/ClientAdvancements;
[23:09:24] [main/DEBUG]: Skipping Lnet/minecraft/client/multiplayer/ClientAdvancements$Listener;
[23:09:24] [main/DEBUG]: Skipping Lnet/minecraft/client/multiplayer/ChunkBatchSizeCalculator;
[23:09:24] [main/DEBUG]: Transforming class Lnet/minecraft/client/multiplayer/SessionSearchTrees;
[23:09:24] [main/DEBUG]: Transforming net/minecraft/client/multiplayer/SessionSearchTrees INNERCLASS Key to access PUBLIC and LEAVE
[23:09:24] [main/DEBUG]: Transforming net/minecraft/client/multiplayer/SessionSearchTrees FIELD f_337599_ to access PUBLIC and LEAVE
[23:09:24] [main/DEBUG]: Transforming net/minecraft/client/multiplayer/SessionSearchTrees FIELD f_336706_ to access PUBLIC and LEAVE
[23:09:24] [main/DEBUG]: Transforming class Lnet/minecraft/client/multiplayer/SessionSearchTrees$Key;
[23:09:24] [main/DEBUG]: Transforming net/minecraft/client/multiplayer/SessionSearchTrees$Key CLASS to access PUBLIC and LEAVE
[23:09:24] [main/DEBUG]: Transforming net/minecraft/client/multiplayer/SessionSearchTrees$Key METHOD <init>()V to access PUBLIC and LEAVE
[23:09:24] [main/DEBUG]: Skipping Lnet/minecraft/client/multiplayer/ServerStatusPinger;
[23:09:24] [main/DEBUG]: Skipping Lnet/minecraft/client/multiplayer/ServerStatusPinger$2;
[23:09:24] [main/DEBUG]: Skipping Lnet/minecraft/client/multiplayer/ServerStatusPinger$1;
[23:09:24] [main/DEBUG]: Skipping Lnet/minecraft/client/multiplayer/ServerData;
[23:09:24] [main/DEBUG]: Skipping Lnet/minecraft/client/multiplayer/ServerData$Type;
[23:09:24] [main/DEBUG]: Skipping Lnet/minecraft/client/multiplayer/ServerData$State;
[23:09:24] [main/DEBUG]: Skipping Lnet/minecraft/client/multiplayer/ServerData$ServerPackStatus;
[23:09:24] [main/DEBUG]: Skipping Lnet/minecraft/client/multiplayer/PlayerInfo;
[23:09:24] [main/DEBUG]: Skipping Lnet/minecraft/client/multiplayer/MultiPlayerGameMode;
[23:09:24] [main/DEBUG]: Transforming class Lnet/minecraft/client/multiplayer/ClientPacketListener;
[23:09:24] [main/DEBUG]: Transforming net/minecraft/client/multiplayer/ClientPacketListener FIELD f_104899_ to access PUBLIC and LEAVE
[23:09:24] [main/DEBUG]: Skipping Lnet/minecraft/client/multiplayer/ClientPacketListener$1;
[23:09:24] [main/DEBUG]: Skipping Lnet/minecraft/client/multiplayer/ClientLevel;
[23:09:24] [main/DEBUG]: Skipping Lnet/minecraft/client/multiplayer/ClientLevel$EntityCallbacks;
[23:09:24] [main/DEBUG]: Skipping Lnet/minecraft/client/multiplayer/ClientLevel$ClientLevelData;
[23:09:24] [main/DEBUG]: Skipping Lnet/minecraft/client/multiplayer/ClientLevel$1;
[23:09:24] [main/DEBUG]: Skipping Lnet/minecraft/client/multiplayer/ClientHandshakePacketListenerImpl;
[23:09:24] [main/DEBUG]: Skipping Lnet/minecraft/client/multiplayer/ClientHandshakePacketListenerImpl$State;
[23:09:24] [main/DEBUG]: Skipping Lnet/minecraft/client/multiplayer/ClientConfigurationPacketListenerImpl;
[23:09:24] [main/DEBUG]: Skipping Lnet/minecraft/client/multiplayer/ClientCommonPacketListenerImpl;
[23:09:24] [main/DEBUG]: Skipping Lnet/minecraft/client/multiplayer/ClientCommonPacketListenerImpl$PackConfirmScreen;
[23:09:24] [main/DEBUG]: Skipping Lnet/minecraft/client/multiplayer/ClientCommonPacketListenerImpl$PackConfirmScreen$PendingRequest;
[23:09:24] [main/DEBUG]: Skipping Lnet/minecraft/client/multiplayer/ClientCommonPacketListenerImpl$DeferredPacket;
[23:09:24] [main/DEBUG]: Skipping Lnet/minecraft/client/multiplayer/ClientChunkCache;
[23:09:24] [main/DEBUG]: Skipping Lnet/minecraft/client/multiplayer/ClientChunkCache$Storage;
[23:09:24] [main/DEBUG]: Skipping Lnet/minecraft/client/multiplayer/AccountProfileKeyPairManager;
[23:09:24] [main/DEBUG]: Skipping Lnet/minecraft/client/model/package-info;
[23:09:24] [main/DEBUG]: Skipping Lnet/minecraft/client/model/geom/package-info;
[23:09:24] [main/DEBUG]: Skipping Lnet/minecraft/client/model/geom/builders/package-info;
[23:09:24] [main/DEBUG]: Skipping Lnet/minecraft/client/model/geom/builders/UVPair;
[23:09:24] [main/DEBUG]: Skipping Lnet/minecraft/client/model/geom/builders/PartDefinition;
[23:09:24] [main/DEBUG]: Skipping Lnet/minecraft/client/model/geom/builders/MeshDefinition;
[23:09:24] [main/DEBUG]: Skipping Lnet/minecraft/client/model/geom/builders/MaterialDefinition;
[23:09:24] [main/DEBUG]: Skipping Lnet/minecraft/client/model/geom/builders/LayerDefinition;
[23:09:24] [main/DEBUG]: Skipping Lnet/minecraft/client/model/geom/builders/CubeListBuilder;
[23:09:24] [main/DEBUG]: Skipping Lnet/minecraft/client/model/geom/builders/CubeDeformation;
[23:09:24] [main/DEBUG]: Skipping Lnet/minecraft/client/model/geom/builders/CubeDefinition;
[23:09:24] [main/DEBUG]: Skipping Lnet/minecraft/client/model/geom/PartPose;
[23:09:24] [main/DEBUG]: Skipping Lnet/minecraft/client/model/geom/PartNames;
[23:09:24] [main/DEBUG]: Skipping Lnet/minecraft/client/model/geom/ModelPart;
[23:09:24] [main/DEBUG]: Skipping Lnet/minecraft/client/model/geom/ModelPart$Visitor;
[23:09:24] [main/DEBUG]: Skipping Lnet/minecraft/client/model/geom/ModelPart$Vertex;
[23:09:24] [main/DEBUG]: Skipping Lnet/minecraft/client/model/geom/ModelPart$Polygon;
[23:09:24] [main/DEBUG]: Skipping Lnet/minecraft/client/model/geom/ModelPart$Cube;
[23:09:24] [main/DEBUG]: Skipping Lnet/minecraft/client/model/geom/ModelLayerLocation;
[23:09:24] [main/DEBUG]: Skipping Lnet/minecraft/client/model/geom/EntityModelSet;
[23:09:24] [main/DEBUG]: Skipping Lnet/minecraft/client/model/geom/ModelLayers;
[23:09:24] [main/DEBUG]: Transforming class Lnet/minecraft/client/model/geom/LayerDefinitions;
[23:09:24] [main/DEBUG]: Transforming net/minecraft/client/model/geom/LayerDefinitions FIELD f_171106_ to access PUBLIC and LEAVE
[23:09:24] [main/DEBUG]: Transforming net/minecraft/client/model/geom/LayerDefinitions FIELD f_171107_ to access PUBLIC and LEAVE
[23:09:24] [main/DEBUG]: Skipping Lnet/minecraft/client/model/dragon/package-info;
[23:09:24] [main/DEBUG]: Skipping Lnet/minecraft/client/model/dragon/DragonHeadModel;
[23:09:24] [main/DEBUG]: Skipping Lnet/minecraft/client/model/ZombieVillagerModel;
[23:09:24] [main/DEBUG]: Skipping Lnet/minecraft/client/model/ZombieModel;
[23:09:24] [main/DEBUG]: Skipping Lnet/minecraft/client/model/WolfModel;
[23:09:24] [main/DEBUG]: Skipping Lnet/minecraft/client/model/WitherBossModel;
[23:09:24] [main/DEBUG]: Skipping Lnet/minecraft/client/model/WitchModel;
[23:09:24] [main/DEBUG]: Skipping Lnet/minecraft/client/model/WindChargeModel;
[23:09:24] [main/DEBUG]: Skipping Lnet/minecraft/client/model/WaterPatchModel;
[23:09:24] [main/DEBUG]: Skipping Lnet/minecraft/client/model/WardenModel;
[23:09:24] [main/DEBUG]: Skipping Lnet/minecraft/client/model/VillagerModel;
[23:09:24] [main/DEBUG]: Skipping Lnet/minecraft/client/model/VillagerHeadModel;
[23:09:24] [main/DEBUG]: Skipping Lnet/minecraft/client/model/VexModel;
[23:09:24] [main/DEBUG]: Skipping Lnet/minecraft/client/model/TurtleModel;
[23:09:24] [main/DEBUG]: Skipping Lnet/minecraft/client/model/TropicalFishModelB;
[23:09:24] [main/DEBUG]: Skipping Lnet/minecraft/client/model/TropicalFishModelA;
[23:09:24] [main/DEBUG]: Skipping Lnet/minecraft/client/model/TridentModel;
[23:09:24] [main/DEBUG]: Skipping Lnet/minecraft/client/model/TadpoleModel;
[23:09:24] [main/DEBUG]: Skipping Lnet/minecraft/client/model/StriderModel;
[23:09:24] [main/DEBUG]: Skipping Lnet/minecraft/client/model/SquidModel;
[23:09:24] [main/DEBUG]: Skipping Lnet/minecraft/client/model/SpiderModel;
[23:09:24] [main/DEBUG]: Skipping Lnet/minecraft/client/model/SnowGolemModel;
[23:09:24] [main/DEBUG]: Skipping Lnet/minecraft/client/model/SnifferModel;
[23:09:24] [main/DEBUG]: Skipping Lnet/minecraft/client/model/SlimeModel;
[23:09:24] [main/DEBUG]: Skipping Lnet/minecraft/client/model/SkullModelBase;
[23:09:24] [main/DEBUG]: Skipping Lnet/minecraft/client/model/SkullModel;
[23:09:24] [main/DEBUG]: Skipping Lnet/minecraft/client/model/SkeletonModel;
[23:09:24] [main/DEBUG]: Skipping Lnet/minecraft/client/model/SilverfishModel;
[23:09:24] [main/DEBUG]: Skipping Lnet/minecraft/client/model/ShulkerModel;
[23:09:24] [main/DEBUG]: Skipping Lnet/minecraft/client/model/ShulkerBulletModel;
[23:09:24] [main/DEBUG]: Skipping Lnet/minecraft/client/model/ShieldModel;
[23:09:24] [main/DEBUG]: Skipping Lnet/minecraft/client/model/SheepModel;
[23:09:24] [main/DEBUG]: Skipping Lnet/minecraft/client/model/SheepFurModel;
[23:09:24] [main/DEBUG]: Skipping Lnet/minecraft/client/model/SalmonModel;
[23:09:24] [main/DEBUG]: Skipping Lnet/minecraft/client/model/RavagerModel;
[23:09:24] [main/DEBUG]: Skipping Lnet/minecraft/client/model/RaftModel;
[23:09:24] [main/DEBUG]: Skipping Lnet/minecraft/client/model/RabbitModel;
[23:09:24] [main/DEBUG]: Skipping Lnet/minecraft/client/model/QuadrupedModel;
[23:09:24] [main/DEBUG]: Skipping Lnet/minecraft/client/model/PufferfishSmallModel;
[23:09:24] [main/DEBUG]: Skipping Lnet/minecraft/client/model/PufferfishMidModel;
[23:09:24] [main/DEBUG]: Skipping Lnet/minecraft/client/model/PufferfishBigModel;
[23:09:24] [main/DEBUG]: Skipping Lnet/minecraft/client/model/PolarBearModel;
[23:09:24] [main/DEBUG]: Skipping Lnet/minecraft/client/model/PlayerModel;
[23:09:24] [main/DEBUG]: Skipping Lnet/minecraft/client/model/PiglinModel;
[23:09:24] [main/DEBUG]: Skipping Lnet/minecraft/client/model/PiglinHeadModel;
[23:09:24] [main/DEBUG]: Skipping Lnet/minecraft/client/model/PigModel;
[23:09:24] [main/DEBUG]: Skipping Lnet/minecraft/client/model/PhantomModel;
[23:09:24] [main/DEBUG]: Skipping Lnet/minecraft/client/model/ParrotModel;
[23:09:24] [main/DEBUG]: Skipping Lnet/minecraft/client/model/ParrotModel$State;
[23:09:24] [main/DEBUG]: Skipping Lnet/minecraft/client/model/PandaModel;
[23:09:24] [main/DEBUG]: Skipping Lnet/minecraft/client/model/OcelotModel;
[23:09:24] [main/DEBUG]: Skipping Lnet/minecraft/client/model/ModelUtils;
[23:09:24] [main/DEBUG]: Skipping Lnet/minecraft/client/model/Model;
[23:09:24] [main/DEBUG]: Skipping Lnet/minecraft/client/model/MinecartModel;
[23:09:24] [main/DEBUG]: Skipping Lnet/minecraft/client/model/LlamaSpitModel;
[23:09:24] [main/DEBUG]: Skipping Lnet/minecraft/client/model/LlamaModel;
[23:09:24] [main/DEBUG]: Skipping Lnet/minecraft/client/model/ListModel;
[23:09:24] [main/DEBUG]: Skipping Lnet/minecraft/client/model/LeashKnotModel;
[23:09:24] [main/DEBUG]: Skipping Lnet/minecraft/client/model/LavaSlimeModel;
[23:09:24] [main/DEBUG]: Skipping Lnet/minecraft/client/model/IronGolemModel;
[23:09:24] [main/DEBUG]: Skipping Lnet/minecraft/client/model/IllagerModel;
[23:09:24] [main/DEBUG]: Skipping Lnet/minecraft/client/model/HumanoidArmorModel;
[23:09:24] [main/DEBUG]: Skipping Lnet/minecraft/client/model/HorseModel;
[23:09:24] [main/DEBUG]: Skipping Lnet/minecraft/client/model/HoglinModel;
[23:09:24] [main/DEBUG]: Skipping Lnet/minecraft/client/model/HierarchicalModel;
[23:09:24] [main/DEBUG]: Skipping Lnet/minecraft/client/model/HeadedModel;
[23:09:24] [main/DEBUG]: Skipping Lnet/minecraft/client/model/GuardianModel;
[23:09:24] [main/DEBUG]: Skipping Lnet/minecraft/client/model/GoatModel;
[23:09:24] [main/DEBUG]: Skipping Lnet/minecraft/client/model/GiantZombieModel;
[23:09:24] [main/DEBUG]: Skipping Lnet/minecraft/client/model/GhastModel;
[23:09:24] [main/DEBUG]: Skipping Lnet/minecraft/client/model/FrogModel;
[23:09:24] [main/DEBUG]: Skipping Lnet/minecraft/client/model/FoxModel;
[23:09:24] [main/DEBUG]: Skipping Lnet/minecraft/client/model/EvokerFangsModel;
[23:09:24] [main/DEBUG]: Skipping Lnet/minecraft/client/model/EntityModel;
[23:09:24] [main/DEBUG]: Skipping Lnet/minecraft/client/model/EndermiteModel;
[23:09:24] [main/DEBUG]: Skipping Lnet/minecraft/client/model/EndermanModel;
[23:09:24] [main/DEBUG]: Skipping Lnet/minecraft/client/model/ElytraModel;
[23:09:24] [main/DEBUG]: Skipping Lnet/minecraft/client/model/DrownedModel;
[23:09:24] [main/DEBUG]: Skipping Lnet/minecraft/client/model/DolphinModel;
[23:09:24] [main/DEBUG]: Skipping Lnet/minecraft/client/model/CreeperModel;
[23:09:24] [main/DEBUG]: Skipping Lnet/minecraft/client/model/CowModel;
[23:09:24] [main/DEBUG]: Skipping Lnet/minecraft/client/model/ColorableHierarchicalModel;
[23:09:24] [main/DEBUG]: Skipping Lnet/minecraft/client/model/ColorableAgeableListModel;
[23:09:24] [main/DEBUG]: Skipping Lnet/minecraft/client/model/CodModel;
[23:09:24] [main/DEBUG]: Skipping Lnet/minecraft/client/model/ChickenModel;
[23:09:24] [main/DEBUG]: Skipping Lnet/minecraft/client/model/ChestedHorseModel;
[23:09:24] [main/DEBUG]: Skipping Lnet/minecraft/client/model/ChestRaftModel;
[23:09:24] [main/DEBUG]: Skipping Lnet/minecraft/client/model/ChestBoatModel;
[23:09:24] [main/DEBUG]: Skipping Lnet/minecraft/client/model/CatModel;
[23:09:24] [main/DEBUG]: Skipping Lnet/minecraft/client/model/CamelModel;
[23:09:24] [main/DEBUG]: Skipping Lnet/minecraft/client/model/BreezeModel;
[23:09:24] [main/DEBUG]: Skipping Lnet/minecraft/client/model/BookModel;
[23:09:24] [main/DEBUG]: Skipping Lnet/minecraft/client/model/BoggedModel;
[23:09:24] [main/DEBUG]: Skipping Lnet/minecraft/client/model/BoatModel;
[23:09:24] [main/DEBUG]: Skipping Lnet/minecraft/client/model/BlazeModel;
[23:09:24] [main/DEBUG]: Skipping Lnet/minecraft/client/model/BeeModel;
[23:09:24] [main/DEBUG]: Skipping Lnet/minecraft/client/model/BatModel;
[23:09:24] [main/DEBUG]: Skipping Lnet/minecraft/client/model/AxolotlModel;
[23:09:24] [main/DEBUG]: Skipping Lnet/minecraft/client/model/ArmorStandModel;
[23:09:24] [main/DEBUG]: Skipping Lnet/minecraft/client/model/ArmorStandArmorModel;
[23:09:24] [main/DEBUG]: Skipping Lnet/minecraft/client/model/ArmedModel;
[23:09:24] [main/DEBUG]: Skipping Lnet/minecraft/client/model/ArmadilloModel;
[23:09:24] [main/DEBUG]: Skipping Lnet/minecraft/client/model/AnimationUtils;
[23:09:24] [main/DEBUG]: Skipping Lnet/minecraft/client/model/AllayModel;
[23:09:24] [main/DEBUG]: Skipping Lnet/minecraft/client/model/AgeableListModel;
[23:09:24] [main/DEBUG]: Skipping Lnet/minecraft/client/model/AgeableHierarchicalModel;
[23:09:24] [main/DEBUG]: Skipping Lnet/minecraft/client/model/AbstractZombieModel;
[23:09:24] [main/DEBUG]: Skipping Lnet/minecraft/client/model/HumanoidModel;
[23:09:24] [main/DEBUG]: Skipping Lnet/minecraft/client/model/HumanoidModel$ArmPose;
[23:09:24] [main/DEBUG]: Skipping Lnet/minecraft/client/main/package-info;
[23:09:24] [main/DEBUG]: Skipping Lnet/minecraft/client/main/SilentInitException;
[23:09:24] [main/DEBUG]: Skipping Lnet/minecraft/client/main/GameConfig;
[23:09:24] [main/DEBUG]: Skipping Lnet/minecraft/client/main/GameConfig$UserData;
[23:09:24] [main/DEBUG]: Skipping Lnet/minecraft/client/main/GameConfig$QuickPlayData;
[23:09:24] [main/DEBUG]: Skipping Lnet/minecraft/client/main/GameConfig$GameData;
[23:09:24] [main/DEBUG]: Skipping Lnet/minecraft/client/main/GameConfig$FolderData;
[23:09:24] [main/DEBUG]: Skipping Lnet/minecraft/client/main/Main;
[23:09:24] [main/DEBUG]: Skipping Lnet/minecraft/client/main/Main$2;
[23:09:24] [main/DEBUG]: Skipping Lnet/minecraft/client/main/Main$1;
[23:09:24] [main/DEBUG]: Skipping Lnet/minecraft/client/gui/spectator/package-info;
[23:09:24] [main/DEBUG]: Skipping Lnet/minecraft/client/gui/spectator/categories/package-info;
[23:09:24] [main/DEBUG]: Skipping Lnet/minecraft/client/gui/spectator/categories/TeleportToTeamMenuCategory;
[23:09:24] [main/DEBUG]: Skipping Lnet/minecraft/client/gui/spectator/categories/TeleportToTeamMenuCategory$TeamSelectionItem;
[23:09:24] [main/DEBUG]: Skipping Lnet/minecraft/client/gui/spectator/categories/TeleportToPlayerMenuCategory;
[23:09:24] [main/DEBUG]: Skipping Lnet/minecraft/client/gui/spectator/categories/SpectatorPage;
[23:09:24] [main/DEBUG]: Skipping Lnet/minecraft/client/gui/spectator/SpectatorMenuListener;
[23:09:24] [main/DEBUG]: Skipping Lnet/minecraft/client/gui/spectator/SpectatorMenuItem;
[23:09:24] [main/DEBUG]: Skipping Lnet/minecraft/client/gui/spectator/SpectatorMenuCategory;
[23:09:24] [main/DEBUG]: Skipping Lnet/minecraft/client/gui/spectator/SpectatorMenu;
[23:09:24] [main/DEBUG]: Skipping Lnet/minecraft/client/gui/spectator/SpectatorMenu$ScrollMenuItem;
[23:09:24] [main/DEBUG]: Skipping Lnet/minecraft/client/gui/spectator/SpectatorMenu$CloseSpectatorItem;
[23:09:24] [main/DEBUG]: Skipping Lnet/minecraft/client/gui/spectator/SpectatorMenu$1;
[23:09:24] [main/DEBUG]: Skipping Lnet/minecraft/client/gui/spectator/RootSpectatorMenuCategory;
[23:09:24] [main/DEBUG]: Skipping Lnet/minecraft/client/gui/spectator/PlayerMenuItem;
[23:09:24] [main/DEBUG]: Skipping Lnet/minecraft/client/gui/screens/worldselection/package-info;
[23:09:24] [main/DEBUG]: Skipping Lnet/minecraft/client/gui/screens/worldselection/SwitchGrid;
[23:09:24] [main/DEBUG]: Skipping Lnet/minecraft/client/gui/screens/worldselection/SwitchGrid$SwitchBuilder;
[23:09:24] [main/DEBUG]: Skipping Lnet/minecraft/client/gui/screens/worldselection/SwitchGrid$LabeledSwitch;
[23:09:24] [main/DEBUG]: Skipping Lnet/minecraft/client/gui/screens/worldselection/SwitchGrid$InfoUnderneathSettings;
[23:09:24] [main/DEBUG]: Skipping Lnet/minecraft/client/gui/screens/worldselection/SwitchGrid$Builder;
[23:09:24] [main/DEBUG]: Skipping Lnet/minecraft/client/gui/screens/worldselection/SelectWorldScreen;
[23:09:24] [main/DEBUG]: Skipping Lnet/minecraft/client/gui/screens/worldselection/OptimizeWorldScreen;
[23:09:24] [main/DEBUG]: Skipping Lnet/minecraft/client/gui/screens/worldselection/ExperimentsScreen;
[23:09:24] [main/DEBUG]: Skipping Lnet/minecraft/client/gui/screens/worldselection/EditWorldScreen;
[23:09:24] [main/DEBUG]: Skipping Lnet/minecraft/client/gui/screens/worldselection/EditGameRulesScreen;
[23:09:24] [main/DEBUG]: Skipping Lnet/minecraft/client/gui/screens/worldselection/EditGameRulesScreen$RuleList;
[23:09:24] [main/DEBUG]: Skipping Lnet/minecraft/client/gui/screens/worldselection/EditGameRulesScreen$RuleList$1;
[23:09:24] [main/DEBUG]: Skipping Lnet/minecraft/client/gui/screens/worldselection/EditGameRulesScreen$RuleEntry;
[23:09:24] [main/DEBUG]: Skipping Lnet/minecraft/client/gui/screens/worldselection/EditGameRulesScreen$IntegerRuleEntry;
[23:09:24] [main/DEBUG]: Skipping Lnet/minecraft/client/gui/screens/worldselection/EditGameRulesScreen$GameRuleEntry;
[23:09:24] [main/DEBUG]: Skipping Lnet/minecraft/client/gui/screens/worldselection/EditGameRulesScreen$EntryFactory;
[23:09:24] [main/DEBUG]: Skipping Lnet/minecraft/client/gui/screens/worldselection/EditGameRulesScreen$CategoryRuleEntry;
[23:09:24] [main/DEBUG]: Skipping Lnet/minecraft/client/gui/screens/worldselection/EditGameRulesScreen$CategoryRuleEntry$1;
[23:09:24] [main/DEBUG]: Skipping Lnet/minecraft/client/gui/screens/worldselection/EditGameRulesScreen$BooleanRuleEntry;
[23:09:24] [main/DEBUG]: Skipping Lnet/minecraft/client/gui/screens/worldselection/ConfirmExperimentalFeaturesScreen;
[23:09:24] [main/DEBUG]: Skipping Lnet/minecraft/client/gui/screens/worldselection/ConfirmExperimentalFeaturesScreen$DetailsScreen;
[23:09:24] [main/DEBUG]: Skipping Lnet/minecraft/client/gui/screens/worldselection/ConfirmExperimentalFeaturesScreen$DetailsScreen$PackListEntry;
[23:09:24] [main/DEBUG]: Skipping Lnet/minecraft/client/gui/screens/worldselection/ConfirmExperimentalFeaturesScreen$DetailsScreen$PackList;
[23:09:24] [main/DEBUG]: Skipping Lnet/minecraft/client/gui/screens/worldselection/WorldSelectionList;
[23:09:24] [main/DEBUG]: Skipping Lnet/minecraft/client/gui/screens/worldselection/WorldSelectionList$WorldListEntry;
[23:09:24] [main/DEBUG]: Skipping Lnet/minecraft/client/gui/screens/worldselection/WorldSelectionList$LoadingHeader;
[23:09:24] [main/DEBUG]: Skipping Lnet/minecraft/client/gui/screens/worldselection/WorldSelectionList$Entry;
[23:09:24] [main/DEBUG]: Skipping Lnet/minecraft/client/gui/screens/worldselection/WorldOpenFlows;
[23:09:24] [main/DEBUG]: Skipping Lnet/minecraft/client/gui/screens/worldselection/WorldOpenFlows$1Data;
[23:09:24] [main/DEBUG]: Skipping Lnet/minecraft/client/gui/screens/worldselection/WorldCreationUiState;
[23:09:24] [main/DEBUG]: Skipping Lnet/minecraft/client/gui/screens/worldselection/WorldCreationUiState$WorldTypeEntry;
[23:09:24] [main/DEBUG]: Skipping Lnet/minecraft/client/gui/screens/worldselection/WorldCreationUiState$SelectedGameMode;
[23:09:24] [main/DEBUG]: Skipping Lnet/minecraft/client/gui/screens/worldselection/WorldCreationContext;
[23:09:24] [main/DEBUG]: Skipping Lnet/minecraft/client/gui/screens/worldselection/WorldCreationContext$OptionsModifier;
[23:09:24] [main/DEBUG]: Skipping Lnet/minecraft/client/gui/screens/worldselection/WorldCreationContext$DimensionsUpdater;
[23:09:24] [main/DEBUG]: Skipping Lnet/minecraft/client/gui/screens/worldselection/PresetEditor;
[23:09:24] [main/DEBUG]: Skipping Lnet/minecraft/client/gui/screens/worldselection/CreateWorldScreen;
[23:09:24] [main/DEBUG]: Skipping Lnet/minecraft/client/gui/screens/worldselection/CreateWorldScreen$WorldTab;
[23:09:24] [main/DEBUG]: Skipping Lnet/minecraft/client/gui/screens/worldselection/CreateWorldScreen$WorldTab$2;
[23:09:24] [main/DEBUG]: Skipping Lnet/minecraft/client/gui/screens/worldselection/CreateWorldScreen$WorldTab$1;
[23:09:24] [main/DEBUG]: Skipping Lnet/minecraft/client/gui/screens/worldselection/CreateWorldScreen$MoreTab;
[23:09:24] [main/DEBUG]: Skipping Lnet/minecraft/client/gui/screens/worldselection/CreateWorldScreen$GameTab;
[23:09:24] [main/DEBUG]: Skipping Lnet/minecraft/client/gui/screens/worldselection/CreateWorldScreen$DataPackReloadCookie;
[23:09:24] [main/DEBUG]: Skipping Lnet/minecraft/client/gui/screens/telemetry/package-info;
[23:09:24] [main/DEBUG]: Skipping Lnet/minecraft/client/gui/screens/telemetry/TelemetryInfoScreen;
[23:09:24] [main/DEBUG]: Skipping Lnet/minecraft/client/gui/screens/telemetry/TelemetryEventWidget;
[23:09:24] [main/DEBUG]: Skipping Lnet/minecraft/client/gui/screens/telemetry/TelemetryEventWidget$ContentBuilder;
[23:09:24] [main/DEBUG]: Skipping Lnet/minecraft/client/gui/screens/telemetry/TelemetryEventWidget$Content;
[23:09:24] [main/DEBUG]: Skipping Lnet/minecraft/client/gui/screens/social/package-info;
[23:09:24] [main/DEBUG]: Skipping Lnet/minecraft/client/gui/screens/social/SocialInteractionsScreen;
[23:09:24] [main/DEBUG]: Skipping Lnet/minecraft/client/gui/screens/social/SocialInteractionsScreen$Page;
[23:09:24] [main/DEBUG]: Skipping Lnet/minecraft/client/gui/screens/social/SocialInteractionsScreen$1;
[23:09:24] [main/DEBUG]: Skipping Lnet/minecraft/client/gui/screens/social/SocialInteractionsPlayerList;
[23:09:24] [main/DEBUG]: Skipping Lnet/minecraft/client/gui/screens/social/PlayerSocialManager;
[23:09:24] [main/DEBUG]: Skipping Lnet/minecraft/client/gui/screens/social/PlayerEntry;
[23:09:24] [main/DEBUG]: Skipping Lnet/minecraft/client/gui/screens/social/PlayerEntry$3;
[23:09:24] [main/DEBUG]: Skipping Lnet/minecraft/client/gui/screens/social/PlayerEntry$2;
[23:09:24] [main/DEBUG]: Skipping Lnet/minecraft/client/gui/screens/social/PlayerEntry$1;
[23:09:24] [main/DEBUG]: Skipping Lnet/minecraft/client/gui/screens/reporting/package-info;
[23:09:24] [main/DEBUG]: Skipping Lnet/minecraft/client/gui/screens/reporting/SkinReportScreen;
[23:09:24] [main/DEBUG]: Skipping Lnet/minecraft/client/gui/screens/reporting/ReportReasonSelectionScreen;
[23:09:24] [main/DEBUG]: Skipping Lnet/minecraft/client/gui/screens/reporting/ReportReasonSelectionScreen$ReasonSelectionList;
[23:09:24] [main/DEBUG]: Skipping Lnet/minecraft/client/gui/screens/reporting/ReportReasonSelectionScreen$ReasonSelectionList$Entry;
[23:09:24] [main/DEBUG]: Skipping Lnet/minecraft/client/gui/screens/reporting/ReportPlayerScreen;
[23:09:24] [main/DEBUG]: Skipping Lnet/minecraft/client/gui/screens/reporting/NameReportScreen;
[23:09:24] [main/DEBUG]: Skipping Lnet/minecraft/client/gui/screens/reporting/ChatSelectionScreen;
[23:09:24] [main/DEBUG]: Skipping Lnet/minecraft/client/gui/screens/reporting/ChatSelectionScreen$ChatSelectionList;
[23:09:24] [main/DEBUG]: Skipping Lnet/minecraft/client/gui/screens/reporting/ChatSelectionScreen$ChatSelectionList$PaddingEntry;
[23:09:24] [main/DEBUG]: Skipping Lnet/minecraft/client/gui/screens/reporting/ChatSelectionScreen$ChatSelectionList$MessageHeadingEntry;
[23:09:24] [main/DEBUG]: Skipping Lnet/minecraft/client/gui/screens/reporting/ChatSelectionScreen$ChatSelectionList$MessageEntry;
[23:09:24] [main/DEBUG]: Skipping Lnet/minecraft/client/gui/screens/reporting/ChatSelectionScreen$ChatSelectionList$Heading;
[23:09:24] [main/DEBUG]: Skipping Lnet/minecraft/client/gui/screens/reporting/ChatSelectionScreen$ChatSelectionList$Entry;
[23:09:24] [main/DEBUG]: Skipping Lnet/minecraft/client/gui/screens/reporting/ChatSelectionScreen$ChatSelectionList$DividerEntry;
[23:09:24] [main/DEBUG]: Skipping Lnet/minecraft/client/gui/screens/reporting/ChatSelectionLogFiller;
[23:09:24] [main/DEBUG]: Skipping Lnet/minecraft/client/gui/screens/reporting/ChatSelectionLogFiller$Output;
[23:09:24] [main/DEBUG]: Skipping Lnet/minecraft/client/gui/screens/reporting/ChatReportScreen;
[23:09:24] [main/DEBUG]: Skipping Lnet/minecraft/client/gui/screens/reporting/AbstractReportScreen;
[23:09:24] [main/DEBUG]: Skipping Lnet/minecraft/client/gui/screens/reporting/AbstractReportScreen$DiscardReportWarningScreen;
[23:09:24] [main/DEBUG]: Skipping Lnet/minecraft/client/gui/screens/recipebook/package-info;
[23:09:24] [main/DEBUG]: Skipping Lnet/minecraft/client/gui/screens/recipebook/SmokingRecipeBookComponent;
[23:09:24] [main/DEBUG]: Skipping Lnet/minecraft/client/gui/screens/recipebook/SmeltingRecipeBookComponent;
[23:09:24] [main/DEBUG]: Skipping Lnet/minecraft/client/gui/screens/recipebook/RecipeUpdateListener;
[23:09:24] [main/DEBUG]: Skipping Lnet/minecraft/client/gui/screens/recipebook/RecipeShownListener;
[23:09:24] [main/DEBUG]: Skipping Lnet/minecraft/client/gui/screens/recipebook/RecipeCollection;
[23:09:24] [main/DEBUG]: Skipping Lnet/minecraft/client/gui/screens/recipebook/RecipeButton;
[23:09:24] [main/DEBUG]: Skipping Lnet/minecraft/client/gui/screens/recipebook/RecipeBookTabButton;
[23:09:24] [main/DEBUG]: Skipping Lnet/minecraft/client/gui/screens/recipebook/RecipeBookPage;
[23:09:24] [main/DEBUG]: Skipping Lnet/minecraft/client/gui/screens/recipebook/OverlayRecipeComponent;
[23:09:24] [main/DEBUG]: Skipping Lnet/minecraft/client/gui/screens/recipebook/OverlayRecipeComponent$OverlaySmeltingRecipeButton;
[23:09:24] [main/DEBUG]: Skipping Lnet/minecraft/client/gui/screens/recipebook/OverlayRecipeComponent$OverlayRecipeButton;
[23:09:24] [main/DEBUG]: Skipping Lnet/minecraft/client/gui/screens/recipebook/OverlayRecipeComponent$OverlayRecipeButton$Pos;
[23:09:24] [main/DEBUG]: Skipping Lnet/minecraft/client/gui/screens/recipebook/GhostRecipe;
[23:09:24] [main/DEBUG]: Skipping Lnet/minecraft/client/gui/screens/recipebook/GhostRecipe$GhostIngredient;
[23:09:24] [main/DEBUG]: Skipping Lnet/minecraft/client/gui/screens/recipebook/BlastingRecipeBookComponent;
[23:09:24] [main/DEBUG]: Skipping Lnet/minecraft/client/gui/screens/recipebook/AbstractFurnaceRecipeBookComponent;
[23:09:24] [main/DEBUG]: Skipping Lnet/minecraft/client/gui/screens/recipebook/RecipeBookComponent;
[23:09:24] [main/DEBUG]: Skipping Lnet/minecraft/client/gui/screens/packs/package-info;
[23:09:24] [main/DEBUG]: Skipping Lnet/minecraft/client/gui/screens/packs/TransferableSelectionList;
[23:09:24] [main/DEBUG]: Skipping Lnet/minecraft/client/gui/screens/packs/TransferableSelectionList$PackEntry;
[23:09:24] [main/DEBUG]: Skipping Lnet/minecraft/client/gui/screens/packs/PackSelectionScreen;
[23:09:24] [main/DEBUG]: Skipping Lnet/minecraft/client/gui/screens/packs/PackSelectionScreen$Watcher;
[23:09:24] [main/DEBUG]: Skipping Lnet/minecraft/client/gui/screens/packs/PackSelectionScreen$1;
[23:09:24] [main/DEBUG]: Skipping Lnet/minecraft/client/gui/screens/packs/PackSelectionModel;
[23:09:24] [main/DEBUG]: Skipping Lnet/minecraft/client/gui/screens/packs/PackSelectionModel$UnselectedPackEntry;
[23:09:24] [main/DEBUG]: Skipping Lnet/minecraft/client/gui/screens/packs/PackSelectionModel$SelectedPackEntry;
[23:09:24] [main/DEBUG]: Skipping Lnet/minecraft/client/gui/screens/packs/PackSelectionModel$EntryBase;
[23:09:24] [main/DEBUG]: Skipping Lnet/minecraft/client/gui/screens/packs/PackSelectionModel$Entry;
[23:09:24] [main/DEBUG]: Skipping Lnet/minecraft/client/gui/screens/package-info;
[23:09:24] [main/DEBUG]: Skipping Lnet/minecraft/client/gui/screens/options/package-info;
[23:09:24] [main/DEBUG]: Skipping Lnet/minecraft/client/gui/screens/options/controls/package-info;
[23:09:24] [main/DEBUG]: Skipping Lnet/minecraft/client/gui/screens/options/controls/ControlsScreen;
[23:09:24] [main/DEBUG]: Skipping Lnet/minecraft/client/gui/screens/options/controls/KeyBindsScreen;
[23:09:24] [main/DEBUG]: Skipping Lnet/minecraft/client/gui/screens/options/controls/KeyBindsList;
[23:09:24] [main/DEBUG]: Skipping Lnet/minecraft/client/gui/screens/options/controls/KeyBindsList$KeyEntry;
[23:09:24] [main/DEBUG]: Skipping Lnet/minecraft/client/gui/screens/options/controls/KeyBindsList$Entry;
[23:09:24] [main/DEBUG]: Skipping Lnet/minecraft/client/gui/screens/options/controls/KeyBindsList$CategoryEntry;
[23:09:24] [main/DEBUG]: Skipping Lnet/minecraft/client/gui/screens/options/controls/KeyBindsList$CategoryEntry$1;
[23:09:24] [main/DEBUG]: Skipping Lnet/minecraft/client/gui/screens/options/VideoSettingsScreen;
[23:09:24] [main/DEBUG]: Skipping Lnet/minecraft/client/gui/screens/options/UnsupportedGraphicsWarningScreen;
[23:09:24] [main/DEBUG]: Skipping Lnet/minecraft/client/gui/screens/options/UnsupportedGraphicsWarningScreen$ButtonOption;
[23:09:24] [main/DEBUG]: Skipping Lnet/minecraft/client/gui/screens/options/SoundOptionsScreen;
[23:09:24] [main/DEBUG]: Skipping Lnet/minecraft/client/gui/screens/options/SkinCustomizationScreen;
[23:09:24] [main/DEBUG]: Skipping Lnet/minecraft/client/gui/screens/options/OptionsSubScreen;
[23:09:24] [main/DEBUG]: Skipping Lnet/minecraft/client/gui/screens/options/OptionsScreen;
[23:09:24] [main/DEBUG]: Skipping Lnet/minecraft/client/gui/screens/options/OnlineOptionsScreen;
[23:09:24] [main/DEBUG]: Skipping Lnet/minecraft/client/gui/screens/options/MouseSettingsScreen;
[23:09:24] [main/DEBUG]: Skipping Lnet/minecraft/client/gui/screens/options/LanguageSelectScreen;
[23:09:24] [main/DEBUG]: Skipping Lnet/minecraft/client/gui/screens/options/LanguageSelectScreen$LanguageSelectionList;
[23:09:24] [main/DEBUG]: Skipping Lnet/minecraft/client/gui/screens/options/LanguageSelectScreen$LanguageSelectionList$Entry;
[23:09:24] [main/DEBUG]: Skipping Lnet/minecraft/client/gui/screens/options/FontOptionsScreen;
[23:09:24] [main/DEBUG]: Skipping Lnet/minecraft/client/gui/screens/options/ChatOptionsScreen;
[23:09:24] [main/DEBUG]: Skipping Lnet/minecraft/client/gui/screens/options/AccessibilityOptionsScreen;
[23:09:24] [main/DEBUG]: Skipping Lnet/minecraft/client/gui/screens/multiplayer/package-info;
[23:09:24] [main/DEBUG]: Skipping Lnet/minecraft/client/gui/screens/multiplayer/WarningScreen;
[23:09:24] [main/DEBUG]: Skipping Lnet/minecraft/client/gui/screens/multiplayer/ServerReconfigScreen;
[23:09:24] [main/DEBUG]: Skipping Lnet/minecraft/client/gui/screens/multiplayer/ServerLinksScreen;
[23:09:24] [main/DEBUG]: Skipping Lnet/minecraft/client/gui/screens/multiplayer/ServerLinksScreen$LinkListEntry;
[23:09:24] [main/DEBUG]: Skipping Lnet/minecraft/client/gui/screens/multiplayer/ServerLinksScreen$LinkList;
[23:09:24] [main/DEBUG]: Skipping Lnet/minecraft/client/gui/screens/multiplayer/SafetyScreen;
[23:09:24] [main/DEBUG]: Skipping Lnet/minecraft/client/gui/screens/multiplayer/JoinMultiplayerScreen;
[23:09:24] [main/DEBUG]: Skipping Lnet/minecraft/client/gui/screens/multiplayer/ServerSelectionList;
[23:09:24] [main/DEBUG]: Skipping Lnet/minecraft/client/gui/screens/multiplayer/ServerSelectionList$OnlineServerEntry;
[23:09:24] [main/DEBUG]: Skipping Lnet/minecraft/client/gui/screens/multiplayer/ServerSelectionList$NetworkServerEntry;
[23:09:24] [main/DEBUG]: Skipping Lnet/minecraft/client/gui/screens/multiplayer/ServerSelectionList$LANHeader;
[23:09:24] [main/DEBUG]: Skipping Lnet/minecraft/client/gui/screens/multiplayer/ServerSelectionList$Entry;
[23:09:24] [main/DEBUG]: Skipping Lnet/minecraft/client/gui/screens/multiplayer/ServerSelectionList$1;
[23:09:24] [main/DEBUG]: Skipping Lnet/minecraft/client/gui/screens/inventory/tooltip/package-info;
[23:09:24] [main/DEBUG]: Skipping Lnet/minecraft/client/gui/screens/inventory/tooltip/MenuTooltipPositioner;
[23:09:24] [main/DEBUG]: Skipping Lnet/minecraft/client/gui/screens/inventory/tooltip/DefaultTooltipPositioner;
[23:09:24] [main/DEBUG]: Skipping Lnet/minecraft/client/gui/screens/inventory/tooltip/ClientTooltipPositioner;
[23:09:24] [main/DEBUG]: Skipping Lnet/minecraft/client/gui/screens/inventory/tooltip/ClientTextTooltip;
[23:09:24] [main/DEBUG]: Skipping Lnet/minecraft/client/gui/screens/inventory/tooltip/ClientBundleTooltip;
[23:09:24] [main/DEBUG]: Skipping Lnet/minecraft/client/gui/screens/inventory/tooltip/ClientBundleTooltip$Texture;
[23:09:24] [main/DEBUG]: Skipping Lnet/minecraft/client/gui/screens/inventory/tooltip/ClientActivePlayersTooltip;
[23:09:24] [main/DEBUG]: Skipping Lnet/minecraft/client/gui/screens/inventory/tooltip/ClientActivePlayersTooltip$ActivePlayersTooltip;
[23:09:24] [main/DEBUG]: Skipping Lnet/minecraft/client/gui/screens/inventory/tooltip/BelowOrAboveWidgetTooltipPositioner;
[23:09:24] [main/DEBUG]: Skipping Lnet/minecraft/client/gui/screens/inventory/tooltip/TooltipRenderUtil;
[23:09:24] [main/DEBUG]: Skipping Lnet/minecraft/client/gui/screens/inventory/tooltip/ClientTooltipComponent;
[23:09:24] [main/DEBUG]: Skipping Lnet/minecraft/client/gui/screens/inventory/package-info;
[23:09:24] [main/DEBUG]: Skipping Lnet/minecraft/client/gui/screens/inventory/StructureBlockEditScreen;
[23:09:24] [main/DEBUG]: Skipping Lnet/minecraft/client/gui/screens/inventory/StructureBlockEditScreen$2;
[23:09:24] [main/DEBUG]: Skipping Lnet/minecraft/client/gui/screens/inventory/StructureBlockEditScreen$1;
[23:09:24] [main/DEBUG]: Skipping Lnet/minecraft/client/gui/screens/inventory/StonecutterScreen;
[23:09:24] [main/DEBUG]: Skipping Lnet/minecraft/client/gui/screens/inventory/SmokerScreen;
[23:09:24] [main/DEBUG]: Skipping Lnet/minecraft/client/gui/screens/inventory/SmithingScreen;
[23:09:24] [main/DEBUG]: Skipping Lnet/minecraft/client/gui/screens/inventory/SignEditScreen;
[23:09:24] [main/DEBUG]: Skipping Lnet/minecraft/client/gui/screens/inventory/ShulkerBoxScreen;
[23:09:24] [main/DEBUG]: Skipping Lnet/minecraft/client/gui/screens/inventory/PageButton;
[23:09:24] [main/DEBUG]: Skipping Lnet/minecraft/client/gui/screens/inventory/MinecartCommandBlockEditScreen;
[23:09:24] [main/DEBUG]: Skipping Lnet/minecraft/client/gui/screens/inventory/MenuAccess;
[23:09:24] [main/DEBUG]: Skipping Lnet/minecraft/client/gui/screens/inventory/LoomScreen;
[23:09:24] [main/DEBUG]: Skipping Lnet/minecraft/client/gui/screens/inventory/LecternScreen;
[23:09:24] [main/DEBUG]: Skipping Lnet/minecraft/client/gui/screens/inventory/LecternScreen$1;
[23:09:24] [main/DEBUG]: Skipping Lnet/minecraft/client/gui/screens/inventory/JigsawBlockEditScreen;
[23:09:24] [main/DEBUG]: Skipping Lnet/minecraft/client/gui/screens/inventory/JigsawBlockEditScreen$1;
[23:09:24] [main/DEBUG]: Skipping Lnet/minecraft/client/gui/screens/inventory/ItemCombinerScreen;
[23:09:24] [main/DEBUG]: Skipping Lnet/minecraft/client/gui/screens/inventory/InventoryScreen;
[23:09:24] [main/DEBUG]: Skipping Lnet/minecraft/client/gui/screens/inventory/HorseInventoryScreen;
[23:09:24] [main/DEBUG]: Skipping Lnet/minecraft/client/gui/screens/inventory/HopperScreen;
[23:09:24] [main/DEBUG]: Skipping Lnet/minecraft/client/gui/screens/inventory/GrindstoneScreen;
[23:09:24] [main/DEBUG]: Skipping Lnet/minecraft/client/gui/screens/inventory/FurnaceScreen;
[23:09:24] [main/DEBUG]: Skipping Lnet/minecraft/client/gui/screens/inventory/EnchantmentNames;
[23:09:24] [main/DEBUG]: Skipping Lnet/minecraft/client/gui/screens/inventory/DispenserScreen;
[23:09:24] [main/DEBUG]: Skipping Lnet/minecraft/client/gui/screens/inventory/CyclingSlotBackground;
[23:09:24] [main/DEBUG]: Skipping Lnet/minecraft/client/gui/screens/inventory/CreativeInventoryListener;
[23:09:24] [main/DEBUG]: Skipping Lnet/minecraft/client/gui/screens/inventory/CraftingScreen;
[23:09:24] [main/DEBUG]: Skipping Lnet/minecraft/client/gui/screens/inventory/CrafterScreen;
[23:09:24] [main/DEBUG]: Skipping Lnet/minecraft/client/gui/screens/inventory/CrafterScreen$1;
[23:09:24] [main/DEBUG]: Skipping Lnet/minecraft/client/gui/screens/inventory/ContainerScreen;
[23:09:24] [main/DEBUG]: Skipping Lnet/minecraft/client/gui/screens/inventory/CommandBlockEditScreen;
[23:09:24] [main/DEBUG]: Skipping Lnet/minecraft/client/gui/screens/inventory/CommandBlockEditScreen$1;
[23:09:24] [main/DEBUG]: Skipping Lnet/minecraft/client/gui/screens/inventory/CartographyTableScreen;
[23:09:24] [main/DEBUG]: Skipping Lnet/minecraft/client/gui/screens/inventory/BrewingStandScreen;
[23:09:24] [main/DEBUG]: Skipping Lnet/minecraft/client/gui/screens/inventory/BookViewScreen;
[23:09:24] [main/DEBUG]: Skipping Lnet/minecraft/client/gui/screens/inventory/BookViewScreen$BookAccess;
[23:09:24] [main/DEBUG]: Skipping Lnet/minecraft/client/gui/screens/inventory/BookEditScreen;
[23:09:24] [main/DEBUG]: Skipping Lnet/minecraft/client/gui/screens/inventory/BookEditScreen$Pos2i;
[23:09:24] [main/DEBUG]: Skipping Lnet/minecraft/client/gui/screens/inventory/BookEditScreen$LineInfo;
[23:09:24] [main/DEBUG]: Skipping Lnet/minecraft/client/gui/screens/inventory/BookEditScreen$DisplayCache;
[23:09:24] [main/DEBUG]: Skipping Lnet/minecraft/client/gui/screens/inventory/BlastFurnaceScreen;
[23:09:24] [main/DEBUG]: Skipping Lnet/minecraft/client/gui/screens/inventory/BeaconScreen;
[23:09:24] [main/DEBUG]: Skipping Lnet/minecraft/client/gui/screens/inventory/BeaconScreen$BeaconUpgradePowerButton;
[23:09:24] [main/DEBUG]: Skipping Lnet/minecraft/client/gui/screens/inventory/BeaconScreen$BeaconSpriteScreenButton;
[23:09:24] [main/DEBUG]: Skipping Lnet/minecraft/client/gui/screens/inventory/BeaconScreen$BeaconScreenButton;
[23:09:24] [main/DEBUG]: Skipping Lnet/minecraft/client/gui/screens/inventory/BeaconScreen$BeaconPowerButton;
[23:09:24] [main/DEBUG]: Skipping Lnet/minecraft/client/gui/screens/inventory/BeaconScreen$BeaconConfirmButton;
[23:09:24] [main/DEBUG]: Skipping Lnet/minecraft/client/gui/screens/inventory/BeaconScreen$BeaconCancelButton;
[23:09:24] [main/DEBUG]: Skipping Lnet/minecraft/client/gui/screens/inventory/BeaconScreen$BeaconButton;
[23:09:24] [main/DEBUG]: Skipping Lnet/minecraft/client/gui/screens/inventory/BeaconScreen$1;
[23:09:24] [main/DEBUG]: Skipping Lnet/minecraft/client/gui/screens/inventory/AnvilScreen;
[23:09:24] [main/DEBUG]: Skipping Lnet/minecraft/client/gui/screens/inventory/AbstractSignEditScreen;
[23:09:24] [main/DEBUG]: Skipping Lnet/minecraft/client/gui/screens/inventory/AbstractFurnaceScreen;
[23:09:24] [main/DEBUG]: Skipping Lnet/minecraft/client/gui/screens/inventory/AbstractCommandBlockEditScreen;
[23:09:24] [main/DEBUG]: Skipping Lnet/minecraft/client/gui/screens/inventory/AbstractCommandBlockEditScreen$1;
[23:09:24] [main/DEBUG]: Skipping Lnet/minecraft/client/gui/screens/inventory/MerchantScreen;
[23:09:24] [main/DEBUG]: Skipping Lnet/minecraft/client/gui/screens/inventory/MerchantScreen$TradeOfferButton;
[23:09:24] [main/DEBUG]: Skipping Lnet/minecraft/client/gui/screens/inventory/HangingSignEditScreen;
[23:09:24] [main/DEBUG]: Skipping Lnet/minecraft/client/gui/screens/inventory/EnchantmentScreen;
[23:09:24] [main/DEBUG]: Skipping Lnet/minecraft/client/gui/screens/inventory/EffectRenderingInventoryScreen;
[23:09:24] [main/DEBUG]: Skipping Lnet/minecraft/client/gui/screens/inventory/CreativeModeInventoryScreen;
[23:09:24] [main/DEBUG]: Skipping Lnet/minecraft/client/gui/screens/inventory/CreativeModeInventoryScreen$SlotWrapper;
[23:09:24] [main/DEBUG]: Skipping Lnet/minecraft/client/gui/screens/inventory/CreativeModeInventoryScreen$ItemPickerMenu;
[23:09:24] [main/DEBUG]: Skipping Lnet/minecraft/client/gui/screens/inventory/CreativeModeInventoryScreen$CustomCreativeSlot;
[23:09:24] [main/DEBUG]: Skipping Lnet/minecraft/client/gui/screens/inventory/AbstractContainerScreen;
[23:09:24] [main/DEBUG]: Skipping Lnet/minecraft/client/gui/screens/debug/package-info;
[23:09:24] [main/DEBUG]: Skipping Lnet/minecraft/client/gui/screens/debug/GameModeSwitcherScreen;
[23:09:24] [main/DEBUG]: Skipping Lnet/minecraft/client/gui/screens/debug/GameModeSwitcherScreen$GameModeSlot;
[23:09:24] [main/DEBUG]: Skipping Lnet/minecraft/client/gui/screens/debug/GameModeSwitcherScreen$GameModeIcon;
[23:09:24] [main/DEBUG]: Skipping Lnet/minecraft/client/gui/screens/debug/GameModeSwitcherScreen$1;
[23:09:24] [main/DEBUG]: Skipping Lnet/minecraft/client/gui/screens/advancements/package-info;
[23:09:24] [main/DEBUG]: Skipping Lnet/minecraft/client/gui/screens/advancements/AdvancementWidgetType;
[23:09:24] [main/DEBUG]: Skipping Lnet/minecraft/client/gui/screens/advancements/AdvancementWidgetType$1;
[23:09:24] [main/DEBUG]: Skipping Lnet/minecraft/client/gui/screens/advancements/AdvancementWidget;
[23:09:24] [main/DEBUG]: Skipping Lnet/minecraft/client/gui/screens/advancements/AdvancementsScreen;
[23:09:24] [main/DEBUG]: Skipping Lnet/minecraft/client/gui/screens/advancements/AdvancementTabType;
[23:09:24] [main/DEBUG]: Skipping Lnet/minecraft/client/gui/screens/advancements/AdvancementTabType$Sprites;
[23:09:24] [main/DEBUG]: Skipping Lnet/minecraft/client/gui/screens/advancements/AdvancementTab;
[23:09:24] [main/DEBUG]: Skipping Lnet/minecraft/client/gui/screens/achievement/package-info;
[23:09:24] [main/DEBUG]: Skipping Lnet/minecraft/client/gui/screens/achievement/StatsScreen;
[23:09:24] [main/DEBUG]: Skipping Lnet/minecraft/client/gui/screens/achievement/StatsScreen$MobsStatisticsList;
[23:09:24] [main/DEBUG]: Skipping Lnet/minecraft/client/gui/screens/achievement/StatsScreen$MobsStatisticsList$MobRow;
[23:09:24] [main/DEBUG]: Skipping Lnet/minecraft/client/gui/screens/achievement/StatsScreen$ItemStatisticsList;
[23:09:24] [main/DEBUG]: Skipping Lnet/minecraft/client/gui/screens/achievement/StatsScreen$ItemStatisticsList$ItemRowComparator;
[23:09:24] [main/DEBUG]: Skipping Lnet/minecraft/client/gui/screens/achievement/StatsScreen$ItemStatisticsList$ItemRow;
[23:09:24] [main/DEBUG]: Skipping Lnet/minecraft/client/gui/screens/achievement/StatsScreen$GeneralStatisticsList;
[23:09:24] [main/DEBUG]: Skipping Lnet/minecraft/client/gui/screens/achievement/StatsScreen$GeneralStatisticsList$Entry;
[23:09:24] [main/DEBUG]: Skipping Lnet/minecraft/client/gui/screens/WinScreen;
[23:09:24] [main/DEBUG]: Skipping Lnet/minecraft/client/gui/screens/WinScreen$CreditsReader;
[23:09:24] [main/DEBUG]: Skipping Lnet/minecraft/client/gui/screens/ShareToLanScreen;
[23:09:24] [main/DEBUG]: Skipping Lnet/minecraft/client/gui/screens/RecoverWorldDataScreen;
[23:09:24] [main/DEBUG]: Skipping Lnet/minecraft/client/gui/screens/ReceivingLevelScreen;
[23:09:24] [main/DEBUG]: Skipping Lnet/minecraft/client/gui/screens/ReceivingLevelScreen$Reason;
[23:09:24] [main/DEBUG]: Skipping Lnet/minecraft/client/gui/screens/ProgressScreen;
[23:09:24] [main/DEBUG]: Skipping Lnet/minecraft/client/gui/screens/PresetFlatWorldScreen;
[23:09:24] [main/DEBUG]: Skipping Lnet/minecraft/client/gui/screens/PresetFlatWorldScreen$PresetsList;
[23:09:24] [main/DEBUG]: Skipping Lnet/minecraft/client/gui/screens/PresetFlatWorldScreen$PresetsList$Entry;
[23:09:24] [main/DEBUG]: Skipping Lnet/minecraft/client/gui/screens/Overlay;
[23:09:24] [main/DEBUG]: Skipping Lnet/minecraft/client/gui/screens/OutOfMemoryScreen;
[23:09:24] [main/DEBUG]: Skipping Lnet/minecraft/client/gui/screens/NoticeWithLinkScreen;
[23:09:24] [main/DEBUG]: Skipping Lnet/minecraft/client/gui/screens/LoadingDotsText;
[23:09:24] [main/DEBUG]: Skipping Lnet/minecraft/client/gui/screens/LevelLoadingScreen;
[23:09:24] [main/DEBUG]: Skipping Lnet/minecraft/client/gui/screens/InBedChatScreen;
[23:09:24] [main/DEBUG]: Skipping Lnet/minecraft/client/gui/screens/GenericWaitingScreen;
[23:09:24] [main/DEBUG]: Skipping Lnet/minecraft/client/gui/screens/GenericMessageScreen;
[23:09:24] [main/DEBUG]: Skipping Lnet/minecraft/client/gui/screens/FaviconTexture;
[23:09:24] [main/DEBUG]: Skipping Lnet/minecraft/client/gui/screens/ErrorScreen;
[23:09:24] [main/DEBUG]: Skipping Lnet/minecraft/client/gui/screens/EditServerScreen;
[23:09:24] [main/DEBUG]: Skipping Lnet/minecraft/client/gui/screens/DisconnectedScreen;
[23:09:24] [main/DEBUG]: Skipping Lnet/minecraft/client/gui/screens/DirectJoinServerScreen;
[23:09:24] [main/DEBUG]: Skipping Lnet/minecraft/client/gui/screens/DemoIntroScreen;
[23:09:24] [main/DEBUG]: Skipping Lnet/minecraft/client/gui/screens/DeathScreen;
[23:09:24] [main/DEBUG]: Skipping Lnet/minecraft/client/gui/screens/DeathScreen$TitleConfirmScreen;
[23:09:24] [main/DEBUG]: Skipping Lnet/minecraft/client/gui/screens/DatapackLoadFailureScreen;
[23:09:24] [main/DEBUG]: Skipping Lnet/minecraft/client/gui/screens/CreditsAndAttributionScreen;
[23:09:24] [main/DEBUG]: Skipping Lnet/minecraft/client/gui/screens/CreateFlatWorldScreen;
[23:09:24] [main/DEBUG]: Skipping Lnet/minecraft/client/gui/screens/CreateFlatWorldScreen$DetailsList;
[23:09:24] [main/DEBUG]: Skipping Lnet/minecraft/client/gui/screens/CreateFlatWorldScreen$DetailsList$Entry;
[23:09:24] [main/DEBUG]: Skipping Lnet/minecraft/client/gui/screens/CreateBuffetWorldScreen;
[23:09:24] [main/DEBUG]: Skipping Lnet/minecraft/client/gui/screens/CreateBuffetWorldScreen$BiomeList;
[23:09:24] [main/DEBUG]: Skipping Lnet/minecraft/client/gui/screens/CreateBuffetWorldScreen$BiomeList$Entry;
[23:09:24] [main/DEBUG]: Skipping Lnet/minecraft/client/gui/screens/ConfirmScreen;
[23:09:24] [main/DEBUG]: Skipping Lnet/minecraft/client/gui/screens/ConfirmLinkScreen;
[23:09:24] [main/DEBUG]: Skipping Lnet/minecraft/client/gui/screens/BanNoticeScreens;
[23:09:24] [main/DEBUG]: Skipping Lnet/minecraft/client/gui/screens/BackupConfirmScreen;
[23:09:24] [main/DEBUG]: Skipping Lnet/minecraft/client/gui/screens/BackupConfirmScreen$Listener;
[23:09:24] [main/DEBUG]: Skipping Lnet/minecraft/client/gui/screens/AlertScreen;
[23:09:24] [main/DEBUG]: Skipping Lnet/minecraft/client/gui/screens/AccessibilityOnboardingScreen;
[23:09:24] [main/DEBUG]: Skipping Lnet/minecraft/client/gui/screens/TitleScreen;
[23:09:24] [main/DEBUG]: Transforming class Lnet/minecraft/client/gui/screens/Screen;
[23:09:24] [main/DEBUG]: Transforming net/minecraft/client/gui/screens/Screen FIELD f_169369_ to access PUBLIC and LEAVE
[23:09:24] [main/DEBUG]: Skipping Lnet/minecraft/client/gui/screens/Screen$NarratableSearchResult;
[23:09:24] [main/DEBUG]: Skipping Lnet/minecraft/client/gui/screens/Screen$DeferredTooltipRendering;
[23:09:24] [main/DEBUG]: Skipping Lnet/minecraft/client/gui/screens/PauseScreen;
[23:09:24] [main/DEBUG]: Skipping Lnet/minecraft/client/gui/screens/PauseScreen$FeedbackSubScreen;
[23:09:24] [main/DEBUG]: Transforming class Lnet/minecraft/client/gui/screens/MenuScreens;
[23:09:24] [main/DEBUG]: Transforming net/minecraft/client/gui/screens/MenuScreens INNERCLASS ScreenConstructor to access PUBLIC and LEAVE
[23:09:24] [main/DEBUG]: Transforming net/minecraft/client/gui/screens/MenuScreens METHOD m_96206_(Lnet/minecraft/world/inventory/MenuType;Lnet/minecraft/client/gui/screens/MenuScreens$ScreenConstructor;)V to access PUBLIC and LEAVE
[23:09:24] [main/DEBUG]: Transforming class Lnet/minecraft/client/gui/screens/MenuScreens$ScreenConstructor;
[23:09:24] [main/DEBUG]: Transforming net/minecraft/client/gui/screens/MenuScreens$ScreenConstructor CLASS to access PUBLIC and LEAVE
[23:09:24] [main/DEBUG]: Skipping Lnet/minecraft/client/gui/screens/LoadingOverlay;
[23:09:24] [main/DEBUG]: Skipping Lnet/minecraft/client/gui/screens/LoadingOverlay$LogoTexture;
[23:09:24] [main/DEBUG]: Skipping Lnet/minecraft/client/gui/screens/ConnectScreen;
[23:09:24] [main/DEBUG]: Skipping Lnet/minecraft/client/gui/screens/ConnectScreen$2;
[23:09:24] [main/DEBUG]: Skipping Lnet/minecraft/client/gui/screens/ConnectScreen$1;
[23:09:24] [main/DEBUG]: Skipping Lnet/minecraft/client/gui/screens/ChatScreen;
[23:09:24] [main/DEBUG]: Skipping Lnet/minecraft/client/gui/screens/ChatScreen$1;
[23:09:24] [main/DEBUG]: Skipping Lnet/minecraft/client/gui/package-info;
[23:09:24] [main/DEBUG]: Skipping Lnet/minecraft/client/gui/navigation/package-info;
[23:09:24] [main/DEBUG]: Skipping Lnet/minecraft/client/gui/navigation/ScreenRectangle;
[23:09:24] [main/DEBUG]: Skipping Lnet/minecraft/client/gui/navigation/ScreenRectangle$1;
[23:09:24] [main/DEBUG]: Skipping Lnet/minecraft/client/gui/navigation/ScreenPosition;
[23:09:24] [main/DEBUG]: Skipping Lnet/minecraft/client/gui/navigation/ScreenPosition$1;
[23:09:24] [main/DEBUG]: Skipping Lnet/minecraft/client/gui/navigation/ScreenDirection;
[23:09:24] [main/DEBUG]: Skipping Lnet/minecraft/client/gui/navigation/ScreenAxis;
[23:09:24] [main/DEBUG]: Skipping Lnet/minecraft/client/gui/navigation/FocusNavigationEvent;
[23:09:24] [main/DEBUG]: Skipping Lnet/minecraft/client/gui/navigation/FocusNavigationEvent$TabNavigation;
[23:09:24] [main/DEBUG]: Skipping Lnet/minecraft/client/gui/navigation/FocusNavigationEvent$InitialFocus;
[23:09:24] [main/DEBUG]: Skipping Lnet/minecraft/client/gui/navigation/FocusNavigationEvent$ArrowNavigation;
[23:09:24] [main/DEBUG]: Skipping Lnet/minecraft/client/gui/navigation/CommonInputs;
[23:09:24] [main/DEBUG]: Skipping Lnet/minecraft/client/gui/narration/package-info;
[23:09:24] [main/DEBUG]: Skipping Lnet/minecraft/client/gui/narration/ScreenNarrationCollector;
[23:09:24] [main/DEBUG]: Skipping Lnet/minecraft/client/gui/narration/ScreenNarrationCollector$Output;
[23:09:24] [main/DEBUG]: Skipping Lnet/minecraft/client/gui/narration/ScreenNarrationCollector$NarrationEntry;
[23:09:24] [main/DEBUG]: Skipping Lnet/minecraft/client/gui/narration/ScreenNarrationCollector$EntryKey;
[23:09:24] [main/DEBUG]: Skipping Lnet/minecraft/client/gui/narration/ScreenNarrationCollector$1;
[23:09:24] [main/DEBUG]: Skipping Lnet/minecraft/client/gui/narration/NarrationThunk;
[23:09:24] [main/DEBUG]: Skipping Lnet/minecraft/client/gui/narration/NarrationSupplier;
[23:09:24] [main/DEBUG]: Skipping Lnet/minecraft/client/gui/narration/NarrationElementOutput;
[23:09:24] [main/DEBUG]: Skipping Lnet/minecraft/client/gui/narration/NarratedElementType;
[23:09:24] [main/DEBUG]: Skipping Lnet/minecraft/client/gui/narration/NarratableEntry;
[23:09:24] [main/DEBUG]: Skipping Lnet/minecraft/client/gui/narration/NarratableEntry$NarrationPriority;
[23:09:24] [main/DEBUG]: Skipping Lnet/minecraft/client/gui/layouts/package-info;
[23:09:24] [main/DEBUG]: Skipping Lnet/minecraft/client/gui/layouts/SpacerElement;
[23:09:24] [main/DEBUG]: Skipping Lnet/minecraft/client/gui/layouts/LinearLayout;
[23:09:24] [main/DEBUG]: Skipping Lnet/minecraft/client/gui/layouts/LinearLayout$Orientation;
[23:09:24] [main/DEBUG]: Skipping Lnet/minecraft/client/gui/layouts/LayoutSettings;
[23:09:24] [main/DEBUG]: Skipping Lnet/minecraft/client/gui/layouts/LayoutSettings$LayoutSettingsImpl;
[23:09:24] [main/DEBUG]: Skipping Lnet/minecraft/client/gui/layouts/LayoutElement;
[23:09:24] [main/DEBUG]: Skipping Lnet/minecraft/client/gui/layouts/Layout;
[23:09:24] [main/DEBUG]: Skipping Lnet/minecraft/client/gui/layouts/HeaderAndFooterLayout;
[23:09:24] [main/DEBUG]: Skipping Lnet/minecraft/client/gui/layouts/GridLayout;
[23:09:24] [main/DEBUG]: Skipping Lnet/minecraft/client/gui/layouts/GridLayout$RowHelper;
[23:09:24] [main/DEBUG]: Skipping Lnet/minecraft/client/gui/layouts/GridLayout$CellInhabitant;
[23:09:24] [main/DEBUG]: Skipping Lnet/minecraft/client/gui/layouts/FrameLayout;
[23:09:24] [main/DEBUG]: Skipping Lnet/minecraft/client/gui/layouts/FrameLayout$ChildContainer;
[23:09:24] [main/DEBUG]: Skipping Lnet/minecraft/client/gui/layouts/EqualSpacingLayout;
[23:09:24] [main/DEBUG]: Skipping Lnet/minecraft/client/gui/layouts/EqualSpacingLayout$Orientation;
[23:09:24] [main/DEBUG]: Skipping Lnet/minecraft/client/gui/layouts/EqualSpacingLayout$ChildContainer;
[23:09:24] [main/DEBUG]: Skipping Lnet/minecraft/client/gui/layouts/CommonLayouts;
[23:09:24] [main/DEBUG]: Skipping Lnet/minecraft/client/gui/layouts/AbstractLayout;
[23:09:24] [main/DEBUG]: Skipping Lnet/minecraft/client/gui/layouts/AbstractLayout$AbstractChildWrapper;
[23:09:24] [main/DEBUG]: Skipping Lnet/minecraft/client/gui/font/providers/package-info;
[23:09:24] [main/DEBUG]: Skipping Lnet/minecraft/client/gui/font/providers/UnihexProvider;
[23:09:24] [main/DEBUG]: Skipping Lnet/minecraft/client/gui/font/providers/UnihexProvider$ShortContents;
[23:09:24] [main/DEBUG]: Skipping Lnet/minecraft/client/gui/font/providers/UnihexProvider$ReaderOutput;
[23:09:24] [main/DEBUG]: Skipping Lnet/minecraft/client/gui/font/providers/UnihexProvider$OverrideRange;
[23:09:24] [main/DEBUG]: Skipping Lnet/minecraft/client/gui/font/providers/UnihexProvider$LineData;
[23:09:24] [main/DEBUG]: Skipping Lnet/minecraft/client/gui/font/providers/UnihexProvider$IntContents;
[23:09:24] [main/DEBUG]: Skipping Lnet/minecraft/client/gui/font/providers/UnihexProvider$Glyph;
[23:09:24] [main/DEBUG]: Skipping Lnet/minecraft/client/gui/font/providers/UnihexProvider$Glyph$1;
[23:09:24] [main/DEBUG]: Skipping Lnet/minecraft/client/gui/font/providers/UnihexProvider$Dimensions;
[23:09:24] [main/DEBUG]: Skipping Lnet/minecraft/client/gui/font/providers/UnihexProvider$Definition;
[23:09:24] [main/DEBUG]: Skipping Lnet/minecraft/client/gui/font/providers/UnihexProvider$ByteContents;
[23:09:24] [main/DEBUG]: Skipping Lnet/minecraft/client/gui/font/providers/TrueTypeGlyphProviderDefinition;
[23:09:24] [main/DEBUG]: Skipping Lnet/minecraft/client/gui/font/providers/TrueTypeGlyphProviderDefinition$Shift;
[23:09:24] [main/DEBUG]: Skipping Lnet/minecraft/client/gui/font/providers/ProviderReferenceDefinition;
[23:09:24] [main/DEBUG]: Skipping Lnet/minecraft/client/gui/font/providers/GlyphProviderType;
[23:09:24] [main/DEBUG]: Skipping Lnet/minecraft/client/gui/font/providers/GlyphProviderDefinition;
[23:09:24] [main/DEBUG]: Skipping Lnet/minecraft/client/gui/font/providers/GlyphProviderDefinition$Reference;
[23:09:24] [main/DEBUG]: Skipping Lnet/minecraft/client/gui/font/providers/GlyphProviderDefinition$Loader;
[23:09:24] [main/DEBUG]: Skipping Lnet/minecraft/client/gui/font/providers/GlyphProviderDefinition$Conditional;
[23:09:24] [main/DEBUG]: Skipping Lnet/minecraft/client/gui/font/providers/FreeTypeUtil;
[23:09:24] [main/DEBUG]: Skipping Lnet/minecraft/client/gui/font/providers/BitmapProvider;
[23:09:24] [main/DEBUG]: Skipping Lnet/minecraft/client/gui/font/providers/BitmapProvider$Glyph;
[23:09:24] [main/DEBUG]: Skipping Lnet/minecraft/client/gui/font/providers/BitmapProvider$Glyph$1;
[23:09:24] [main/DEBUG]: Skipping Lnet/minecraft/client/gui/font/providers/BitmapProvider$Definition;
[23:09:24] [main/DEBUG]: Skipping Lnet/minecraft/client/gui/font/package-info;
[23:09:24] [main/DEBUG]: Skipping Lnet/minecraft/client/gui/font/glyphs/package-info;
[23:09:24] [main/DEBUG]: Skipping Lnet/minecraft/client/gui/font/glyphs/SpecialGlyphs;
[23:09:24] [main/DEBUG]: Skipping Lnet/minecraft/client/gui/font/glyphs/SpecialGlyphs$PixelProvider;
[23:09:24] [main/DEBUG]: Skipping Lnet/minecraft/client/gui/font/glyphs/SpecialGlyphs$1;
[23:09:24] [main/DEBUG]: Skipping Lnet/minecraft/client/gui/font/glyphs/EmptyGlyph;
[23:09:24] [main/DEBUG]: Skipping Lnet/minecraft/client/gui/font/glyphs/BakedGlyph;
[23:09:24] [main/DEBUG]: Skipping Lnet/minecraft/client/gui/font/glyphs/BakedGlyph$Effect;
[23:09:24] [main/DEBUG]: Skipping Lnet/minecraft/client/gui/font/TextFieldHelper;
[23:09:24] [main/DEBUG]: Skipping Lnet/minecraft/client/gui/font/TextFieldHelper$CursorStep;
[23:09:24] [main/DEBUG]: Skipping Lnet/minecraft/client/gui/font/GlyphRenderTypes;
[23:09:24] [main/DEBUG]: Skipping Lnet/minecraft/client/gui/font/GlyphRenderTypes$1;
[23:09:24] [main/DEBUG]: Skipping Lnet/minecraft/client/gui/font/FontTexture;
[23:09:24] [main/DEBUG]: Skipping Lnet/minecraft/client/gui/font/FontTexture$Node;
[23:09:24] [main/DEBUG]: Skipping Lnet/minecraft/client/gui/font/FontSet;
[23:09:24] [main/DEBUG]: Skipping Lnet/minecraft/client/gui/font/FontSet$GlyphInfoFilter;
[23:09:24] [main/DEBUG]: Skipping Lnet/minecraft/client/gui/font/FontOption;
[23:09:24] [main/DEBUG]: Skipping Lnet/minecraft/client/gui/font/FontOption$Filter;
[23:09:24] [main/DEBUG]: Skipping Lnet/minecraft/client/gui/font/FontManager;
[23:09:24] [main/DEBUG]: Skipping Lnet/minecraft/client/gui/font/FontManager$UnresolvedBuilderBundle;
[23:09:24] [main/DEBUG]: Skipping Lnet/minecraft/client/gui/font/FontManager$Preparation;
[23:09:24] [main/DEBUG]: Skipping Lnet/minecraft/client/gui/font/FontManager$FontDefinitionFile;
[23:09:24] [main/DEBUG]: Skipping Lnet/minecraft/client/gui/font/FontManager$BuilderResult;
[23:09:24] [main/DEBUG]: Skipping Lnet/minecraft/client/gui/font/FontManager$BuilderId;
[23:09:24] [main/DEBUG]: Skipping Lnet/minecraft/client/gui/font/CodepointMap;
[23:09:24] [main/DEBUG]: Skipping Lnet/minecraft/client/gui/font/CodepointMap$Output;
[23:09:24] [main/DEBUG]: Skipping Lnet/minecraft/client/gui/font/AllMissingGlyphProvider;
[23:09:24] [main/DEBUG]: Skipping Lnet/minecraft/client/gui/components/toasts/package-info;
[23:09:24] [main/DEBUG]: Skipping Lnet/minecraft/client/gui/components/toasts/TutorialToast;
[23:09:24] [main/DEBUG]: Skipping Lnet/minecraft/client/gui/components/toasts/TutorialToast$Icons;
[23:09:24] [main/DEBUG]: Skipping Lnet/minecraft/client/gui/components/toasts/Toast;
[23:09:24] [main/DEBUG]: Skipping Lnet/minecraft/client/gui/components/toasts/Toast$Visibility;
[23:09:24] [main/DEBUG]: Skipping Lnet/minecraft/client/gui/components/toasts/SystemToast;
[23:09:24] [main/DEBUG]: Skipping Lnet/minecraft/client/gui/components/toasts/SystemToast$SystemToastId;
[23:09:24] [main/DEBUG]: Skipping Lnet/minecraft/client/gui/components/toasts/RecipeToast;
[23:09:24] [main/DEBUG]: Skipping Lnet/minecraft/client/gui/components/toasts/AdvancementToast;
[23:09:24] [main/DEBUG]: Skipping Lnet/minecraft/client/gui/components/toasts/ToastComponent;
[23:09:24] [main/DEBUG]: Skipping Lnet/minecraft/client/gui/components/toasts/ToastComponent$ToastInstance;
[23:09:24] [main/DEBUG]: Skipping Lnet/minecraft/client/gui/components/tabs/package-info;
[23:09:24] [main/DEBUG]: Skipping Lnet/minecraft/client/gui/components/tabs/TabNavigationBar;
[23:09:24] [main/DEBUG]: Skipping Lnet/minecraft/client/gui/components/tabs/TabNavigationBar$Builder;
[23:09:24] [main/DEBUG]: Skipping Lnet/minecraft/client/gui/components/tabs/TabManager;
[23:09:24] [main/DEBUG]: Skipping Lnet/minecraft/client/gui/components/tabs/Tab;
[23:09:24] [main/DEBUG]: Skipping Lnet/minecraft/client/gui/components/tabs/GridLayoutTab;
[23:09:24] [main/DEBUG]: Skipping Lnet/minecraft/client/gui/components/spectator/package-info;
[23:09:24] [main/DEBUG]: Skipping Lnet/minecraft/client/gui/components/spectator/SpectatorGui;
[23:09:24] [main/DEBUG]: Skipping Lnet/minecraft/client/gui/components/package-info;
[23:09:24] [main/DEBUG]: Skipping Lnet/minecraft/client/gui/components/events/package-info;
[23:09:24] [main/DEBUG]: Skipping Lnet/minecraft/client/gui/components/events/GuiEventListener;
[23:09:24] [main/DEBUG]: Skipping Lnet/minecraft/client/gui/components/events/ContainerEventHandler;
[23:09:24] [main/DEBUG]: Skipping Lnet/minecraft/client/gui/components/events/AbstractContainerEventHandler;
[23:09:24] [main/DEBUG]: Skipping Lnet/minecraft/client/gui/components/debugchart/TpsDebugChart;
[23:09:24] [main/DEBUG]: Skipping Lnet/minecraft/client/gui/components/debugchart/PingDebugChart;
[23:09:24] [main/DEBUG]: Skipping Lnet/minecraft/client/gui/components/debugchart/FpsDebugChart;
[23:09:24] [main/DEBUG]: Skipping Lnet/minecraft/client/gui/components/debugchart/BandwidthDebugChart;
[23:09:24] [main/DEBUG]: Skipping Lnet/minecraft/client/gui/components/debugchart/AbstractDebugChart;
[23:09:24] [main/DEBUG]: Skipping Lnet/minecraft/client/gui/components/WidgetTooltipHolder;
[23:09:24] [main/DEBUG]: Skipping Lnet/minecraft/client/gui/components/WidgetSprites;
[23:09:24] [main/DEBUG]: Skipping Lnet/minecraft/client/gui/components/Whence;
[23:09:24] [main/DEBUG]: Skipping Lnet/minecraft/client/gui/components/Tooltip;
[23:09:24] [main/DEBUG]: Skipping Lnet/minecraft/client/gui/components/TabOrderedElement;
[23:09:24] [main/DEBUG]: Skipping Lnet/minecraft/client/gui/components/TabButton;
[23:09:24] [main/DEBUG]: Skipping Lnet/minecraft/client/gui/components/SubtitleOverlay;
[23:09:24] [main/DEBUG]: Skipping Lnet/minecraft/client/gui/components/SubtitleOverlay$Subtitle;
[23:09:24] [main/DEBUG]: Skipping Lnet/minecraft/client/gui/components/SubtitleOverlay$SoundPlayedAt;
[23:09:24] [main/DEBUG]: Skipping Lnet/minecraft/client/gui/components/StringWidget;
[23:09:24] [main/DEBUG]: Skipping Lnet/minecraft/client/gui/components/StateSwitchingButton;
[23:09:24] [main/DEBUG]: Skipping Lnet/minecraft/client/gui/components/SpriteIconButton;
[23:09:24] [main/DEBUG]: Skipping Lnet/minecraft/client/gui/components/SpriteIconButton$TextAndIcon;
[23:09:24] [main/DEBUG]: Skipping Lnet/minecraft/client/gui/components/SpriteIconButton$CenteredIcon;
[23:09:24] [main/DEBUG]: Skipping Lnet/minecraft/client/gui/components/SpriteIconButton$Builder;
[23:09:24] [main/DEBUG]: Skipping Lnet/minecraft/client/gui/components/SplashRenderer;
[23:09:24] [main/DEBUG]: Skipping Lnet/minecraft/client/gui/components/Renderable;
[23:09:24] [main/DEBUG]: Skipping Lnet/minecraft/client/gui/components/PopupScreen;
[23:09:24] [main/DEBUG]: Skipping Lnet/minecraft/client/gui/components/PopupScreen$ButtonOption;
[23:09:24] [main/DEBUG]: Skipping Lnet/minecraft/client/gui/components/PopupScreen$Builder;
[23:09:24] [main/DEBUG]: Skipping Lnet/minecraft/client/gui/components/PlayerTabOverlay;
[23:09:24] [main/DEBUG]: Skipping Lnet/minecraft/client/gui/components/PlayerTabOverlay$ScoreDisplayEntry;
[23:09:24] [main/DEBUG]: Skipping Lnet/minecraft/client/gui/components/PlayerTabOverlay$HealthState;
[23:09:24] [main/DEBUG]: Skipping Lnet/minecraft/client/gui/components/PlayerSkinWidget;
[23:09:24] [main/DEBUG]: Skipping Lnet/minecraft/client/gui/components/PlayerSkinWidget$Model;
[23:09:24] [main/DEBUG]: Skipping Lnet/minecraft/client/gui/components/PlayerFaceRenderer;
[23:09:24] [main/DEBUG]: Skipping Lnet/minecraft/client/gui/components/PlainTextButton;
[23:09:24] [main/DEBUG]: Skipping Lnet/minecraft/client/gui/components/OptionsList;
[23:09:24] [main/DEBUG]: Skipping Lnet/minecraft/client/gui/components/OptionsList$OptionEntry;
[23:09:24] [main/DEBUG]: Skipping Lnet/minecraft/client/gui/components/OptionsList$Entry;
[23:09:24] [main/DEBUG]: Skipping Lnet/minecraft/client/gui/components/ObjectSelectionList;
[23:09:24] [main/DEBUG]: Skipping Lnet/minecraft/client/gui/components/ObjectSelectionList$Entry;
[23:09:24] [main/DEBUG]: Skipping Lnet/minecraft/client/gui/components/MultilineTextField;
[23:09:24] [main/DEBUG]: Skipping Lnet/minecraft/client/gui/components/MultilineTextField$StringView;
[23:09:24] [main/DEBUG]: Skipping Lnet/minecraft/client/gui/components/MultilineTextField$1;
[23:09:24] [main/DEBUG]: Skipping Lnet/minecraft/client/gui/components/MultiLineTextWidget;
[23:09:24] [main/DEBUG]: Skipping Lnet/minecraft/client/gui/components/MultiLineTextWidget$CacheKey;
[23:09:24] [main/DEBUG]: Skipping Lnet/minecraft/client/gui/components/MultiLineLabel;
[23:09:24] [main/DEBUG]: Skipping Lnet/minecraft/client/gui/components/MultiLineLabel$TextAndWidth;
[23:09:24] [main/DEBUG]: Skipping Lnet/minecraft/client/gui/components/MultiLineLabel$2;
[23:09:24] [main/DEBUG]: Skipping Lnet/minecraft/client/gui/components/MultiLineLabel$1;
[23:09:24] [main/DEBUG]: Skipping Lnet/minecraft/client/gui/components/MultiLineEditBox;
[23:09:24] [main/DEBUG]: Skipping Lnet/minecraft/client/gui/components/LogoRenderer;
[23:09:24] [main/DEBUG]: Skipping Lnet/minecraft/client/gui/components/LockIconButton;
[23:09:24] [main/DEBUG]: Skipping Lnet/minecraft/client/gui/components/LockIconButton$Icon;
[23:09:24] [main/DEBUG]: Skipping Lnet/minecraft/client/gui/components/LoadingDotsWidget;
[23:09:24] [main/DEBUG]: Skipping Lnet/minecraft/client/gui/components/LerpingBossEvent;
[23:09:24] [main/DEBUG]: Skipping Lnet/minecraft/client/gui/components/ImageWidget;
[23:09:24] [main/DEBUG]: Skipping Lnet/minecraft/client/gui/components/ImageWidget$Texture;
[23:09:24] [main/DEBUG]: Skipping Lnet/minecraft/client/gui/components/ImageWidget$Sprite;
[23:09:24] [main/DEBUG]: Skipping Lnet/minecraft/client/gui/components/ImageButton;
[23:09:24] [main/DEBUG]: Skipping Lnet/minecraft/client/gui/components/FocusableTextWidget;
[23:09:24] [main/DEBUG]: Skipping Lnet/minecraft/client/gui/components/FittingMultiLineTextWidget;
[23:09:24] [main/DEBUG]: Skipping Lnet/minecraft/client/gui/components/EditBox;
[23:09:24] [main/DEBUG]: Skipping Lnet/minecraft/client/gui/components/CycleButton;
[23:09:24] [main/DEBUG]: Skipping Lnet/minecraft/client/gui/components/CycleButton$ValueListSupplier;
[23:09:24] [main/DEBUG]: Skipping Lnet/minecraft/client/gui/components/CycleButton$ValueListSupplier$2;
[23:09:24] [main/DEBUG]: Skipping Lnet/minecraft/client/gui/components/CycleButton$ValueListSupplier$1;
[23:09:24] [main/DEBUG]: Skipping Lnet/minecraft/client/gui/components/CycleButton$OnValueChange;
[23:09:24] [main/DEBUG]: Skipping Lnet/minecraft/client/gui/components/CycleButton$Builder;
[23:09:24] [main/DEBUG]: Skipping Lnet/minecraft/client/gui/components/ContainerObjectSelectionList;
[23:09:24] [main/DEBUG]: Skipping Lnet/minecraft/client/gui/components/ContainerObjectSelectionList$Entry;
[23:09:24] [main/DEBUG]: Skipping Lnet/minecraft/client/gui/components/ContainerObjectSelectionList$1;
[23:09:24] [main/DEBUG]: Skipping Lnet/minecraft/client/gui/components/ComponentRenderUtils;
[23:09:24] [main/DEBUG]: Skipping Lnet/minecraft/client/gui/components/CommonButtons;
[23:09:24] [main/DEBUG]: Skipping Lnet/minecraft/client/gui/components/CommandSuggestions;
[23:09:24] [main/DEBUG]: Skipping Lnet/minecraft/client/gui/components/CommandSuggestions$SuggestionsList;
[23:09:24] [main/DEBUG]: Skipping Lnet/minecraft/client/gui/components/Checkbox;
[23:09:24] [main/DEBUG]: Skipping Lnet/minecraft/client/gui/components/Checkbox$OnValueChange;
[23:09:24] [main/DEBUG]: Skipping Lnet/minecraft/client/gui/components/Checkbox$Builder;
[23:09:24] [main/DEBUG]: Skipping Lnet/minecraft/client/gui/components/ChatComponent;
[23:09:24] [main/DEBUG]: Skipping Lnet/minecraft/client/gui/components/ChatComponent$State;
[23:09:24] [main/DEBUG]: Skipping Lnet/minecraft/client/gui/components/ChatComponent$DelayedMessageDeletion;
[23:09:24] [main/DEBUG]: Skipping Lnet/minecraft/client/gui/components/AbstractStringWidget;
[23:09:24] [main/DEBUG]: Transforming class Lnet/minecraft/client/gui/components/AbstractSliderButton;
[23:09:24] [main/DEBUG]: Transforming net/minecraft/client/gui/components/AbstractSliderButton METHOD m_293389_()Lnet/minecraft/resources/ResourceLocation; to access PROTECTED and LEAVE
[23:09:24] [main/DEBUG]: Transforming net/minecraft/client/gui/components/AbstractSliderButton METHOD m_293290_()Lnet/minecraft/resources/ResourceLocation; to access PROTECTED and LEAVE
[23:09:24] [main/DEBUG]: Skipping Lnet/minecraft/client/gui/components/AbstractSelectionList;
[23:09:24] [main/DEBUG]: Skipping Lnet/minecraft/client/gui/components/AbstractSelectionList$TrackedList;
[23:09:24] [main/DEBUG]: Transforming class Lnet/minecraft/client/gui/components/AbstractSelectionList$Entry;
[23:09:24] [main/DEBUG]: Transforming net/minecraft/client/gui/components/AbstractSelectionList$Entry FIELD f_93521_ to access PROTECTED and LEAVE
[23:09:24] [main/DEBUG]: Skipping Lnet/minecraft/client/gui/components/AbstractSelectionList$1;
[23:09:24] [main/DEBUG]: Skipping Lnet/minecraft/client/gui/components/AbstractScrollWidget;
[23:09:24] [main/DEBUG]: Skipping Lnet/minecraft/client/gui/components/AbstractOptionSliderButton;
[23:09:24] [main/DEBUG]: Skipping Lnet/minecraft/client/gui/components/AbstractContainerWidget;
[23:09:24] [main/DEBUG]: Transforming class Lnet/minecraft/client/gui/components/DebugScreenOverlay;
[23:09:24] [main/DEBUG]: Transforming net/minecraft/client/gui/components/DebugScreenOverlay FIELD f_94032_ to access PROTECTED and LEAVE
[23:09:24] [main/DEBUG]: Transforming net/minecraft/client/gui/components/DebugScreenOverlay FIELD f_94033_ to access PROTECTED and LEAVE
[23:09:24] [main/DEBUG]: Transforming net/minecraft/client/gui/components/DebugScreenOverlay METHOD m_286013_(Lnet/minecraft/client/gui/GuiGraphics;Ljava/util/List;Z)V to access PROTECTED and LEAVE
[23:09:24] [main/DEBUG]: Skipping Lnet/minecraft/client/gui/components/DebugScreenOverlay$AllocationRateCalculator;
[23:09:24] [main/DEBUG]: Skipping Lnet/minecraft/client/gui/components/DebugScreenOverlay$1;
[23:09:24] [main/DEBUG]: Skipping Lnet/minecraft/client/gui/components/Button;
[23:09:24] [main/DEBUG]: Skipping Lnet/minecraft/client/gui/components/Button$OnPress;
[23:09:24] [main/DEBUG]: Skipping Lnet/minecraft/client/gui/components/Button$CreateNarration;
[23:09:24] [main/DEBUG]: Skipping Lnet/minecraft/client/gui/components/Button$Builder;
[23:09:24] [main/DEBUG]: Skipping Lnet/minecraft/client/gui/components/BossHealthOverlay;
[23:09:24] [main/DEBUG]: Skipping Lnet/minecraft/client/gui/components/BossHealthOverlay$1;
[23:09:24] [main/DEBUG]: Skipping Lnet/minecraft/client/gui/components/AbstractWidget;
[23:09:24] [main/DEBUG]: Transforming class Lnet/minecraft/client/gui/components/AbstractButton;
[23:09:24] [main/DEBUG]: Transforming net/minecraft/client/gui/components/AbstractButton FIELD f_290895_ to access PROTECTED and LEAVE
[23:09:24] [main/DEBUG]: Skipping Lnet/minecraft/client/gui/MapRenderer;
[23:09:24] [main/DEBUG]: Skipping Lnet/minecraft/client/gui/MapRenderer$MapInstance;
[23:09:24] [main/DEBUG]: Skipping Lnet/minecraft/client/gui/LayeredDraw;
[23:09:24] [main/DEBUG]: Skipping Lnet/minecraft/client/gui/LayeredDraw$Layer;
[23:09:24] [main/DEBUG]: Skipping Lnet/minecraft/client/gui/GuiSpriteManager;
[23:09:24] [main/DEBUG]: Skipping Lnet/minecraft/client/gui/ComponentPath;
[23:09:24] [main/DEBUG]: Skipping Lnet/minecraft/client/gui/ComponentPath$Path;
[23:09:24] [main/DEBUG]: Skipping Lnet/minecraft/client/gui/ComponentPath$Leaf;
[23:09:24] [main/DEBUG]: Skipping Lnet/minecraft/client/gui/GuiGraphics;
[23:09:24] [main/DEBUG]: Skipping Lnet/minecraft/client/gui/GuiGraphics$ScissorStack;
[23:09:24] [main/DEBUG]: Skipping Lnet/minecraft/client/gui/Gui;
[23:09:24] [main/DEBUG]: Skipping Lnet/minecraft/client/gui/Gui$HeartType;
[23:09:24] [main/DEBUG]: Skipping Lnet/minecraft/client/gui/Gui$1DisplayEntry;
[23:09:24] [main/DEBUG]: Skipping Lnet/minecraft/client/gui/Font;
[23:09:24] [main/DEBUG]: Skipping Lnet/minecraft/client/gui/Font$StringRenderOutput;
[23:09:24] [main/DEBUG]: Skipping Lnet/minecraft/client/gui/Font$DisplayMode;
[23:09:24] [main/DEBUG]: Skipping Lnet/minecraft/client/color/item/package-info;
[23:09:24] [main/DEBUG]: Skipping Lnet/minecraft/client/color/item/ItemColor;
[23:09:24] [main/DEBUG]: Skipping Lnet/minecraft/client/color/item/ItemColors;
[23:09:24] [main/DEBUG]: Skipping Lnet/minecraft/client/color/block/package-info;
[23:09:24] [main/DEBUG]: Skipping Lnet/minecraft/client/color/block/BlockTintCache;
[23:09:24] [main/DEBUG]: Skipping Lnet/minecraft/client/color/block/BlockTintCache$LatestCacheInfo;
[23:09:24] [main/DEBUG]: Skipping Lnet/minecraft/client/color/block/BlockTintCache$CacheData;
[23:09:24] [main/DEBUG]: Skipping Lnet/minecraft/client/color/block/BlockColor;
[23:09:24] [main/DEBUG]: Skipping Lnet/minecraft/client/color/block/BlockColors;
[23:09:24] [main/DEBUG]: Skipping Lnet/minecraft/client/animation/package-info;
[23:09:24] [main/DEBUG]: Skipping Lnet/minecraft/client/animation/definitions/package-info;
[23:09:24] [main/DEBUG]: Skipping Lnet/minecraft/client/animation/definitions/WardenAnimation;
[23:09:24] [main/DEBUG]: Skipping Lnet/minecraft/client/animation/definitions/SnifferAnimation;
[23:09:24] [main/DEBUG]: Skipping Lnet/minecraft/client/animation/definitions/FrogAnimation;
[23:09:24] [main/DEBUG]: Skipping Lnet/minecraft/client/animation/definitions/CamelAnimation;
[23:09:24] [main/DEBUG]: Skipping Lnet/minecraft/client/animation/definitions/BreezeAnimation;
[23:09:24] [main/DEBUG]: Skipping Lnet/minecraft/client/animation/definitions/BatAnimation;
[23:09:24] [main/DEBUG]: Skipping Lnet/minecraft/client/animation/definitions/ArmadilloAnimation;
[23:09:24] [main/DEBUG]: Skipping Lnet/minecraft/client/animation/KeyframeAnimations;
[23:09:24] [main/DEBUG]: Skipping Lnet/minecraft/client/animation/Keyframe;
[23:09:24] [main/DEBUG]: Skipping Lnet/minecraft/client/animation/AnimationDefinition;
[23:09:24] [main/DEBUG]: Skipping Lnet/minecraft/client/animation/AnimationDefinition$Builder;
[23:09:24] [main/DEBUG]: Skipping Lnet/minecraft/client/animation/AnimationChannel;
[23:09:24] [main/DEBUG]: Skipping Lnet/minecraft/client/animation/AnimationChannel$Targets;
[23:09:24] [main/DEBUG]: Skipping Lnet/minecraft/client/animation/AnimationChannel$Target;
[23:09:24] [main/DEBUG]: Skipping Lnet/minecraft/client/animation/AnimationChannel$Interpolations;
[23:09:24] [main/DEBUG]: Skipping Lnet/minecraft/client/animation/AnimationChannel$Interpolation;
[23:09:24] [main/DEBUG]: Skipping Lnet/minecraft/client/User;
[23:09:24] [main/DEBUG]: Skipping Lnet/minecraft/client/User$Type;
[23:09:24] [main/DEBUG]: Skipping Lnet/minecraft/client/StringSplitter;
[23:09:24] [main/DEBUG]: Skipping Lnet/minecraft/client/StringSplitter$WidthProvider;
[23:09:24] [main/DEBUG]: Skipping Lnet/minecraft/client/StringSplitter$WidthLimitedCharSink;
[23:09:24] [main/DEBUG]: Skipping Lnet/minecraft/client/StringSplitter$LinePosConsumer;
[23:09:24] [main/DEBUG]: Skipping Lnet/minecraft/client/StringSplitter$LineComponent;
[23:09:24] [main/DEBUG]: Skipping Lnet/minecraft/client/StringSplitter$LineBreakFinder;
[23:09:24] [main/DEBUG]: Skipping Lnet/minecraft/client/StringSplitter$FlatComponents;
[23:09:24] [main/DEBUG]: Skipping Lnet/minecraft/client/StringSplitter$1;
[23:09:24] [main/DEBUG]: Skipping Lnet/minecraft/client/ResourceLoadStateTracker;
[23:09:24] [main/DEBUG]: Skipping Lnet/minecraft/client/ResourceLoadStateTracker$ReloadState;
[23:09:24] [main/DEBUG]: Skipping Lnet/minecraft/client/ResourceLoadStateTracker$ReloadReason;
[23:09:24] [main/DEBUG]: Skipping Lnet/minecraft/client/ResourceLoadStateTracker$RecoveryInfo;
[23:09:24] [main/DEBUG]: Skipping Lnet/minecraft/client/PrioritizeChunkUpdates;
[23:09:24] [main/DEBUG]: Skipping Lnet/minecraft/client/PeriodicNotificationManager;
[23:09:24] [main/DEBUG]: Skipping Lnet/minecraft/client/PeriodicNotificationManager$NotificationTask;
[23:09:24] [main/DEBUG]: Skipping Lnet/minecraft/client/PeriodicNotificationManager$Notification;
[23:09:24] [main/DEBUG]: Skipping Lnet/minecraft/client/ParticleStatus;
[23:09:24] [main/DEBUG]: Skipping Lnet/minecraft/client/OptionInstance;
[23:09:24] [main/DEBUG]: Skipping Lnet/minecraft/client/OptionInstance$ValueSet;
[23:09:24] [main/DEBUG]: Skipping Lnet/minecraft/client/OptionInstance$UnitDouble;
[23:09:24] [main/DEBUG]: Skipping Lnet/minecraft/client/OptionInstance$UnitDouble$1;
[23:09:24] [main/DEBUG]: Skipping Lnet/minecraft/client/OptionInstance$TooltipSupplier;
[23:09:24] [main/DEBUG]: Skipping Lnet/minecraft/client/OptionInstance$SliderableValueSet;
[23:09:24] [main/DEBUG]: Skipping Lnet/minecraft/client/OptionInstance$SliderableOrCyclableValueSet;
[23:09:24] [main/DEBUG]: Skipping Lnet/minecraft/client/OptionInstance$OptionInstanceSliderButton;
[23:09:24] [main/DEBUG]: Skipping Lnet/minecraft/client/OptionInstance$LazyEnum;
[23:09:24] [main/DEBUG]: Skipping Lnet/minecraft/client/OptionInstance$IntRangeBase;
[23:09:24] [main/DEBUG]: Skipping Lnet/minecraft/client/OptionInstance$IntRangeBase$1;
[23:09:24] [main/DEBUG]: Skipping Lnet/minecraft/client/OptionInstance$IntRange;
[23:09:24] [main/DEBUG]: Skipping Lnet/minecraft/client/OptionInstance$Enum;
[23:09:24] [main/DEBUG]: Skipping Lnet/minecraft/client/OptionInstance$CycleableValueSet;
[23:09:24] [main/DEBUG]: Skipping Lnet/minecraft/client/OptionInstance$CycleableValueSet$ValueSetter;
[23:09:24] [main/DEBUG]: Skipping Lnet/minecraft/client/OptionInstance$ClampingLazyMaxIntRange;
[23:09:24] [main/DEBUG]: Skipping Lnet/minecraft/client/OptionInstance$CaptionBasedToString;
[23:09:24] [main/DEBUG]: Skipping Lnet/minecraft/client/OptionInstance$AltEnum;
[23:09:24] [main/DEBUG]: Skipping Lnet/minecraft/client/NarratorStatus;
[23:09:24] [main/DEBUG]: Skipping Lnet/minecraft/client/InputType;
[23:09:24] [main/DEBUG]: Skipping Lnet/minecraft/client/HotbarManager;
[23:09:24] [main/DEBUG]: Skipping Lnet/minecraft/client/GuiMessageTag;
[23:09:24] [main/DEBUG]: Skipping Lnet/minecraft/client/GuiMessageTag$Icon;
[23:09:24] [main/DEBUG]: Skipping Lnet/minecraft/client/GuiMessage;
[23:09:24] [main/DEBUG]: Skipping Lnet/minecraft/client/GuiMessage$Line;
[23:09:24] [main/DEBUG]: Skipping Lnet/minecraft/client/GraphicsStatus;
[23:09:24] [main/DEBUG]: Skipping Lnet/minecraft/client/GameNarrator;
[23:09:24] [main/DEBUG]: Skipping Lnet/minecraft/client/GameNarrator$NarratorInitException;
[23:09:24] [main/DEBUG]: Skipping Lnet/minecraft/client/DebugQueryHandler;
[23:09:24] [main/DEBUG]: Skipping Lnet/minecraft/client/ComponentCollector;
[23:09:24] [main/DEBUG]: Skipping Lnet/minecraft/client/CommandHistory;
[23:09:24] [main/DEBUG]: Skipping Lnet/minecraft/client/CloudStatus;
[23:09:24] [main/DEBUG]: Skipping Lnet/minecraft/client/CameraType;
[23:09:24] [main/DEBUG]: Skipping Lnet/minecraft/client/AttackIndicatorStatus;
[23:09:24] [main/DEBUG]: Skipping Lnet/minecraft/client/ToggleKeyMapping;
[23:09:24] [main/DEBUG]: Skipping Lnet/minecraft/client/Screenshot;
[23:09:24] [main/DEBUG]: Skipping Lnet/minecraft/client/RecipeBookCategories;
[23:09:24] [main/DEBUG]: Skipping Lnet/minecraft/client/RecipeBookCategories$1;
[23:09:24] [main/DEBUG]: Transforming class Lnet/minecraft/client/Options;
[23:09:24] [main/DEBUG]: Transforming net/minecraft/client/Options INNERCLASS FieldAccess to access PUBLIC and LEAVE
[23:09:24] [main/DEBUG]: Transforming net/minecraft/client/Options FIELD f_92059_ to access PUBLIC and REMOVEFINAL
[23:09:24] [main/DEBUG]: Skipping Lnet/minecraft/client/Options$OptionAccess;
[23:09:24] [main/DEBUG]: Transforming class Lnet/minecraft/client/Options$FieldAccess;
[23:09:24] [main/DEBUG]: Transforming net/minecraft/client/Options$FieldAccess CLASS to access PUBLIC and LEAVE
[23:09:24] [main/DEBUG]: Skipping Lnet/minecraft/client/Options$5;
[23:09:24] [main/DEBUG]: Skipping Lnet/minecraft/client/Options$4;
[23:09:24] [main/DEBUG]: Skipping Lnet/minecraft/client/Options$3;
[23:09:24] [main/DEBUG]: Skipping Lnet/minecraft/client/Options$2;
[23:09:24] [main/DEBUG]: Skipping Lnet/minecraft/client/Options$1;
[23:09:24] [main/DEBUG]: Skipping Lnet/minecraft/client/MouseHandler;
[23:09:24] [main/DEBUG]: Transforming class Lnet/minecraft/client/Minecraft;
[23:09:24] [main/DEBUG]: Transforming net/minecraft/client/Minecraft FIELD f_90987_ to access PUBLIC and LEAVE
[23:09:24] [main/DEBUG]: Skipping Lnet/minecraft/client/Minecraft$GameLoadCookie;
[23:09:24] [main/DEBUG]: Skipping Lnet/minecraft/client/Minecraft$ChatStatus;
[23:09:24] [main/DEBUG]: Skipping Lnet/minecraft/client/Minecraft$ChatStatus$4;
[23:09:24] [main/DEBUG]: Skipping Lnet/minecraft/client/Minecraft$ChatStatus$3;
[23:09:24] [main/DEBUG]: Skipping Lnet/minecraft/client/Minecraft$ChatStatus$2;
[23:09:24] [main/DEBUG]: Skipping Lnet/minecraft/client/Minecraft$ChatStatus$1;
[23:09:24] [main/DEBUG]: Skipping Lnet/minecraft/client/Minecraft$1;
[23:09:24] [main/DEBUG]: Skipping Lnet/minecraft/client/KeyboardHandler;
[23:09:24] [main/DEBUG]: Skipping Lnet/minecraft/client/KeyboardHandler$1;
[23:09:24] [main/DEBUG]: Transforming class Lnet/minecraft/client/KeyMapping;
[23:09:24] [main/DEBUG]: Transforming net/minecraft/client/KeyMapping FIELD f_90817_ to access DEFAULT and LEAVE
[23:09:24] [main/DEBUG]: Skipping Lnet/minecraft/client/DeltaTracker;
[23:09:24] [main/DEBUG]: Skipping Lnet/minecraft/client/DeltaTracker$Timer;
[23:09:24] [main/DEBUG]: Skipping Lnet/minecraft/client/DeltaTracker$DefaultValue;
[23:09:24] [main/DEBUG]: Skipping Lnet/minecraft/client/ClientRecipeBook;
[23:09:24] [main/DEBUG]: Skipping Lnet/minecraft/client/ClientRecipeBook$1;
[23:09:24] [main/DEBUG]: Skipping Lnet/minecraft/client/ClientBrandRetriever;
[23:09:24] [main/DEBUG]: Skipping Lnet/minecraft/client/Camera;
[23:09:24] [main/DEBUG]: Skipping Lnet/minecraft/client/Camera$NearPlane;
[23:09:24] [main/DEBUG]: Skipping Lnet/minecraft/advancements/package-info;
[23:09:24] [main/DEBUG]: Skipping Lnet/minecraft/advancements/critereon/package-info;
[23:09:24] [main/DEBUG]: Skipping Lnet/minecraft/advancements/critereon/WrappedMinMaxBounds;
[23:09:24] [main/DEBUG]: Skipping Lnet/minecraft/advancements/critereon/UsingItemTrigger;
[23:09:24] [main/DEBUG]: Skipping Lnet/minecraft/advancements/critereon/UsingItemTrigger$TriggerInstance;
[23:09:24] [main/DEBUG]: Skipping Lnet/minecraft/advancements/critereon/UsedTotemTrigger;
[23:09:24] [main/DEBUG]: Skipping Lnet/minecraft/advancements/critereon/UsedTotemTrigger$TriggerInstance;
[23:09:24] [main/DEBUG]: Skipping Lnet/minecraft/advancements/critereon/UsedEnderEyeTrigger;
[23:09:24] [main/DEBUG]: Skipping Lnet/minecraft/advancements/critereon/UsedEnderEyeTrigger$TriggerInstance;
[23:09:24] [main/DEBUG]: Skipping Lnet/minecraft/advancements/critereon/TradeTrigger;
[23:09:24] [main/DEBUG]: Skipping Lnet/minecraft/advancements/critereon/TradeTrigger$TriggerInstance;
[23:09:24] [main/DEBUG]: Skipping Lnet/minecraft/advancements/critereon/TargetBlockTrigger;
[23:09:24] [main/DEBUG]: Skipping Lnet/minecraft/advancements/critereon/TargetBlockTrigger$TriggerInstance;
[23:09:24] [main/DEBUG]: Skipping Lnet/minecraft/advancements/critereon/TameAnimalTrigger;
[23:09:24] [main/DEBUG]: Skipping Lnet/minecraft/advancements/critereon/TameAnimalTrigger$TriggerInstance;
[23:09:24] [main/DEBUG]: Skipping Lnet/minecraft/advancements/critereon/TagPredicate;
[23:09:24] [main/DEBUG]: Skipping Lnet/minecraft/advancements/critereon/SummonedEntityTrigger;
[23:09:24] [main/DEBUG]: Skipping Lnet/minecraft/advancements/critereon/SummonedEntityTrigger$TriggerInstance;
[23:09:24] [main/DEBUG]: Skipping Lnet/minecraft/advancements/critereon/StatePropertiesPredicate;
[23:09:24] [main/DEBUG]: Skipping Lnet/minecraft/advancements/critereon/StatePropertiesPredicate$ValueMatcher;
[23:09:24] [main/DEBUG]: Skipping Lnet/minecraft/advancements/critereon/StatePropertiesPredicate$RangedMatcher;
[23:09:24] [main/DEBUG]: Skipping Lnet/minecraft/advancements/critereon/StatePropertiesPredicate$PropertyMatcher;
[23:09:24] [main/DEBUG]: Skipping Lnet/minecraft/advancements/critereon/StatePropertiesPredicate$ExactMatcher;
[23:09:24] [main/DEBUG]: Skipping Lnet/minecraft/advancements/critereon/StatePropertiesPredicate$Builder;
[23:09:24] [main/DEBUG]: Skipping Lnet/minecraft/advancements/critereon/StartRidingTrigger;
[23:09:24] [main/DEBUG]: Skipping Lnet/minecraft/advancements/critereon/StartRidingTrigger$TriggerInstance;
[23:09:24] [main/DEBUG]: Skipping Lnet/minecraft/advancements/critereon/SlotsPredicate;
[23:09:24] [main/DEBUG]: Skipping Lnet/minecraft/advancements/critereon/SlimePredicate;
[23:09:24] [main/DEBUG]: Skipping Lnet/minecraft/advancements/critereon/SlideDownBlockTrigger;
[23:09:24] [main/DEBUG]: Skipping Lnet/minecraft/advancements/critereon/SlideDownBlockTrigger$TriggerInstance;
[23:09:25] [main/DEBUG]: Skipping Lnet/minecraft/advancements/critereon/SingleComponentItemPredicate;
[23:09:25] [main/DEBUG]: Skipping Lnet/minecraft/advancements/critereon/SimpleCriterionTrigger;
[23:09:25] [main/DEBUG]: Skipping Lnet/minecraft/advancements/critereon/SimpleCriterionTrigger$SimpleInstance;
[23:09:25] [main/DEBUG]: Skipping Lnet/minecraft/advancements/critereon/ShotCrossbowTrigger;
[23:09:25] [main/DEBUG]: Skipping Lnet/minecraft/advancements/critereon/ShotCrossbowTrigger$TriggerInstance;
[23:09:25] [main/DEBUG]: Skipping Lnet/minecraft/advancements/critereon/RecipeUnlockedTrigger;
[23:09:25] [main/DEBUG]: Skipping Lnet/minecraft/advancements/critereon/RecipeUnlockedTrigger$TriggerInstance;
[23:09:25] [main/DEBUG]: Skipping Lnet/minecraft/advancements/critereon/RecipeCraftedTrigger;
[23:09:25] [main/DEBUG]: Skipping Lnet/minecraft/advancements/critereon/RecipeCraftedTrigger$TriggerInstance;
[23:09:25] [main/DEBUG]: Skipping Lnet/minecraft/advancements/critereon/RaiderPredicate;
[23:09:25] [main/DEBUG]: Skipping Lnet/minecraft/advancements/critereon/PlayerTrigger;
[23:09:25] [main/DEBUG]: Skipping Lnet/minecraft/advancements/critereon/PlayerTrigger$TriggerInstance;
[23:09:25] [main/DEBUG]: Skipping Lnet/minecraft/advancements/critereon/PlayerPredicate;
[23:09:25] [main/DEBUG]: Skipping Lnet/minecraft/advancements/critereon/PlayerPredicate$StatMatcher;
[23:09:25] [main/DEBUG]: Skipping Lnet/minecraft/advancements/critereon/PlayerPredicate$Builder;
[23:09:25] [main/DEBUG]: Skipping Lnet/minecraft/advancements/critereon/PlayerPredicate$AdvancementPredicate;
[23:09:25] [main/DEBUG]: Skipping Lnet/minecraft/advancements/critereon/PlayerPredicate$AdvancementDonePredicate;
[23:09:25] [main/DEBUG]: Skipping Lnet/minecraft/advancements/critereon/PlayerPredicate$AdvancementCriterionsPredicate;
[23:09:25] [main/DEBUG]: Skipping Lnet/minecraft/advancements/critereon/PlayerInteractTrigger;
[23:09:25] [main/DEBUG]: Skipping Lnet/minecraft/advancements/critereon/PlayerInteractTrigger$TriggerInstance;
[23:09:25] [main/DEBUG]: Skipping Lnet/minecraft/advancements/critereon/PlayerHurtEntityTrigger;
[23:09:25] [main/DEBUG]: Skipping Lnet/minecraft/advancements/critereon/PlayerHurtEntityTrigger$TriggerInstance;
[23:09:25] [main/DEBUG]: Skipping Lnet/minecraft/advancements/critereon/PickedUpItemTrigger;
[23:09:25] [main/DEBUG]: Skipping Lnet/minecraft/advancements/critereon/PickedUpItemTrigger$TriggerInstance;
[23:09:25] [main/DEBUG]: Skipping Lnet/minecraft/advancements/critereon/NbtPredicate;
[23:09:25] [main/DEBUG]: Skipping Lnet/minecraft/advancements/critereon/MovementPredicate;
[23:09:25] [main/DEBUG]: Skipping Lnet/minecraft/advancements/critereon/MobEffectsPredicate;
[23:09:25] [main/DEBUG]: Skipping Lnet/minecraft/advancements/critereon/MobEffectsPredicate$MobEffectInstancePredicate;
[23:09:25] [main/DEBUG]: Skipping Lnet/minecraft/advancements/critereon/MobEffectsPredicate$Builder;
[23:09:25] [main/DEBUG]: Skipping Lnet/minecraft/advancements/critereon/MinMaxBounds;
[23:09:25] [main/DEBUG]: Skipping Lnet/minecraft/advancements/critereon/MinMaxBounds$Ints;
[23:09:25] [main/DEBUG]: Skipping Lnet/minecraft/advancements/critereon/MinMaxBounds$Doubles;
[23:09:25] [main/DEBUG]: Skipping Lnet/minecraft/advancements/critereon/MinMaxBounds$BoundsFromReaderFactory;
[23:09:25] [main/DEBUG]: Skipping Lnet/minecraft/advancements/critereon/MinMaxBounds$BoundsFactory;
[23:09:25] [main/DEBUG]: Skipping Lnet/minecraft/advancements/critereon/LootTableTrigger;
[23:09:25] [main/DEBUG]: Skipping Lnet/minecraft/advancements/critereon/LootTableTrigger$TriggerInstance;
[23:09:25] [main/DEBUG]: Skipping Lnet/minecraft/advancements/critereon/LocationPredicate;
[23:09:25] [main/DEBUG]: Skipping Lnet/minecraft/advancements/critereon/LocationPredicate$PositionPredicate;
[23:09:25] [main/DEBUG]: Skipping Lnet/minecraft/advancements/critereon/LocationPredicate$Builder;
[23:09:25] [main/DEBUG]: Skipping Lnet/minecraft/advancements/critereon/LightningStrikeTrigger;
[23:09:25] [main/DEBUG]: Skipping Lnet/minecraft/advancements/critereon/LightningStrikeTrigger$TriggerInstance;
[23:09:25] [main/DEBUG]: Skipping Lnet/minecraft/advancements/critereon/LightningBoltPredicate;
[23:09:25] [main/DEBUG]: Skipping Lnet/minecraft/advancements/critereon/LightPredicate;
[23:09:25] [main/DEBUG]: Skipping Lnet/minecraft/advancements/critereon/LightPredicate$Builder;
[23:09:25] [main/DEBUG]: Skipping Lnet/minecraft/advancements/critereon/LevitationTrigger;
[23:09:25] [main/DEBUG]: Skipping Lnet/minecraft/advancements/critereon/LevitationTrigger$TriggerInstance;
[23:09:25] [main/DEBUG]: Skipping Lnet/minecraft/advancements/critereon/KilledTrigger;
[23:09:25] [main/DEBUG]: Skipping Lnet/minecraft/advancements/critereon/KilledTrigger$TriggerInstance;
[23:09:25] [main/DEBUG]: Skipping Lnet/minecraft/advancements/critereon/KilledByCrossbowTrigger;
[23:09:25] [main/DEBUG]: Skipping Lnet/minecraft/advancements/critereon/KilledByCrossbowTrigger$TriggerInstance;
[23:09:25] [main/DEBUG]: Skipping Lnet/minecraft/advancements/critereon/ItemWrittenBookPredicate;
[23:09:25] [main/DEBUG]: Skipping Lnet/minecraft/advancements/critereon/ItemWrittenBookPredicate$PagePredicate;
[23:09:25] [main/DEBUG]: Skipping Lnet/minecraft/advancements/critereon/ItemWritableBookPredicate;
[23:09:25] [main/DEBUG]: Skipping Lnet/minecraft/advancements/critereon/ItemWritableBookPredicate$PagePredicate;
[23:09:25] [main/DEBUG]: Skipping Lnet/minecraft/advancements/critereon/ItemUsedOnLocationTrigger;
[23:09:25] [main/DEBUG]: Skipping Lnet/minecraft/advancements/critereon/ItemUsedOnLocationTrigger$TriggerInstance;
[23:09:25] [main/DEBUG]: Skipping Lnet/minecraft/advancements/critereon/ItemTrimPredicate;
[23:09:25] [main/DEBUG]: Skipping Lnet/minecraft/advancements/critereon/ItemSubPredicates;
[23:09:25] [main/DEBUG]: Skipping Lnet/minecraft/advancements/critereon/ItemSubPredicate;
[23:09:25] [main/DEBUG]: Skipping Lnet/minecraft/advancements/critereon/ItemSubPredicate$Type;
[23:09:25] [main/DEBUG]: Skipping Lnet/minecraft/advancements/critereon/ItemPredicate;
[23:09:25] [main/DEBUG]: Skipping Lnet/minecraft/advancements/critereon/ItemPredicate$Builder;
[23:09:25] [main/DEBUG]: Skipping Lnet/minecraft/advancements/critereon/ItemPotionsPredicate;
[23:09:25] [main/DEBUG]: Skipping Lnet/minecraft/advancements/critereon/ItemJukeboxPlayablePredicate;
[23:09:25] [main/DEBUG]: Skipping Lnet/minecraft/advancements/critereon/ItemFireworksPredicate;
[23:09:25] [main/DEBUG]: Skipping Lnet/minecraft/advancements/critereon/ItemFireworkExplosionPredicate;
[23:09:25] [main/DEBUG]: Skipping Lnet/minecraft/advancements/critereon/ItemFireworkExplosionPredicate$FireworkPredicate;
[23:09:25] [main/DEBUG]: Skipping Lnet/minecraft/advancements/critereon/ItemEnchantmentsPredicate;
[23:09:25] [main/DEBUG]: Skipping Lnet/minecraft/advancements/critereon/ItemEnchantmentsPredicate$StoredEnchantments;
[23:09:25] [main/DEBUG]: Skipping Lnet/minecraft/advancements/critereon/ItemEnchantmentsPredicate$Enchantments;
[23:09:25] [main/DEBUG]: Skipping Lnet/minecraft/advancements/critereon/ItemDurabilityTrigger;
[23:09:25] [main/DEBUG]: Skipping Lnet/minecraft/advancements/critereon/ItemDurabilityTrigger$TriggerInstance;
[23:09:25] [main/DEBUG]: Skipping Lnet/minecraft/advancements/critereon/ItemDamagePredicate;
[23:09:25] [main/DEBUG]: Skipping Lnet/minecraft/advancements/critereon/ItemCustomDataPredicate;
[23:09:25] [main/DEBUG]: Skipping Lnet/minecraft/advancements/critereon/ItemContainerPredicate;
[23:09:25] [main/DEBUG]: Skipping Lnet/minecraft/advancements/critereon/ItemBundlePredicate;
[23:09:25] [main/DEBUG]: Skipping Lnet/minecraft/advancements/critereon/ItemAttributeModifiersPredicate;
[23:09:25] [main/DEBUG]: Skipping Lnet/minecraft/advancements/critereon/ItemAttributeModifiersPredicate$EntryPredicate;
[23:09:25] [main/DEBUG]: Skipping Lnet/minecraft/advancements/critereon/InventoryChangeTrigger;
[23:09:25] [main/DEBUG]: Skipping Lnet/minecraft/advancements/critereon/InventoryChangeTrigger$TriggerInstance;
[23:09:25] [main/DEBUG]: Skipping Lnet/minecraft/advancements/critereon/InventoryChangeTrigger$TriggerInstance$Slots;
[23:09:25] [main/DEBUG]: Skipping Lnet/minecraft/advancements/critereon/ImpossibleTrigger;
[23:09:25] [main/DEBUG]: Skipping Lnet/minecraft/advancements/critereon/ImpossibleTrigger$TriggerInstance;
[23:09:25] [main/DEBUG]: Skipping Lnet/minecraft/advancements/critereon/GameTypePredicate;
[23:09:25] [main/DEBUG]: Skipping Lnet/minecraft/advancements/critereon/FluidPredicate;
[23:09:25] [main/DEBUG]: Skipping Lnet/minecraft/advancements/critereon/FluidPredicate$Builder;
[23:09:25] [main/DEBUG]: Skipping Lnet/minecraft/advancements/critereon/FishingRodHookedTrigger;
[23:09:25] [main/DEBUG]: Skipping Lnet/minecraft/advancements/critereon/FishingRodHookedTrigger$TriggerInstance;
[23:09:25] [main/DEBUG]: Skipping Lnet/minecraft/advancements/critereon/FishingHookPredicate;
[23:09:25] [main/DEBUG]: Skipping Lnet/minecraft/advancements/critereon/FilledBucketTrigger;
[23:09:25] [main/DEBUG]: Skipping Lnet/minecraft/advancements/critereon/FilledBucketTrigger$TriggerInstance;
[23:09:25] [main/DEBUG]: Skipping Lnet/minecraft/advancements/critereon/FallAfterExplosionTrigger;
[23:09:25] [main/DEBUG]: Skipping Lnet/minecraft/advancements/critereon/FallAfterExplosionTrigger$TriggerInstance;
[23:09:25] [main/DEBUG]: Skipping Lnet/minecraft/advancements/critereon/EntityTypePredicate;
[23:09:25] [main/DEBUG]: Skipping Lnet/minecraft/advancements/critereon/EntitySubPredicates;
[23:09:25] [main/DEBUG]: Skipping Lnet/minecraft/advancements/critereon/EntitySubPredicates$EntityVariantPredicateType;
[23:09:25] [main/DEBUG]: Skipping Lnet/minecraft/advancements/critereon/EntitySubPredicates$EntityVariantPredicateType$Instance;
[23:09:25] [main/DEBUG]: Skipping Lnet/minecraft/advancements/critereon/EntitySubPredicates$EntityHolderVariantPredicateType;
[23:09:25] [main/DEBUG]: Skipping Lnet/minecraft/advancements/critereon/EntitySubPredicates$EntityHolderVariantPredicateType$Instance;
[23:09:25] [main/DEBUG]: Skipping Lnet/minecraft/advancements/critereon/EntitySubPredicate;
[23:09:25] [main/DEBUG]: Skipping Lnet/minecraft/advancements/critereon/EntityPredicate;
[23:09:25] [main/DEBUG]: Skipping Lnet/minecraft/advancements/critereon/EntityPredicate$LocationWrapper;
[23:09:25] [main/DEBUG]: Skipping Lnet/minecraft/advancements/critereon/EntityPredicate$Builder;
[23:09:25] [main/DEBUG]: Skipping Lnet/minecraft/advancements/critereon/EntityHurtPlayerTrigger;
[23:09:25] [main/DEBUG]: Skipping Lnet/minecraft/advancements/critereon/EntityHurtPlayerTrigger$TriggerInstance;
[23:09:25] [main/DEBUG]: Skipping Lnet/minecraft/advancements/critereon/EntityFlagsPredicate;
[23:09:25] [main/DEBUG]: Skipping Lnet/minecraft/advancements/critereon/EntityFlagsPredicate$Builder;
[23:09:25] [main/DEBUG]: Skipping Lnet/minecraft/advancements/critereon/EntityEquipmentPredicate;
[23:09:25] [main/DEBUG]: Skipping Lnet/minecraft/advancements/critereon/EntityEquipmentPredicate$Builder;
[23:09:25] [main/DEBUG]: Skipping Lnet/minecraft/advancements/critereon/EnterBlockTrigger;
[23:09:25] [main/DEBUG]: Skipping Lnet/minecraft/advancements/critereon/EnterBlockTrigger$TriggerInstance;
[23:09:25] [main/DEBUG]: Skipping Lnet/minecraft/advancements/critereon/EnchantmentPredicate;
[23:09:25] [main/DEBUG]: Skipping Lnet/minecraft/advancements/critereon/EnchantedItemTrigger;
[23:09:25] [main/DEBUG]: Skipping Lnet/minecraft/advancements/critereon/EnchantedItemTrigger$TriggerInstance;
[23:09:25] [main/DEBUG]: Skipping Lnet/minecraft/advancements/critereon/EffectsChangedTrigger;
[23:09:25] [main/DEBUG]: Skipping Lnet/minecraft/advancements/critereon/EffectsChangedTrigger$TriggerInstance;
[23:09:25] [main/DEBUG]: Skipping Lnet/minecraft/advancements/critereon/DistanceTrigger;
[23:09:25] [main/DEBUG]: Skipping Lnet/minecraft/advancements/critereon/DistanceTrigger$TriggerInstance;
[23:09:25] [main/DEBUG]: Skipping Lnet/minecraft/advancements/critereon/DistancePredicate;
[23:09:25] [main/DEBUG]: Skipping Lnet/minecraft/advancements/critereon/DefaultBlockInteractionTrigger;
[23:09:25] [main/DEBUG]: Skipping Lnet/minecraft/advancements/critereon/DefaultBlockInteractionTrigger$TriggerInstance;
[23:09:25] [main/DEBUG]: Skipping Lnet/minecraft/advancements/critereon/DamageSourcePredicate;
[23:09:25] [main/DEBUG]: Skipping Lnet/minecraft/advancements/critereon/DamageSourcePredicate$Builder;
[23:09:25] [main/DEBUG]: Skipping Lnet/minecraft/advancements/critereon/DamagePredicate;
[23:09:25] [main/DEBUG]: Skipping Lnet/minecraft/advancements/critereon/DamagePredicate$Builder;
[23:09:25] [main/DEBUG]: Skipping Lnet/minecraft/advancements/critereon/CuredZombieVillagerTrigger;
[23:09:25] [main/DEBUG]: Skipping Lnet/minecraft/advancements/critereon/CuredZombieVillagerTrigger$TriggerInstance;
[23:09:25] [main/DEBUG]: Skipping Lnet/minecraft/advancements/critereon/CriterionValidator;
[23:09:25] [main/DEBUG]: Skipping Lnet/minecraft/advancements/critereon/ContextAwarePredicate;
[23:09:25] [main/DEBUG]: Skipping Lnet/minecraft/advancements/critereon/ConsumeItemTrigger;
[23:09:25] [main/DEBUG]: Skipping Lnet/minecraft/advancements/critereon/ConsumeItemTrigger$TriggerInstance;
[23:09:25] [main/DEBUG]: Skipping Lnet/minecraft/advancements/critereon/ConstructBeaconTrigger;
[23:09:25] [main/DEBUG]: Skipping Lnet/minecraft/advancements/critereon/ConstructBeaconTrigger$TriggerInstance;
[23:09:25] [main/DEBUG]: Skipping Lnet/minecraft/advancements/critereon/CollectionPredicate;
[23:09:25] [main/DEBUG]: Skipping Lnet/minecraft/advancements/critereon/CollectionCountsPredicate;
[23:09:25] [main/DEBUG]: Skipping Lnet/minecraft/advancements/critereon/CollectionCountsPredicate$Zero;
[23:09:25] [main/DEBUG]: Skipping Lnet/minecraft/advancements/critereon/CollectionCountsPredicate$Single;
[23:09:25] [main/DEBUG]: Skipping Lnet/minecraft/advancements/critereon/CollectionCountsPredicate$Multiple;
[23:09:25] [main/DEBUG]: Skipping Lnet/minecraft/advancements/critereon/CollectionCountsPredicate$Entry;
[23:09:25] [main/DEBUG]: Skipping Lnet/minecraft/advancements/critereon/CollectionContentsPredicate;
[23:09:25] [main/DEBUG]: Skipping Lnet/minecraft/advancements/critereon/CollectionContentsPredicate$Zero;
[23:09:25] [main/DEBUG]: Skipping Lnet/minecraft/advancements/critereon/CollectionContentsPredicate$Single;
[23:09:25] [main/DEBUG]: Skipping Lnet/minecraft/advancements/critereon/CollectionContentsPredicate$Multiple;
[23:09:25] [main/DEBUG]: Skipping Lnet/minecraft/advancements/critereon/ChanneledLightningTrigger;
[23:09:25] [main/DEBUG]: Skipping Lnet/minecraft/advancements/critereon/ChanneledLightningTrigger$TriggerInstance;
[23:09:25] [main/DEBUG]: Skipping Lnet/minecraft/advancements/critereon/ChangeDimensionTrigger;
[23:09:25] [main/DEBUG]: Skipping Lnet/minecraft/advancements/critereon/ChangeDimensionTrigger$TriggerInstance;
[23:09:25] [main/DEBUG]: Skipping Lnet/minecraft/advancements/critereon/BrewedPotionTrigger;
[23:09:25] [main/DEBUG]: Skipping Lnet/minecraft/advancements/critereon/BrewedPotionTrigger$TriggerInstance;
[23:09:25] [main/DEBUG]: Skipping Lnet/minecraft/advancements/critereon/BredAnimalsTrigger;
[23:09:25] [main/DEBUG]: Skipping Lnet/minecraft/advancements/critereon/BredAnimalsTrigger$TriggerInstance;
[23:09:25] [main/DEBUG]: Skipping Lnet/minecraft/advancements/critereon/BlockPredicate;
[23:09:25] [main/DEBUG]: Skipping Lnet/minecraft/advancements/critereon/BlockPredicate$Builder;
[23:09:25] [main/DEBUG]: Skipping Lnet/minecraft/advancements/critereon/BeeNestDestroyedTrigger;
[23:09:25] [main/DEBUG]: Skipping Lnet/minecraft/advancements/critereon/BeeNestDestroyedTrigger$TriggerInstance;
[23:09:25] [main/DEBUG]: Skipping Lnet/minecraft/advancements/critereon/AnyBlockInteractionTrigger;
[23:09:25] [main/DEBUG]: Skipping Lnet/minecraft/advancements/critereon/AnyBlockInteractionTrigger$TriggerInstance;
[23:09:25] [main/DEBUG]: Skipping Lnet/minecraft/advancements/TreeNodePosition;
[23:09:25] [main/DEBUG]: Skipping Lnet/minecraft/advancements/DisplayInfo;
[23:09:25] [main/DEBUG]: Skipping Lnet/minecraft/advancements/CriterionTriggerInstance;
[23:09:25] [main/DEBUG]: Skipping Lnet/minecraft/advancements/CriterionTrigger;
[23:09:25] [main/DEBUG]: Skipping Lnet/minecraft/advancements/CriterionTrigger$Listener;
[23:09:25] [main/DEBUG]: Skipping Lnet/minecraft/advancements/CriterionProgress;
[23:09:25] [main/DEBUG]: Skipping Lnet/minecraft/advancements/Criterion;
[23:09:25] [main/DEBUG]: Transforming class Lnet/minecraft/advancements/CriteriaTriggers;
[23:09:25] [main/DEBUG]: Transforming net/minecraft/advancements/CriteriaTriggers METHOD m_10595_(Ljava/lang/String;Lnet/minecraft/advancements/CriterionTrigger;)Lnet/minecraft/advancements/CriterionTrigger; to access PUBLIC and LEAVE
[23:09:25] [main/DEBUG]: Skipping Lnet/minecraft/advancements/AdvancementType;
[23:09:25] [main/DEBUG]: Skipping Lnet/minecraft/advancements/AdvancementTree;
[23:09:25] [main/DEBUG]: Skipping Lnet/minecraft/advancements/AdvancementTree$Listener;
[23:09:25] [main/DEBUG]: Skipping Lnet/minecraft/advancements/AdvancementRequirements;
[23:09:25] [main/DEBUG]: Skipping Lnet/minecraft/advancements/AdvancementRequirements$Strategy;
[23:09:25] [main/DEBUG]: Skipping Lnet/minecraft/advancements/AdvancementProgress;
[23:09:25] [main/DEBUG]: Skipping Lnet/minecraft/advancements/AdvancementNode;
[23:09:25] [main/DEBUG]: Skipping Lnet/minecraft/advancements/AdvancementHolder;
[23:09:25] [main/DEBUG]: Skipping Lnet/minecraft/advancements/AdvancementRewards;
[23:09:25] [main/DEBUG]: Skipping Lnet/minecraft/advancements/AdvancementRewards$Builder;
[23:09:25] [main/DEBUG]: Skipping Lnet/minecraft/advancements/Advancement;
[23:09:25] [main/DEBUG]: Skipping Lnet/minecraft/advancements/Advancement$Builder;
[23:09:25] [main/DEBUG]: Skipping Lnet/minecraft/WorldVersion;
[23:09:25] [main/DEBUG]: Skipping Lnet/minecraft/Util$11;
[23:09:25] [main/DEBUG]: Skipping Lnet/minecraft/Util$10;
[23:09:25] [main/DEBUG]: Skipping Lnet/minecraft/SystemReport;
[23:09:25] [main/DEBUG]: Skipping Lnet/minecraft/ResourceLocationException;
[23:09:25] [main/DEBUG]: Skipping Lnet/minecraft/ReportedException;
[23:09:25] [main/DEBUG]: Skipping Lnet/minecraft/ReportType;
[23:09:25] [main/DEBUG]: Skipping Lnet/minecraft/Optionull;
[23:09:25] [main/DEBUG]: Skipping Lnet/minecraft/MethodsReturnNonnullByDefault;
[23:09:25] [main/DEBUG]: Skipping Lnet/minecraft/FileUtil;
[23:09:25] [main/DEBUG]: Skipping Lnet/minecraft/FieldsAreNonnullByDefault;
[23:09:25] [main/DEBUG]: Skipping Lnet/minecraft/DetectedVersion;
[23:09:25] [main/DEBUG]: Skipping Lnet/minecraft/DefaultUncaughtExceptionHandlerWithName;
[23:09:25] [main/DEBUG]: Skipping Lnet/minecraft/DefaultUncaughtExceptionHandler;
[23:09:25] [main/DEBUG]: Skipping Lnet/minecraft/CrashReportDetail;
[23:09:25] [main/DEBUG]: Skipping Lnet/minecraft/ChatFormatting;
[23:09:25] [main/DEBUG]: Skipping Lnet/minecraft/CharPredicate;
[23:09:25] [main/DEBUG]: Skipping Lnet/minecraft/BlockUtil;
[23:09:25] [main/DEBUG]: Skipping Lnet/minecraft/BlockUtil$IntBounds;
[23:09:25] [main/DEBUG]: Skipping Lnet/minecraft/BlockUtil$FoundRectangle;
[23:09:25] [main/DEBUG]: Skipping Lnet/minecraft/Util$4;
[23:09:25] [main/DEBUG]: Skipping Lnet/minecraft/Util$3;
[23:09:25] [main/DEBUG]: Skipping Lnet/minecraft/Util;
[23:09:25] [main/DEBUG]: Skipping Lnet/minecraft/Util$OS;
[23:09:25] [main/DEBUG]: Skipping Lnet/minecraft/Util$OS$2;
[23:09:25] [main/DEBUG]: Skipping Lnet/minecraft/Util$OS$1;
[23:09:25] [main/DEBUG]: Skipping Lnet/minecraft/Util$9;
[23:09:25] [main/DEBUG]: Skipping Lnet/minecraft/Util$8;
[23:09:25] [main/DEBUG]: Skipping Lnet/minecraft/Util$7;
[23:09:25] [main/DEBUG]: Skipping Lnet/minecraft/Util$6;
[23:09:25] [main/DEBUG]: Skipping Lnet/minecraft/Util$5;
[23:09:25] [main/DEBUG]: Skipping Lnet/minecraft/Util$2;
[23:09:25] [main/DEBUG]: Skipping Lnet/minecraft/Util$1;
[23:09:25] [main/DEBUG]: Skipping Lnet/minecraft/SharedConstants;
[23:09:25] [main/DEBUG]: Skipping Lnet/minecraft/CrashReportCategory;
[23:09:25] [main/DEBUG]: Skipping Lnet/minecraft/CrashReportCategory$Entry;
[23:09:25] [main/DEBUG]: Skipping Lnet/minecraft/CrashReport;
[23:09:25] [main/DEBUG]: Skipping Lcom/mojang/realmsclient/util/task/package-info;
[23:09:25] [main/DEBUG]: Skipping Lcom/mojang/realmsclient/util/task/SwitchSlotTask;
[23:09:25] [main/DEBUG]: Skipping Lcom/mojang/realmsclient/util/task/SwitchMinigameTask;
[23:09:25] [main/DEBUG]: Skipping Lcom/mojang/realmsclient/util/task/RestoreTask;
[23:09:25] [main/DEBUG]: Skipping Lcom/mojang/realmsclient/util/task/ResettingWorldTask;
[23:09:25] [main/DEBUG]: Skipping Lcom/mojang/realmsclient/util/task/ResettingTemplateWorldTask;
[23:09:25] [main/DEBUG]: Skipping Lcom/mojang/realmsclient/util/task/ResettingGeneratedWorldTask;
[23:09:25] [main/DEBUG]: Skipping Lcom/mojang/realmsclient/util/task/RealmCreationTask;
[23:09:25] [main/DEBUG]: Skipping Lcom/mojang/realmsclient/util/task/OpenServerTask;
[23:09:25] [main/DEBUG]: Skipping Lcom/mojang/realmsclient/util/task/LongRunningTask;
[23:09:25] [main/DEBUG]: Skipping Lcom/mojang/realmsclient/util/task/GetServerDetailsTask;
[23:09:25] [main/DEBUG]: Skipping Lcom/mojang/realmsclient/util/task/DownloadTask;
[23:09:25] [main/DEBUG]: Skipping Lcom/mojang/realmsclient/util/task/CreateSnapshotRealmTask;
[23:09:25] [main/DEBUG]: Skipping Lcom/mojang/realmsclient/util/task/ConnectTask;
[23:09:25] [main/DEBUG]: Skipping Lcom/mojang/realmsclient/util/task/CloseServerTask;
[23:09:25] [main/DEBUG]: Skipping Lcom/mojang/realmsclient/util/package-info;
[23:09:25] [main/DEBUG]: Skipping Lcom/mojang/realmsclient/util/WorldGenerationInfo;
[23:09:25] [main/DEBUG]: Skipping Lcom/mojang/realmsclient/util/UploadTokenCache;
[23:09:25] [main/DEBUG]: Skipping Lcom/mojang/realmsclient/util/TextRenderingUtils;
[23:09:25] [main/DEBUG]: Skipping Lcom/mojang/realmsclient/util/TextRenderingUtils$LineSegment;
[23:09:25] [main/DEBUG]: Skipping Lcom/mojang/realmsclient/util/TextRenderingUtils$Line;
[23:09:25] [main/DEBUG]: Skipping Lcom/mojang/realmsclient/util/RealmsUtil;
[23:09:25] [main/DEBUG]: Skipping Lcom/mojang/realmsclient/util/RealmsTextureManager;
[23:09:25] [main/DEBUG]: Skipping Lcom/mojang/realmsclient/util/RealmsTextureManager$RealmsTexture;
[23:09:25] [main/DEBUG]: Skipping Lcom/mojang/realmsclient/util/RealmsPersistence;
[23:09:25] [main/DEBUG]: Skipping Lcom/mojang/realmsclient/util/RealmsPersistence$RealmsPersistenceData;
[23:09:25] [main/DEBUG]: Skipping Lcom/mojang/realmsclient/util/LevelType;
[23:09:25] [main/DEBUG]: Skipping Lcom/mojang/realmsclient/util/JsonUtils;
[23:09:25] [main/DEBUG]: Skipping Lcom/mojang/realmsclient/package-info;
[23:09:25] [main/DEBUG]: Skipping Lcom/mojang/realmsclient/gui/task/package-info;
[23:09:25] [main/DEBUG]: Skipping Lcom/mojang/realmsclient/gui/task/RepeatedDelayStrategy;
[23:09:25] [main/DEBUG]: Skipping Lcom/mojang/realmsclient/gui/task/RepeatedDelayStrategy$2;
[23:09:25] [main/DEBUG]: Skipping Lcom/mojang/realmsclient/gui/task/RepeatedDelayStrategy$1;
[23:09:25] [main/DEBUG]: Skipping Lcom/mojang/realmsclient/gui/task/DataFetcher;
[23:09:25] [main/DEBUG]: Skipping Lcom/mojang/realmsclient/gui/task/DataFetcher$Task;
[23:09:25] [main/DEBUG]: Skipping Lcom/mojang/realmsclient/gui/task/DataFetcher$SuccessfulComputationResult;
[23:09:25] [main/DEBUG]: Skipping Lcom/mojang/realmsclient/gui/task/DataFetcher$Subscription;
[23:09:25] [main/DEBUG]: Skipping Lcom/mojang/realmsclient/gui/task/DataFetcher$SubscribedTask;
[23:09:25] [main/DEBUG]: Skipping Lcom/mojang/realmsclient/gui/task/DataFetcher$ComputationResult;
[23:09:25] [main/DEBUG]: Skipping Lcom/mojang/realmsclient/gui/screens/package-info;
[23:09:25] [main/DEBUG]: Skipping Lcom/mojang/realmsclient/gui/screens/UploadResult;
[23:09:25] [main/DEBUG]: Skipping Lcom/mojang/realmsclient/gui/screens/UploadResult$Builder;
[23:09:25] [main/DEBUG]: Skipping Lcom/mojang/realmsclient/gui/screens/RealmsUploadScreen;
[23:09:25] [main/DEBUG]: Skipping Lcom/mojang/realmsclient/gui/screens/RealmsTermsScreen;
[23:09:25] [main/DEBUG]: Skipping Lcom/mojang/realmsclient/gui/screens/RealmsSubscriptionInfoScreen;
[23:09:25] [main/DEBUG]: Skipping Lcom/mojang/realmsclient/gui/screens/RealmsSubscriptionInfoScreen$1;
[23:09:25] [main/DEBUG]: Skipping Lcom/mojang/realmsclient/gui/screens/RealmsSlotOptionsScreen;
[23:09:25] [main/DEBUG]: Skipping Lcom/mojang/realmsclient/gui/screens/RealmsSlotOptionsScreen$SettingsSlider;
[23:09:25] [main/DEBUG]: Skipping Lcom/mojang/realmsclient/gui/screens/RealmsSettingsScreen;
[23:09:25] [main/DEBUG]: Skipping Lcom/mojang/realmsclient/gui/screens/RealmsSelectWorldTemplateScreen;
[23:09:25] [main/DEBUG]: Skipping Lcom/mojang/realmsclient/gui/screens/RealmsSelectWorldTemplateScreen$WorldTemplateList;
[23:09:25] [main/DEBUG]: Skipping Lcom/mojang/realmsclient/gui/screens/RealmsSelectWorldTemplateScreen$Entry;
[23:09:25] [main/DEBUG]: Skipping Lcom/mojang/realmsclient/gui/screens/RealmsSelectWorldTemplateScreen$1;
[23:09:25] [main/DEBUG]: Skipping Lcom/mojang/realmsclient/gui/screens/RealmsSelectFileToUploadScreen;
[23:09:25] [main/DEBUG]: Skipping Lcom/mojang/realmsclient/gui/screens/RealmsSelectFileToUploadScreen$WorldSelectionList;
[23:09:25] [main/DEBUG]: Skipping Lcom/mojang/realmsclient/gui/screens/RealmsSelectFileToUploadScreen$Entry;
[23:09:25] [main/DEBUG]: Skipping Lcom/mojang/realmsclient/gui/screens/RealmsResetWorldScreen;
[23:09:25] [main/DEBUG]: Skipping Lcom/mojang/realmsclient/gui/screens/RealmsResetWorldScreen$FrameButton;
[23:09:25] [main/DEBUG]: Skipping Lcom/mojang/realmsclient/gui/screens/RealmsResetWorldScreen$1;
[23:09:25] [main/DEBUG]: Skipping Lcom/mojang/realmsclient/gui/screens/RealmsResetNormalWorldScreen;
[23:09:25] [main/DEBUG]: Skipping Lcom/mojang/realmsclient/gui/screens/RealmsPopups;
[23:09:25] [main/DEBUG]: Skipping Lcom/mojang/realmsclient/gui/screens/RealmsPlayerScreen;
[23:09:25] [main/DEBUG]: Skipping Lcom/mojang/realmsclient/gui/screens/RealmsPlayerScreen$InvitedObjectSelectionList;
[23:09:25] [main/DEBUG]: Skipping Lcom/mojang/realmsclient/gui/screens/RealmsPlayerScreen$Entry;
[23:09:25] [main/DEBUG]: Skipping Lcom/mojang/realmsclient/gui/screens/RealmsPendingInvitesScreen;
[23:09:25] [main/DEBUG]: Skipping Lcom/mojang/realmsclient/gui/screens/RealmsPendingInvitesScreen$PendingInvitationSelectionList;
[23:09:25] [main/DEBUG]: Skipping Lcom/mojang/realmsclient/gui/screens/RealmsPendingInvitesScreen$Entry;
[23:09:25] [main/DEBUG]: Skipping Lcom/mojang/realmsclient/gui/screens/RealmsPendingInvitesScreen$Entry$RejectRowButton;
[23:09:25] [main/DEBUG]: Skipping Lcom/mojang/realmsclient/gui/screens/RealmsPendingInvitesScreen$Entry$AcceptRowButton;
[23:09:25] [main/DEBUG]: Skipping Lcom/mojang/realmsclient/gui/screens/RealmsParentalConsentScreen;
[23:09:25] [main/DEBUG]: Skipping Lcom/mojang/realmsclient/gui/screens/RealmsNotificationsScreen;
[23:09:25] [main/DEBUG]: Skipping Lcom/mojang/realmsclient/gui/screens/RealmsNotificationsScreen$DataFetcherConfiguration;
[23:09:25] [main/DEBUG]: Skipping Lcom/mojang/realmsclient/gui/screens/RealmsNotificationsScreen$2;
[23:09:25] [main/DEBUG]: Skipping Lcom/mojang/realmsclient/gui/screens/RealmsNotificationsScreen$1;
[23:09:25] [main/DEBUG]: Skipping Lcom/mojang/realmsclient/gui/screens/RealmsLongRunningMcoTickTaskScreen;
[23:09:25] [main/DEBUG]: Skipping Lcom/mojang/realmsclient/gui/screens/RealmsLongRunningMcoTaskScreen;
[23:09:25] [main/DEBUG]: Skipping Lcom/mojang/realmsclient/gui/screens/RealmsInviteScreen;
[23:09:25] [main/DEBUG]: Skipping Lcom/mojang/realmsclient/gui/screens/RealmsDownloadLatestWorldScreen;
[23:09:25] [main/DEBUG]: Skipping Lcom/mojang/realmsclient/gui/screens/RealmsDownloadLatestWorldScreen$DownloadStatus;
[23:09:25] [main/DEBUG]: Skipping Lcom/mojang/realmsclient/gui/screens/RealmsCreateRealmScreen;
[23:09:25] [main/DEBUG]: Skipping Lcom/mojang/realmsclient/gui/screens/RealmsConfirmScreen;
[23:09:25] [main/DEBUG]: Skipping Lcom/mojang/realmsclient/gui/screens/RealmsConfigureWorldScreen;
[23:09:25] [main/DEBUG]: Skipping Lcom/mojang/realmsclient/gui/screens/RealmsConfigureWorldScreen$1;
[23:09:25] [main/DEBUG]: Skipping Lcom/mojang/realmsclient/gui/screens/RealmsClientOutdatedScreen;
[23:09:25] [main/DEBUG]: Skipping Lcom/mojang/realmsclient/gui/screens/RealmsBrokenWorldScreen;
[23:09:25] [main/DEBUG]: Skipping Lcom/mojang/realmsclient/gui/screens/RealmsBackupScreen;
[23:09:25] [main/DEBUG]: Skipping Lcom/mojang/realmsclient/gui/screens/RealmsBackupScreen$Entry;
[23:09:25] [main/DEBUG]: Skipping Lcom/mojang/realmsclient/gui/screens/RealmsBackupScreen$BackupObjectSelectionList;
[23:09:25] [main/DEBUG]: Skipping Lcom/mojang/realmsclient/gui/screens/RealmsBackupScreen$1;
[23:09:25] [main/DEBUG]: Skipping Lcom/mojang/realmsclient/gui/screens/RealmsBackupInfoScreen;
[23:09:25] [main/DEBUG]: Skipping Lcom/mojang/realmsclient/gui/screens/RealmsBackupInfoScreen$BackupInfoListEntry;
[23:09:25] [main/DEBUG]: Skipping Lcom/mojang/realmsclient/gui/screens/RealmsBackupInfoScreen$BackupInfoList;
[23:09:25] [main/DEBUG]: Skipping Lcom/mojang/realmsclient/gui/screens/AddRealmPopupScreen;
[23:09:25] [main/DEBUG]: Skipping Lcom/mojang/realmsclient/gui/screens/RealmsGenericErrorScreen;
[23:09:25] [main/DEBUG]: Skipping Lcom/mojang/realmsclient/gui/screens/RealmsGenericErrorScreen$ErrorMessage;
[23:09:25] [main/DEBUG]: Skipping Lcom/mojang/realmsclient/gui/package-info;
[23:09:25] [main/DEBUG]: Skipping Lcom/mojang/realmsclient/gui/RowButton;
[23:09:25] [main/DEBUG]: Skipping Lcom/mojang/realmsclient/gui/RealmsWorldSlotButton;
[23:09:25] [main/DEBUG]: Skipping Lcom/mojang/realmsclient/gui/RealmsWorldSlotButton$State;
[23:09:25] [main/DEBUG]: Skipping Lcom/mojang/realmsclient/gui/RealmsWorldSlotButton$Action;
[23:09:25] [main/DEBUG]: Skipping Lcom/mojang/realmsclient/gui/RealmsServerList;
[23:09:25] [main/DEBUG]: Skipping Lcom/mojang/realmsclient/gui/RealmsNewsManager;
[23:09:25] [main/DEBUG]: Skipping Lcom/mojang/realmsclient/gui/RealmsDataFetcher;
[23:09:25] [main/DEBUG]: Skipping Lcom/mojang/realmsclient/gui/RealmsDataFetcher$ServerListData;
[23:09:25] [main/DEBUG]: Skipping Lcom/mojang/realmsclient/exception/package-info;
[23:09:25] [main/DEBUG]: Skipping Lcom/mojang/realmsclient/exception/RetryCallException;
[23:09:25] [main/DEBUG]: Skipping Lcom/mojang/realmsclient/exception/RealmsServiceException;
[23:09:25] [main/DEBUG]: Skipping Lcom/mojang/realmsclient/exception/RealmsHttpException;
[23:09:25] [main/DEBUG]: Skipping Lcom/mojang/realmsclient/exception/RealmsDefaultUncaughtExceptionHandler;
[23:09:25] [main/DEBUG]: Skipping Lcom/mojang/realmsclient/dto/package-info;
[23:09:25] [main/DEBUG]: Skipping Lcom/mojang/realmsclient/dto/WorldTemplatePaginatedList;
[23:09:25] [main/DEBUG]: Skipping Lcom/mojang/realmsclient/dto/WorldTemplate;
[23:09:25] [main/DEBUG]: Skipping Lcom/mojang/realmsclient/dto/WorldTemplate$WorldTemplateType;
[23:09:25] [main/DEBUG]: Skipping Lcom/mojang/realmsclient/dto/WorldDownload;
[23:09:25] [main/DEBUG]: Skipping Lcom/mojang/realmsclient/dto/ValueObject;
[23:09:25] [main/DEBUG]: Skipping Lcom/mojang/realmsclient/dto/UploadInfo;
[23:09:25] [main/DEBUG]: Skipping Lcom/mojang/realmsclient/dto/Subscription;
[23:09:25] [main/DEBUG]: Skipping Lcom/mojang/realmsclient/dto/Subscription$SubscriptionType;
[23:09:25] [main/DEBUG]: Skipping Lcom/mojang/realmsclient/dto/ServerActivityList;
[23:09:25] [main/DEBUG]: Skipping Lcom/mojang/realmsclient/dto/ServerActivity;
[23:09:25] [main/DEBUG]: Skipping Lcom/mojang/realmsclient/dto/RegionPingResult;
[23:09:25] [main/DEBUG]: Skipping Lcom/mojang/realmsclient/dto/ReflectionBasedSerialization;
[23:09:25] [main/DEBUG]: Skipping Lcom/mojang/realmsclient/dto/RealmsWorldResetDto;
[23:09:25] [main/DEBUG]: Skipping Lcom/mojang/realmsclient/dto/RealmsWorldOptions;
[23:09:25] [main/DEBUG]: Skipping Lcom/mojang/realmsclient/dto/RealmsText;
[23:09:25] [main/DEBUG]: Skipping Lcom/mojang/realmsclient/dto/RealmsServerPlayerLists;
[23:09:25] [main/DEBUG]: Skipping Lcom/mojang/realmsclient/dto/RealmsServerList;
[23:09:25] [main/DEBUG]: Skipping Lcom/mojang/realmsclient/dto/RealmsServerAddress;
[23:09:25] [main/DEBUG]: Skipping Lcom/mojang/realmsclient/dto/RealmsServer;
[23:09:25] [main/DEBUG]: Skipping Lcom/mojang/realmsclient/dto/RealmsServer$WorldType;
[23:09:25] [main/DEBUG]: Skipping Lcom/mojang/realmsclient/dto/RealmsServer$State;
[23:09:25] [main/DEBUG]: Skipping Lcom/mojang/realmsclient/dto/RealmsServer$McoServerComparator;
[23:09:25] [main/DEBUG]: Skipping Lcom/mojang/realmsclient/dto/RealmsServer$Compatibility;
[23:09:25] [main/DEBUG]: Skipping Lcom/mojang/realmsclient/dto/RealmsNotification;
[23:09:25] [main/DEBUG]: Skipping Lcom/mojang/realmsclient/dto/RealmsNotification$VisitUrl;
[23:09:25] [main/DEBUG]: Skipping Lcom/mojang/realmsclient/dto/RealmsNotification$UrlButton;
[23:09:25] [main/DEBUG]: Skipping Lcom/mojang/realmsclient/dto/RealmsNotification$InfoPopup;
[23:09:25] [main/DEBUG]: Skipping Lcom/mojang/realmsclient/dto/RealmsNews;
[23:09:25] [main/DEBUG]: Skipping Lcom/mojang/realmsclient/dto/RealmsDescriptionDto;
[23:09:25] [main/DEBUG]: Skipping Lcom/mojang/realmsclient/dto/PlayerInfo;
[23:09:25] [main/DEBUG]: Skipping Lcom/mojang/realmsclient/dto/PingResult;
[23:09:25] [main/DEBUG]: Skipping Lcom/mojang/realmsclient/dto/PendingInvitesList;
[23:09:25] [main/DEBUG]: Skipping Lcom/mojang/realmsclient/dto/PendingInvite;
[23:09:25] [main/DEBUG]: Skipping Lcom/mojang/realmsclient/dto/Ops;
[23:09:25] [main/DEBUG]: Skipping Lcom/mojang/realmsclient/dto/GuardedSerializer;
[23:09:25] [main/DEBUG]: Skipping Lcom/mojang/realmsclient/dto/BackupList;
[23:09:25] [main/DEBUG]: Skipping Lcom/mojang/realmsclient/dto/Backup;
[23:09:25] [main/DEBUG]: Skipping Lcom/mojang/realmsclient/client/package-info;
[23:09:25] [main/DEBUG]: Skipping Lcom/mojang/realmsclient/client/UploadStatus;
[23:09:25] [main/DEBUG]: Skipping Lcom/mojang/realmsclient/client/Request;
[23:09:25] [main/DEBUG]: Skipping Lcom/mojang/realmsclient/client/Request$Put;
[23:09:25] [main/DEBUG]: Skipping Lcom/mojang/realmsclient/client/Request$Post;
[23:09:25] [main/DEBUG]: Skipping Lcom/mojang/realmsclient/client/Request$Get;
[23:09:25] [main/DEBUG]: Skipping Lcom/mojang/realmsclient/client/Request$Delete;
[23:09:25] [main/DEBUG]: Skipping Lcom/mojang/realmsclient/client/RealmsError;
[23:09:25] [main/DEBUG]: Skipping Lcom/mojang/realmsclient/client/RealmsError$ErrorWithRawPayload;
[23:09:25] [main/DEBUG]: Skipping Lcom/mojang/realmsclient/client/RealmsError$ErrorWithJsonPayload;
[23:09:25] [main/DEBUG]: Skipping Lcom/mojang/realmsclient/client/RealmsError$CustomError;
[23:09:25] [main/DEBUG]: Skipping Lcom/mojang/realmsclient/client/RealmsError$AuthenticationError;
[23:09:25] [main/DEBUG]: Skipping Lcom/mojang/realmsclient/client/RealmsClientConfig;
[23:09:25] [main/DEBUG]: Skipping Lcom/mojang/realmsclient/client/RealmsClient;
[23:09:25] [main/DEBUG]: Skipping Lcom/mojang/realmsclient/client/RealmsClient$Environment;
[23:09:25] [main/DEBUG]: Skipping Lcom/mojang/realmsclient/client/RealmsClient$CompatibleVersionResponse;
[23:09:25] [main/DEBUG]: Skipping Lcom/mojang/realmsclient/client/Ping;
[23:09:25] [main/DEBUG]: Skipping Lcom/mojang/realmsclient/client/Ping$Region;
[23:09:25] [main/DEBUG]: Skipping Lcom/mojang/realmsclient/client/FileUpload;
[23:09:25] [main/DEBUG]: Skipping Lcom/mojang/realmsclient/client/FileUpload$CustomInputStreamEntity;
[23:09:25] [main/DEBUG]: Skipping Lcom/mojang/realmsclient/client/FileDownload;
[23:09:25] [main/DEBUG]: Skipping Lcom/mojang/realmsclient/client/FileDownload$ResourcePackProgressListener;
[23:09:25] [main/DEBUG]: Skipping Lcom/mojang/realmsclient/client/FileDownload$ProgressListener;
[23:09:25] [main/DEBUG]: Skipping Lcom/mojang/realmsclient/client/FileDownload$DownloadCountingOutputStream;
[23:09:25] [main/DEBUG]: Skipping Lcom/mojang/realmsclient/Unit;
[23:09:25] [main/DEBUG]: Skipping Lcom/mojang/realmsclient/RealmsMainScreen;
[23:09:25] [main/DEBUG]: Skipping Lcom/mojang/realmsclient/RealmsMainScreen$ServerEntry;
[23:09:25] [main/DEBUG]: Skipping Lcom/mojang/realmsclient/RealmsMainScreen$RealmsCall;
[23:09:25] [main/DEBUG]: Skipping Lcom/mojang/realmsclient/RealmsMainScreen$RealmSelectionList;
[23:09:25] [main/DEBUG]: Skipping Lcom/mojang/realmsclient/RealmsMainScreen$ParentEntry;
[23:09:25] [main/DEBUG]: Skipping Lcom/mojang/realmsclient/RealmsMainScreen$NotificationMessageEntry;
[23:09:25] [main/DEBUG]: Skipping Lcom/mojang/realmsclient/RealmsMainScreen$NotificationButton;
[23:09:25] [main/DEBUG]: Skipping Lcom/mojang/realmsclient/RealmsMainScreen$LayoutState;
[23:09:25] [main/DEBUG]: Skipping Lcom/mojang/realmsclient/RealmsMainScreen$Entry;
[23:09:25] [main/DEBUG]: Skipping Lcom/mojang/realmsclient/RealmsMainScreen$EmptyEntry;
[23:09:25] [main/DEBUG]: Skipping Lcom/mojang/realmsclient/RealmsMainScreen$CrossButton;
[23:09:25] [main/DEBUG]: Skipping Lcom/mojang/realmsclient/RealmsMainScreen$ButtonEntry;
[23:09:25] [main/DEBUG]: Skipping Lcom/mojang/realmsclient/RealmsMainScreen$AvailableSnapshotEntry;
[23:09:25] [main/DEBUG]: Skipping Lcom/mojang/realmsclient/RealmsMainScreen$2;
[23:09:25] [main/DEBUG]: Skipping Lcom/mojang/realmsclient/RealmsMainScreen$1;
[23:09:25] [main/DEBUG]: Skipping Lcom/mojang/realmsclient/RealmsAvailability;
[23:09:25] [main/DEBUG]: Skipping Lcom/mojang/realmsclient/RealmsAvailability$Type;
[23:09:25] [main/DEBUG]: Skipping Lcom/mojang/realmsclient/RealmsAvailability$Result;
[23:09:25] [main/DEBUG]: Skipping Lcom/mojang/math/package-info;
[23:09:25] [main/DEBUG]: Skipping Lcom/mojang/math/SymmetricGroup3;
[23:09:25] [main/DEBUG]: Skipping Lcom/mojang/math/OctahedralGroup;
[23:09:25] [main/DEBUG]: Skipping Lcom/mojang/math/OctahedralGroup$1;
[23:09:25] [main/DEBUG]: Skipping Lcom/mojang/math/MethodsReturnNonnullByDefault;
[23:09:25] [main/DEBUG]: Skipping Lcom/mojang/math/MatrixUtil;
[23:09:25] [main/DEBUG]: Skipping Lcom/mojang/math/GivensParameters;
[23:09:25] [main/DEBUG]: Skipping Lcom/mojang/math/FieldsAreNonnullByDefault;
[23:09:25] [main/DEBUG]: Skipping Lcom/mojang/math/Divisor;
[23:09:25] [main/DEBUG]: Skipping Lcom/mojang/math/Constants;
[23:09:25] [main/DEBUG]: Skipping Lcom/mojang/math/Axis;
[23:09:25] [main/DEBUG]: Skipping Lcom/mojang/math/Transformation;
[23:09:25] [main/DEBUG]: Skipping Lcom/mojang/blaze3d/vertex/package-info;
[23:09:25] [main/DEBUG]: Skipping Lcom/mojang/blaze3d/vertex/VertexSorting;
[23:09:25] [main/DEBUG]: Skipping Lcom/mojang/blaze3d/vertex/VertexSorting$DistanceFunction;
[23:09:25] [main/DEBUG]: Skipping Lcom/mojang/blaze3d/vertex/VertexMultiConsumer;
[23:09:25] [main/DEBUG]: Skipping Lcom/mojang/blaze3d/vertex/VertexMultiConsumer$Multiple;
[23:09:25] [main/DEBUG]: Skipping Lcom/mojang/blaze3d/vertex/VertexMultiConsumer$Double;
[23:09:25] [main/DEBUG]: Skipping Lcom/mojang/blaze3d/vertex/VertexFormatElement;
[23:09:25] [main/DEBUG]: Skipping Lcom/mojang/blaze3d/vertex/VertexFormatElement$Usage;
[23:09:25] [main/DEBUG]: Skipping Lcom/mojang/blaze3d/vertex/VertexFormatElement$Usage$SetupState;
[23:09:25] [main/DEBUG]: Skipping Lcom/mojang/blaze3d/vertex/VertexFormatElement$Type;
[23:09:25] [main/DEBUG]: Skipping Lcom/mojang/blaze3d/vertex/VertexBuffer;
[23:09:25] [main/DEBUG]: Skipping Lcom/mojang/blaze3d/vertex/VertexBuffer$Usage;
[23:09:25] [main/DEBUG]: Skipping Lcom/mojang/blaze3d/vertex/Tesselator;
[23:09:25] [main/DEBUG]: Skipping Lcom/mojang/blaze3d/vertex/MeshData;
[23:09:25] [main/DEBUG]: Skipping Lcom/mojang/blaze3d/vertex/MeshData$SortState;
[23:09:25] [main/DEBUG]: Skipping Lcom/mojang/blaze3d/vertex/MeshData$DrawState;
[23:09:25] [main/DEBUG]: Skipping Lcom/mojang/blaze3d/vertex/MeshData$1;
[23:09:25] [main/DEBUG]: Skipping Lcom/mojang/blaze3d/vertex/DefaultVertexFormat;
[23:09:25] [main/DEBUG]: Skipping Lcom/mojang/blaze3d/vertex/ByteBufferBuilder;
[23:09:25] [main/DEBUG]: Skipping Lcom/mojang/blaze3d/vertex/ByteBufferBuilder$Result;
[23:09:25] [main/DEBUG]: Skipping Lcom/mojang/blaze3d/vertex/BufferUploader;
[23:09:25] [main/DEBUG]: Skipping Lcom/mojang/blaze3d/vertex/BufferBuilder;
[23:09:25] [main/DEBUG]: Skipping Lcom/mojang/blaze3d/vertex/VertexFormat;
[23:09:25] [main/DEBUG]: Skipping Lcom/mojang/blaze3d/vertex/VertexFormat$Mode;
[23:09:25] [main/DEBUG]: Skipping Lcom/mojang/blaze3d/vertex/VertexFormat$IndexType;
[23:09:25] [main/DEBUG]: Skipping Lcom/mojang/blaze3d/vertex/VertexFormat$Builder;
[23:09:25] [main/DEBUG]: Skipping Lcom/mojang/blaze3d/vertex/VertexConsumer;
[23:09:25] [main/DEBUG]: Skipping Lcom/mojang/blaze3d/vertex/SheetedDecalTextureGenerator;
[23:09:25] [main/DEBUG]: Skipping Lcom/mojang/blaze3d/vertex/PoseStack;
[23:09:25] [main/DEBUG]: Skipping Lcom/mojang/blaze3d/vertex/PoseStack$Pose;
[23:09:25] [main/DEBUG]: Skipping Lcom/mojang/blaze3d/systems/package-info;
[23:09:25] [main/DEBUG]: Skipping Lcom/mojang/blaze3d/systems/TimerQuery;
[23:09:25] [main/DEBUG]: Skipping Lcom/mojang/blaze3d/systems/TimerQuery$TimerQueryLazyLoader;
[23:09:25] [main/DEBUG]: Skipping Lcom/mojang/blaze3d/systems/TimerQuery$FrameProfile;
[23:09:25] [main/DEBUG]: Skipping Lcom/mojang/blaze3d/systems/RenderSystem;
[23:09:25] [main/DEBUG]: Skipping Lcom/mojang/blaze3d/systems/RenderSystem$AutoStorageIndexBuffer;
[23:09:25] [main/DEBUG]: Skipping Lcom/mojang/blaze3d/systems/RenderSystem$AutoStorageIndexBuffer$IndexGenerator;
[23:09:25] [main/DEBUG]: Skipping Lcom/mojang/blaze3d/systems/RenderSystem$1;
[23:09:25] [main/DEBUG]: Skipping Lcom/mojang/blaze3d/shaders/package-info;
[23:09:25] [main/DEBUG]: Skipping Lcom/mojang/blaze3d/shaders/Uniform;
[23:09:25] [main/DEBUG]: Skipping Lcom/mojang/blaze3d/shaders/Shader;
[23:09:25] [main/DEBUG]: Skipping Lcom/mojang/blaze3d/shaders/ProgramManager;
[23:09:25] [main/DEBUG]: Skipping Lcom/mojang/blaze3d/shaders/Program;
[23:09:25] [main/DEBUG]: Skipping Lcom/mojang/blaze3d/shaders/Program$Type;
[23:09:25] [main/DEBUG]: Skipping Lcom/mojang/blaze3d/shaders/FogShape;
[23:09:25] [main/DEBUG]: Skipping Lcom/mojang/blaze3d/shaders/EffectProgram;
[23:09:25] [main/DEBUG]: Skipping Lcom/mojang/blaze3d/shaders/EffectProgram$1;
[23:09:25] [main/DEBUG]: Skipping Lcom/mojang/blaze3d/shaders/Effect;
[23:09:25] [main/DEBUG]: Skipping Lcom/mojang/blaze3d/shaders/BlendMode;
[23:09:25] [main/DEBUG]: Skipping Lcom/mojang/blaze3d/shaders/AbstractUniform;
[23:09:25] [main/DEBUG]: Skipping Lcom/mojang/blaze3d/preprocessor/package-info;
[23:09:25] [main/DEBUG]: Skipping Lcom/mojang/blaze3d/preprocessor/GlslPreprocessor;
[23:09:25] [main/DEBUG]: Skipping Lcom/mojang/blaze3d/preprocessor/GlslPreprocessor$Context;
[23:09:25] [main/DEBUG]: Skipping Lcom/mojang/blaze3d/platform/package-info;
[23:09:25] [main/DEBUG]: Skipping Lcom/mojang/blaze3d/platform/WindowEventHandler;
[23:09:25] [main/DEBUG]: Skipping Lcom/mojang/blaze3d/platform/VideoMode;
[23:09:25] [main/DEBUG]: Skipping Lcom/mojang/blaze3d/platform/TextureUtil;
[23:09:25] [main/DEBUG]: Skipping Lcom/mojang/blaze3d/platform/ScreenManager;
[23:09:25] [main/DEBUG]: Skipping Lcom/mojang/blaze3d/platform/NativeImage;
[23:09:25] [main/DEBUG]: Skipping Lcom/mojang/blaze3d/platform/NativeImage$WriteCallback;
[23:09:25] [main/DEBUG]: Skipping Lcom/mojang/blaze3d/platform/NativeImage$InternalGlFormat;
[23:09:25] [main/DEBUG]: Skipping Lcom/mojang/blaze3d/platform/NativeImage$Format;
[23:09:25] [main/DEBUG]: Skipping Lcom/mojang/blaze3d/platform/MonitorCreator;
[23:09:25] [main/DEBUG]: Skipping Lcom/mojang/blaze3d/platform/Monitor;
[23:09:25] [main/DEBUG]: Skipping Lcom/mojang/blaze3d/platform/MacosUtil;
[23:09:25] [main/DEBUG]: Skipping Lcom/mojang/blaze3d/platform/Lighting;
[23:09:25] [main/DEBUG]: Skipping Lcom/mojang/blaze3d/platform/InputConstants;
[23:09:25] [main/DEBUG]: Skipping Lcom/mojang/blaze3d/platform/InputConstants$Type;
[23:09:25] [main/DEBUG]: Skipping Lcom/mojang/blaze3d/platform/InputConstants$Key;
[23:09:25] [main/DEBUG]: Skipping Lcom/mojang/blaze3d/platform/IconSet;
[23:09:25] [main/DEBUG]: Skipping Lcom/mojang/blaze3d/platform/GlUtil;
[23:09:25] [main/DEBUG]: Skipping Lcom/mojang/blaze3d/platform/GlDebug;
[23:09:25] [main/DEBUG]: Skipping Lcom/mojang/blaze3d/platform/GlDebug$LogEntry;
[23:09:25] [main/DEBUG]: Skipping Lcom/mojang/blaze3d/platform/GlConst;
[23:09:25] [main/DEBUG]: Skipping Lcom/mojang/blaze3d/platform/GLX;
[23:09:25] [main/DEBUG]: Skipping Lcom/mojang/blaze3d/platform/DisplayData;
[23:09:25] [main/DEBUG]: Skipping Lcom/mojang/blaze3d/platform/DebugMemoryUntracker;
[23:09:25] [main/DEBUG]: Skipping Lcom/mojang/blaze3d/platform/ClipboardManager;
[23:09:25] [main/DEBUG]: Skipping Lcom/mojang/blaze3d/platform/Window;
[23:09:25] [main/DEBUG]: Skipping Lcom/mojang/blaze3d/platform/Window$WindowInitFailed;
[23:09:25] [main/DEBUG]: Skipping Lcom/mojang/blaze3d/platform/GlStateManager;
[23:09:25] [main/DEBUG]: Skipping Lcom/mojang/blaze3d/platform/GlStateManager$Viewport;
[23:09:25] [main/DEBUG]: Skipping Lcom/mojang/blaze3d/platform/GlStateManager$TextureState;
[23:09:25] [main/DEBUG]: Skipping Lcom/mojang/blaze3d/platform/GlStateManager$StencilState;
[23:09:25] [main/DEBUG]: Skipping Lcom/mojang/blaze3d/platform/GlStateManager$StencilFunc;
[23:09:25] [main/DEBUG]: Skipping Lcom/mojang/blaze3d/platform/GlStateManager$SourceFactor;
[23:09:25] [main/DEBUG]: Skipping Lcom/mojang/blaze3d/platform/GlStateManager$ScissorState;
[23:09:25] [main/DEBUG]: Skipping Lcom/mojang/blaze3d/platform/GlStateManager$PolygonOffsetState;
[23:09:25] [main/DEBUG]: Skipping Lcom/mojang/blaze3d/platform/GlStateManager$LogicOp;
[23:09:25] [main/DEBUG]: Skipping Lcom/mojang/blaze3d/platform/GlStateManager$DestFactor;
[23:09:25] [main/DEBUG]: Skipping Lcom/mojang/blaze3d/platform/GlStateManager$DepthState;
[23:09:25] [main/DEBUG]: Skipping Lcom/mojang/blaze3d/platform/GlStateManager$CullState;
[23:09:25] [main/DEBUG]: Skipping Lcom/mojang/blaze3d/platform/GlStateManager$ColorMask;
[23:09:25] [main/DEBUG]: Skipping Lcom/mojang/blaze3d/platform/GlStateManager$ColorLogicState;
[23:09:25] [main/DEBUG]: Skipping Lcom/mojang/blaze3d/platform/GlStateManager$BooleanState;
[23:09:25] [main/DEBUG]: Skipping Lcom/mojang/blaze3d/platform/GlStateManager$BlendState;
[23:09:25] [main/DEBUG]: Skipping Lcom/mojang/blaze3d/pipeline/package-info;
[23:09:25] [main/DEBUG]: Skipping Lcom/mojang/blaze3d/pipeline/TextureTarget;
[23:09:25] [main/DEBUG]: Skipping Lcom/mojang/blaze3d/pipeline/RenderPipeline;
[23:09:25] [main/DEBUG]: Skipping Lcom/mojang/blaze3d/pipeline/RenderCall;
[23:09:25] [main/DEBUG]: Skipping Lcom/mojang/blaze3d/pipeline/MainTarget;
[23:09:25] [main/DEBUG]: Skipping Lcom/mojang/blaze3d/pipeline/MainTarget$Dimension;
[23:09:25] [main/DEBUG]: Skipping Lcom/mojang/blaze3d/pipeline/MainTarget$AttachmentState;
[23:09:25] [main/DEBUG]: Skipping Lcom/mojang/blaze3d/pipeline/RenderTarget;
[23:09:25] [main/DEBUG]: Skipping Lcom/mojang/blaze3d/package-info;
[23:09:25] [main/DEBUG]: Skipping Lcom/mojang/blaze3d/font/package-info;
[23:09:25] [main/DEBUG]: Skipping Lcom/mojang/blaze3d/font/TrueTypeGlyphProvider;
[23:09:25] [main/DEBUG]: Skipping Lcom/mojang/blaze3d/font/TrueTypeGlyphProvider$Glyph;
[23:09:25] [main/DEBUG]: Skipping Lcom/mojang/blaze3d/font/TrueTypeGlyphProvider$Glyph$1;
[23:09:25] [main/DEBUG]: Skipping Lcom/mojang/blaze3d/font/SpaceProvider;
[23:09:25] [main/DEBUG]: Skipping Lcom/mojang/blaze3d/font/SpaceProvider$Definition;
[23:09:25] [main/DEBUG]: Skipping Lcom/mojang/blaze3d/font/SheetGlyphInfo;
[23:09:25] [main/DEBUG]: Skipping Lcom/mojang/blaze3d/font/GlyphProvider;
[23:09:25] [main/DEBUG]: Skipping Lcom/mojang/blaze3d/font/GlyphProvider$Conditional;
[23:09:25] [main/DEBUG]: Skipping Lcom/mojang/blaze3d/font/GlyphInfo;
[23:09:25] [main/DEBUG]: Skipping Lcom/mojang/blaze3d/font/GlyphInfo$SpaceGlyphInfo;
[23:09:25] [main/DEBUG]: Skipping Lcom/mojang/blaze3d/audio/package-info;
[23:09:25] [main/DEBUG]: Skipping Lcom/mojang/blaze3d/audio/SoundBuffer;
[23:09:25] [main/DEBUG]: Skipping Lcom/mojang/blaze3d/audio/OpenAlUtil;
[23:09:25] [main/DEBUG]: Skipping Lcom/mojang/blaze3d/audio/ListenerTransform;
[23:09:25] [main/DEBUG]: Skipping Lcom/mojang/blaze3d/audio/Listener;
[23:09:25] [main/DEBUG]: Skipping Lcom/mojang/blaze3d/audio/Library;
[23:09:25] [main/DEBUG]: Skipping Lcom/mojang/blaze3d/audio/Library$Pool;
[23:09:25] [main/DEBUG]: Skipping Lcom/mojang/blaze3d/audio/Library$CountingChannelPool;
[23:09:25] [main/DEBUG]: Skipping Lcom/mojang/blaze3d/audio/Library$ChannelPool;
[23:09:25] [main/DEBUG]: Skipping Lcom/mojang/blaze3d/audio/Library$1;
[23:09:25] [main/DEBUG]: Skipping Lcom/mojang/blaze3d/audio/Channel;
[23:09:25] [main/DEBUG]: Skipping Lcom/mojang/blaze3d/MethodsReturnNonnullByDefault;
[23:09:25] [main/DEBUG]: Skipping Lcom/mojang/blaze3d/FieldsAreNonnullByDefault;
[23:09:25] [main/DEBUG]: Skipping Lcom/mojang/blaze3d/DontObfuscate;
[23:09:25] [main/DEBUG]: Skipping Lcom/mojang/blaze3d/Blaze3D;
[23:09:25] [main/INFO]: JAR transformation complete C:\Users\Vinayak\.gradle\caches\forge_gradle\minecraft_user_repo\net\minecraftforge\forge\1.21.1-52.1.14_mapped_official_1.21.1\forge-1.21.1-52.1.14_mapped_official_1.21.1.jar
